{"timestamp": "2026-05-18T09:38:24.779146", "level": "INFO", "logger": "NameTag.Backend", "message": "🚀 Initializing FastAPI backend..."}
{"timestamp": "2026-05-18T09:38:24.790082", "level": "INFO", "logger": "NameTag.Backend", "message": "✅ FastAPI backend starting..."}
{"timestamp": "2026-05-18T09:39:30.226141", "level": "INFO", "logger": "NameTag.Backend", "message": "👋 FastAPI backend shutting down..."}
{"timestamp": "2026-05-18T09:39:32.081482", "level": "INFO", "logger": "NameTag.Backend", "message": "🚀 Initializing FastAPI backend..."}
{"timestamp": "2026-05-18T09:39:32.090937", "level": "INFO", "logger": "NameTag.Backend", "message": "✅ FastAPI backend starting..."}
{"timestamp": "2026-05-18T09:40:37.462832", "level": "INFO", "logger": "NameTag.BrandGenerator", "message": "🚀 Starting brand identity generation (session: 68e684a7-1931-4e6a-95ac-d5def0f522d1)"}
{"timestamp": "2026-05-18T09:40:48.809903", "level": "DEBUG", "logger": "NameTag.BrandGenerator", "message": "AI Raw Response: {\n  \"brands\": [\n    {\n      \"name\": \"모먼트 숲 (Moment Forest)\",\n      \"meaning\": \"일상의 작은 순간(Moment)들이 모여 울창한 숲(Forest)처럼 풍성한 휴식을 이룬다는 의미입니다.\",\n      \"story\": \"바쁜 직장 생활 속에서도 나만의 작은 숲을 가꿀 수 있도록 따뜻한 소품을 큐레이션합니다. 당신의 방 한 구석, 자연의 숨결을 닮은 물건들이 일상의 온도를 1도 더 높여줄 거예요.\",\n      \"slogan\": \"매일의 틈 사이, 나만의 작은 숲을 발견하다\""}
{"timestamp": "2026-05-18T09:40:48.812075", "level": "DEBUG", "logger": "NameTag.Tracker", "message": "Variable set: BRAND_NAME", "variables": {"BRAND_NAME": "모먼트 숲 (Moment Forest)"}, "session_id": "68e684a7-1931-4e6a-95ac-d5def0f522d1"}
{"timestamp": "2026-05-18T09:40:48.813396", "level": "DEBUG", "logger": "NameTag.Tracker", "message": "Variable set: BRAND_SLOGAN", "variables": {"BRAND_SLOGAN": "매일의 틈 사이, 나만의 작은 숲을 발견하다"}, "session_id": "68e684a7-1931-4e6a-95ac-d5def0f522d1"}
{"timestamp": "2026-05-18T09:40:48.813582", "level": "INFO", "logger": "NameTag.BrandGenerator", "message": "✅ Brand identity generated successfully"}
{"timestamp": "2026-05-18T09:42:40.538844", "level": "INFO", "logger": "NameTag.Backend", "message": "👋 FastAPI backend shutting down..."}
{"timestamp": "2026-05-18T09:42:41.615064", "level": "INFO", "logger": "NameTag.Backend", "message": "🚀 Initializing FastAPI backend..."}
{"timestamp": "2026-05-18T09:42:41.625434", "level": "INFO", "logger": "NameTag.Backend", "message": "✅ FastAPI backend starting..."}
{"timestamp": "2026-05-18T09:42:51.847890", "level": "INFO", "logger": "NameTag.Backend", "message": "👋 FastAPI backend shutting down..."}
{"timestamp": "2026-05-18T09:42:52.832966", "level": "INFO", "logger": "NameTag.Backend", "message": "🚀 Initializing FastAPI backend..."}
{"timestamp": "2026-05-18T09:42:52.842129", "level": "INFO", "logger": "NameTag.Backend", "message": "✅ FastAPI backend starting..."}
{"timestamp": "2026-05-18T09:46:03.904251", "level": "INFO", "logger": "NameTag.Backend", "message": "👋 FastAPI backend shutting down..."}
{"timestamp": "2026-05-18T09:46:05.936311", "level": "INFO", "logger": "NameTag.Backend", "message": "🚀 Initializing FastAPI backend..."}
{"timestamp": "2026-05-18T09:46:05.945824", "level": "INFO", "logger": "NameTag.Backend", "message": "✅ FastAPI backend starting..."}
{"timestamp": "2026-05-18T09:46:31.158753", "level": "INFO", "logger": "NameTag.BrandGenerator", "message": "🚀 Starting brand identity generation (session: 2a9d7c7e-653e-4dee-bc34-ae91c503030f)"}
{"timestamp": "2026-05-18T09:46:42.835679", "level": "DEBUG", "logger": "NameTag.BrandGenerator", "message": "AI Raw Response: {\n  \"brands\": [\n    {\n      \"name\": \"온연 (Onyeon)\",\n      \"meaning\": \"따뜻할 온(溫)과 그러할 연(然)의 조합으로, 사물 본연의 따뜻함을 큐레이션한다는 의미를 담고 있습니다.\",\n      \"story\": \"지친 퇴근길, 문을 열었을 때 나를 반겨주는 건 정갈하게 놓인 작은 소품들입니다. 자연의 온기를 닮은 물건들로 당신의 공간에 평온한 쉼표와 다정한 위로를 건넵니다.\",\n      \"slogan\": \"당신의 공간에 스며드는 따스한 숨결\"\n    },\n    {\n      \"na"}
{"timestamp": "2026-05-18T09:46:42.837613", "level": "DEBUG", "logger": "NameTag.Tracker", "message": "Variable set: BRAND_NAME", "variables": {"BRAND_NAME": "온연 (Onyeon)"}, "session_id": "2a9d7c7e-653e-4dee-bc34-ae91c503030f"}
{"timestamp": "2026-05-18T09:46:42.839000", "level": "DEBUG", "logger": "NameTag.Tracker", "message": "Variable set: BRAND_SLOGAN", "variables": {"BRAND_SLOGAN": "당신의 공간에 스며드는 따스한 숨결"}, "session_id": "2a9d7c7e-653e-4dee-bc34-ae91c503030f"}
{"timestamp": "2026-05-18T09:46:42.839190", "level": "INFO", "logger": "NameTag.BrandGenerator", "message": "✅ Brand identity generated successfully"}
{"timestamp": "2026-05-18T09:47:45.264644", "level": "INFO", "logger": "NameTag.Backend", "message": "👋 FastAPI backend shutting down..."}
{"timestamp": "2026-05-18T09:47:46.557417", "level": "INFO", "logger": "NameTag.Backend", "message": "🚀 Initializing FastAPI backend..."}
{"timestamp": "2026-05-18T09:47:46.566735", "level": "INFO", "logger": "NameTag.Backend", "message": "✅ FastAPI backend starting..."}
{"timestamp": "2026-05-18T09:48:07.613005", "level": "INFO", "logger": "NameTag.Backend", "message": "👋 FastAPI backend shutting down..."}
{"timestamp": "2026-05-18T09:48:08.654233", "level": "INFO", "logger": "NameTag.Backend", "message": "🚀 Initializing FastAPI backend..."}
{"timestamp": "2026-05-18T09:48:08.663650", "level": "INFO", "logger": "NameTag.Backend", "message": "✅ FastAPI backend starting..."}
{"timestamp": "2026-05-18T09:48:37.321605", "level": "INFO", "logger": "NameTag.Backend", "message": "👋 FastAPI backend shutting down..."}
{"timestamp": "2026-05-18T09:48:39.247737", "level": "INFO", "logger": "NameTag.Backend", "message": "🚀 Initializing FastAPI backend..."}
{"timestamp": "2026-05-18T09:48:39.257388", "level": "INFO", "logger": "NameTag.Backend", "message": "✅ FastAPI backend starting..."}
{"timestamp": "2026-05-18T09:49:04.316995", "level": "INFO", "logger": "NameTag.BrandGenerator", "message": "🚀 Starting brand identity generation (session: bacb017b-eded-4032-af5d-cae0a7e980e5)"}
{"timestamp": "2026-05-18T09:49:14.655852", "level": "DEBUG", "logger": "NameTag.BrandGenerator", "message": "AI Raw Response: {\n  \"brands\": [\n    {\n      \"name\": \"온온 (ONON)\",\n      \"meaning\": \"따뜻할 온(溫)과 계속되는 상태(ON)의 결합으로, 일상의 따스함이 끊이지 않기를 바라는 마음을 담았습니다.\",\n      \"story\": \"반복되는 직장 생활 속에서 나를 위로하는 것은 결국 내 방 안의 작은 물건들입니다. 온온은 당신의 지친 하루 끝에 가장 먼저 반겨주는 온기 있는 소품들을 큐레이션합니다.\",\n      \"slogan\": \"당신의 일상에 머무는 따스한 발견\"\n    },\n    {\n      \""}
{"timestamp": "2026-05-18T09:49:14.657481", "level": "DEBUG", "logger": "NameTag.Tracker", "message": "Variable set: BRAND_NAME", "variables": {"BRAND_NAME": "온온 (ONON)"}, "session_id": "bacb017b-eded-4032-af5d-cae0a7e980e5"}
{"timestamp": "2026-05-18T09:49:14.658852", "level": "DEBUG", "logger": "NameTag.Tracker", "message": "Variable set: BRAND_SLOGAN", "variables": {"BRAND_SLOGAN": "당신의 일상에 머무는 따스한 발견"}, "session_id": "bacb017b-eded-4032-af5d-cae0a7e980e5"}
{"timestamp": "2026-05-18T09:49:14.659012", "level": "INFO", "logger": "NameTag.BrandGenerator", "message": "✅ Brand identity generated successfully"}
{"timestamp": "2026-05-18T09:54:38.624326", "level": "INFO", "logger": "NameTag.Backend", "message": "👋 FastAPI backend shutting down..."}
{"timestamp": "2026-05-18T09:55:01.895091", "level": "INFO", "logger": "NameTag.Backend", "message": "🚀 Initializing FastAPI backend..."}
{"timestamp": "2026-05-18T09:55:01.904466", "level": "INFO", "logger": "NameTag.Backend", "message": "✅ FastAPI backend starting..."}
{"timestamp": "2026-05-18T09:55:23.798671", "level": "INFO", "logger": "NameTag.BrandGenerator", "message": "🚀 Starting brand identity generation (session: 36e0fe13-decc-4812-b726-a8db586ef4e3)"}
{"timestamp": "2026-05-18T09:55:32.769031", "level": "DEBUG", "logger": "NameTag.BrandGenerator", "message": "AI Raw Response: {\n  \"brands\": [\n    {\n      \"name\": \"오붓(O-but)\",\n      \"meaning\": \"순우리말 '오붓하다'에서 유래하여, 홀가분하면서도 마음이 따뜻하고 넉넉한 상태를 의미합니다.\",\n      \"story\": \"바쁜 업무를 마치고 돌아온 나만의 온전한 공간에서 작은 소품 하나가 주는 위로를 전합니다. 자연을 닮은 소재와 다정한 위트가 담긴 물건들로 당신의 일상을 오붓하게 채워줍니다.\",\n      \"slogan\": \"나만의 온전한 방, 오붓하게 채우는 일상\"\n    },\n    {\n      \"na"}
{"timestamp": "2026-05-18T09:55:32.770862", "level": "DEBUG", "logger": "NameTag.Tracker", "message": "Variable set: BRAND_NAME", "variables": {"BRAND_NAME": "오붓(O-but)"}, "session_id": "36e0fe13-decc-4812-b726-a8db586ef4e3"}
{"timestamp": "2026-05-18T09:55:32.772201", "level": "DEBUG", "logger": "NameTag.Tracker", "message": "Variable set: BRAND_SLOGAN", "variables": {"BRAND_SLOGAN": "나만의 온전한 방, 오붓하게 채우는 일상"}, "session_id": "36e0fe13-decc-4812-b726-a8db586ef4e3"}
{"timestamp": "2026-05-18T09:55:32.772379", "level": "INFO", "logger": "NameTag.BrandGenerator", "message": "✅ Brand identity generated successfully"}
{"timestamp": "2026-05-18T09:58:46.873861", "level": "INFO", "logger": "NameTag.Backend", "message": "👋 FastAPI backend shutting down..."}
{"timestamp": "2026-05-18T09:58:48.191419", "level": "INFO", "logger": "NameTag.Backend", "message": "🚀 Initializing FastAPI backend..."}
{"timestamp": "2026-05-18T09:58:48.201462", "level": "INFO", "logger": "NameTag.Backend", "message": "✅ FastAPI backend starting..."}
{"timestamp": "2026-05-18T09:58:58.826614", "level": "INFO", "logger": "NameTag.Backend", "message": "👋 FastAPI backend shutting down..."}
{"timestamp": "2026-05-18T09:58:59.952692", "level": "INFO", "logger": "NameTag.Backend", "message": "🚀 Initializing FastAPI backend..."}
{"timestamp": "2026-05-18T09:58:59.964955", "level": "INFO", "logger": "NameTag.Backend", "message": "✅ FastAPI backend starting..."}
{"timestamp": "2026-05-18T10:00:30.351317", "level": "INFO", "logger": "NameTag.Backend", "message": "👋 FastAPI backend shutting down..."}
{"timestamp": "2026-05-18T10:00:45.251409", "level": "INFO", "logger": "NameTag.Backend", "message": "🚀 Initializing FastAPI backend..."}
{"timestamp": "2026-05-18T10:00:45.261422", "level": "INFO", "logger": "NameTag.Backend", "message": "✅ FastAPI backend starting..."}
{"timestamp": "2026-05-18T10:01:00.427441", "level": "INFO", "logger": "NameTag.BrandGenerator", "message": "🚀 Starting brand identity generation (session: 81737253-bbc2-48b5-86f3-e76f585481fb)"}
{"timestamp": "2026-05-18T10:01:14.652101", "level": "DEBUG", "logger": "NameTag.BrandGenerator", "message": "AI Raw Response: {\n  \"brands\": [\n    {\n      \"name\": \"숨은온 (Sum-un On)\",\n      \"meaning\": \"찾을 '숨', 은은할 '은', 따뜻할 '온'의 조합으로 일상 속에 숨겨진 은은한 온기를 발견한다는 뜻입니다.\",\n      \"story\": \"바쁜 업무를 마치고 돌아온 저녁, 당신의 공간을 채우는 작은 소품 하나가 주는 위로에 주목합니다. 평범한 일상 속에서 미처 발견하지 못했던 나만의 취향과 따뜻함을 찾아내어 당신의 일상을 더욱 풍요롭게 만듭니다.\",\n      \"slogan\": \"일상의 틈에서 발견한"}
{"timestamp": "2026-05-18T10:01:14.653915", "level": "DEBUG", "logger": "NameTag.Tracker", "message": "Variable set: BRAND_NAME", "variables": {"BRAND_NAME": "숨은온 (Sum-un On)"}, "session_id": "81737253-bbc2-48b5-86f3-e76f585481fb"}
{"timestamp": "2026-05-18T10:01:14.655275", "level": "DEBUG", "logger": "NameTag.Tracker", "message": "Variable set: BRAND_SLOGAN", "variables": {"BRAND_SLOGAN": "일상의 틈에서 발견한 은은한 온기"}, "session_id": "81737253-bbc2-48b5-86f3-e76f585481fb"}
{"timestamp": "2026-05-18T10:01:14.655444", "level": "INFO", "logger": "NameTag.BrandGenerator", "message": "✅ Brand identity generated successfully"}
{"timestamp": "2026-05-18T10:01:52.432594", "level": "INFO", "logger": "NameTag.Backend", "message": "👋 FastAPI backend shutting down..."}
{"timestamp": "2026-05-18T10:02:07.041857", "level": "INFO", "logger": "NameTag.Backend", "message": "🚀 Initializing FastAPI backend..."}
{"timestamp": "2026-05-18T10:02:07.050833", "level": "INFO", "logger": "NameTag.Backend", "message": "✅ FastAPI backend starting..."}
{"timestamp": "2026-05-18T10:02:23.094605", "level": "INFO", "logger": "NameTag.BrandGenerator", "message": "🚀 Starting brand identity generation (session: 2dd4f78b-5693-4772-b1fb-003843d3165e)"}
{"timestamp": "2026-05-18T10:02:33.565351", "level": "DEBUG", "logger": "NameTag.BrandGenerator", "message": "AI Raw Response: {\n  \"brands\": [\n    {\n      \"name\": \"소소풀 (Sosopool)\",\n      \"meaning\": \"작은(小) 풀잎들이 모여 숲을 이루듯, 일상의 작은 소품들로 나만의 아늑한 공간을 채운다는 의미입니다.\",\n      \"story\": \"바쁜 하루 끝, 당신을 맞이하는 건 작은 초록빛 위로입니다. 소소하지만 확실한 온기를 전하는 물건들이 모여 당신의 방을 가장 편안한 숲으로 만듭니다.\",\n      \"slogan\": \"일상에 심는 작은 초록빛 온기\"\n    },\n    {\n      \"name\": \"엉뚱한"}
{"timestamp": "2026-05-18T10:02:33.567187", "level": "DEBUG", "logger": "NameTag.Tracker", "message": "Variable set: BRAND_NAME", "variables": {"BRAND_NAME": "소소풀 (Sosopool)"}, "session_id": "2dd4f78b-5693-4772-b1fb-003843d3165e"}
{"timestamp": "2026-05-18T10:02:33.568500", "level": "DEBUG", "logger": "NameTag.Tracker", "message": "Variable set: BRAND_SLOGAN", "variables": {"BRAND_SLOGAN": "일상에 심는 작은 초록빛 온기"}, "session_id": "2dd4f78b-5693-4772-b1fb-003843d3165e"}
{"timestamp": "2026-05-18T10:02:33.568678", "level": "INFO", "logger": "NameTag.BrandGenerator", "message": "✅ Brand identity generated successfully"}
{"timestamp": "2026-05-18T10:03:25.776368", "level": "INFO", "logger": "NameTag.Backend", "message": "👋 FastAPI backend shutting down..."}
{"timestamp": "2026-05-18T10:03:39.462930", "level": "INFO", "logger": "NameTag.Backend", "message": "🚀 Initializing FastAPI backend..."}
{"timestamp": "2026-05-18T10:03:39.472617", "level": "INFO", "logger": "NameTag.Backend", "message": "✅ FastAPI backend starting..."}
{"timestamp": "2026-05-18T10:03:52.912846", "level": "INFO", "logger": "NameTag.BrandGenerator", "message": "🚀 Starting brand identity generation (session: b5010096-bbc6-4d59-9093-a78b60da6985)"}
{"timestamp": "2026-05-18T10:04:05.502195", "level": "DEBUG", "logger": "NameTag.BrandGenerator", "message": "AI Raw Response: {\n  \"brands\": [\n    {\n      \"name\": \"소담히(Sodamhi)\",\n      \"meaning\": \"음식이 풍성하고 먹음직스럽다는 '소담하다'에 따뜻한 안녕(Hi)을 더한 이름입니다.\",\n      \"story\": \"반복되는 직장 생활 속에서 나만의 공간만큼은 풍요롭길 바라는 마음을 담았습니다. 작지만 확실한 온기를 전하는 소품들을 통해 당신의 일상에 기분 좋은 발견을 선물합니다.\",\n      \"slogan\": \"당신의 방에 심는 작은 온기\"\n    },\n    {\n      \"name\": \"키득숲(Kid"}
{"timestamp": "2026-05-18T10:04:05.503820", "level": "DEBUG", "logger": "NameTag.Tracker", "message": "Variable set: BRAND_NAME", "variables": {"BRAND_NAME": "소담히(Sodamhi)"}, "session_id": "b5010096-bbc6-4d59-9093-a78b60da6985"}
{"timestamp": "2026-05-18T10:04:05.505234", "level": "DEBUG", "logger": "NameTag.Tracker", "message": "Variable set: BRAND_SLOGAN", "variables": {"BRAND_SLOGAN": "당신의 방에 심는 작은 온기"}, "session_id": "b5010096-bbc6-4d59-9093-a78b60da6985"}
{"timestamp": "2026-05-18T10:04:05.505430", "level": "INFO", "logger": "NameTag.BrandGenerator", "message": "✅ Brand identity generated successfully"}
{"timestamp": "2026-05-18T10:10:01.424562", "level": "INFO", "logger": "NameTag.Backend", "message": "👋 FastAPI backend shutting down..."}
{"timestamp": "2026-05-18T10:10:03.523789", "level": "INFO", "logger": "NameTag.Backend", "message": "🚀 Initializing FastAPI backend..."}
{"timestamp": "2026-05-18T10:10:03.532592", "level": "INFO", "logger": "NameTag.Backend", "message": "✅ FastAPI backend starting..."}
{"timestamp": "2026-05-18T10:10:31.089645", "level": "INFO", "logger": "NameTag.Backend", "message": "👋 FastAPI backend shutting down..."}
{"timestamp": "2026-05-18T10:11:17.185758", "level": "INFO", "logger": "NameTag.Backend", "message": "🚀 Initializing FastAPI backend..."}
{"timestamp": "2026-05-18T10:11:17.194342", "level": "INFO", "logger": "NameTag.Backend", "message": "✅ FastAPI backend starting..."}
{"timestamp": "2026-05-18T10:18:49.973847", "level": "INFO", "logger": "NameTag.Backend", "message": "👋 FastAPI backend shutting down..."}
{"timestamp": "2026-05-18T10:19:06.933595", "level": "INFO", "logger": "NameTag.Backend", "message": "🚀 Initializing FastAPI backend..."}
{"timestamp": "2026-05-18T10:19:06.943077", "level": "INFO", "logger": "NameTag.Backend", "message": "✅ FastAPI backend starting..."}
{"timestamp": "2026-05-18T10:19:27.513546", "level": "INFO", "logger": "NameTag.BrandGenerator", "message": "🚀 Starting brand identity generation (session: 2ed430e5-bca9-4446-8b69-31acc7473a6f)"}
{"timestamp": "2026-05-18T10:19:43.515322", "level": "INFO", "logger": "NameTag.BrandGenerator", "message": "✅ Response saved:"}
{"timestamp": "2026-05-18T10:19:43.515561", "level": "INFO", "logger": "NameTag.BrandGenerator", "message": "   📄 TXT: /logs/ai_responses/brand_identity_20260518_101943_2ed430e5.txt"}
{"timestamp": "2026-05-18T10:19:43.515793", "level": "INFO", "logger": "NameTag.BrandGenerator", "message": "   📋 JSON: /logs/ai_responses/brand_identity_20260518_101943_2ed430e5.json"}
{"timestamp": "2026-05-18T10:19:43.516027", "level": "INFO", "logger": "NameTag.BrandGenerator", "message": "===================================================================================================="}
{"timestamp": "2026-05-18T10:19:43.516248", "level": "INFO", "logger": "NameTag.BrandGenerator", "message": "📨 AI FULL RESPONSE (AI 전체 응답)"}
{"timestamp": "2026-05-18T10:19:43.516460", "level": "INFO", "logger": "NameTag.BrandGenerator", "message": "===================================================================================================="}
{"timestamp": "2026-05-18T10:19:43.516769", "level": "INFO", "logger": "NameTag.BrandGenerator", "message": "{"}
{"timestamp": "2026-05-18T10:19:43.516957", "level": "INFO", "logger": "NameTag.BrandGenerator", "message": "  \"brands\": ["}
{"timestamp": "2026-05-18T10:19:43.517193", "level": "INFO", "logger": "NameTag.BrandGenerator", "message": "    {"}
{"timestamp": "2026-05-18T10:19:43.517425", "level": "INFO", "logger": "NameTag.BrandGenerator", "message": "      \"name\": \"온휴 (ON:HUE)\","}
{"timestamp": "2026-05-18T10:19:43.517640", "level": "INFO", "logger": "NameTag.BrandGenerator", "message": "      \"meaning\": \"따뜻할 온(溫)과 쉴 휴(休)를 결합하여, 공간에 온기를 채우는 휴식을 의미합니다.\","}
{"timestamp": "2026-05-18T10:19:43.517864", "level": "INFO", "logger": "NameTag.BrandGenerator", "message": "      \"story\": \"바쁜 직장 생활 끝에 돌아온 나만의 방, 그곳에서 만나는 다정한 소품들이 당신의 지친 마음을 안아줍니다. 일상 속에서 잊고 지냈던 나만의 온도를 다시 발견하는 시간을 선사합니다.\","}
{"timestamp": "2026-05-18T10:19:43.518085", "level": "INFO", "logger": "NameTag.BrandGenerator", "message": "      \"slogan\": \"당신의 빈칸을 채우는 따스한 쉼표\""}
{"timestamp": "2026-05-18T10:19:43.518355", "level": "INFO", "logger": "NameTag.BrandGenerator", "message": "    },"}
{"timestamp": "2026-05-18T10:19:43.518560", "level": "INFO", "logger": "NameTag.BrandGenerator", "message": "    {"}
{"timestamp": "2026-05-18T10:19:43.518763", "level": "INFO", "logger": "NameTag.BrandGenerator", "message": "      \"name\": \"숲속의 농담 (Green Joke)\","}
{"timestamp": "2026-05-18T10:19:43.518988", "level": "INFO", "logger": "NameTag.BrandGenerator", "message": "      \"meaning\": \"자연친화적인 무드 속에 위트 있는 디자인을 담아낸다는 의미를 가집니다.\","}
{"timestamp": "2026-05-18T10:19:43.519223", "level": "INFO", "logger": "NameTag.BrandGenerator", "message": "      \"story\": \"딱딱한 사무실 책상 위에서도 작은 숲을 느낄 수 있도록, 유머러스하면서도 자연스러운 감각의 아이템을 큐레이션합니다. 평범한 일상에 기분 좋은 웃음과 싱그러움을 더해보세요.\","}
{"timestamp": "2026-05-18T10:19:43.519448", "level": "INFO", "logger": "NameTag.BrandGenerator", "message": "      \"slogan\": \"매일의 숲에서 발견한 유쾌한 조각들\""}
{"timestamp": "2026-05-18T10:19:43.519671", "level": "INFO", "logger": "NameTag.BrandGenerator", "message": "    },"}
{"timestamp": "2026-05-18T10:19:43.519893", "level": "INFO", "logger": "NameTag.BrandGenerator", "message": "    {"}
{"timestamp": "2026-05-18T10:19:43.520113", "level": "INFO", "logger": "NameTag.BrandGenerator", "message": "      \"name\": \"소사소사 (SOSA SOSA)\","}
{"timestamp": "2026-05-18T10:19:43.520340", "level": "INFO", "logger": "NameTag.BrandGenerator", "message": "      \"meaning\": \"'소소하고 근사한'의 줄임말이자, 발견의 감탄사인 '맙소사'에서 영감을 얻은 이름입니다.\","}
{"timestamp": "2026-05-18T10:19:43.520534", "level": "INFO", "logger": "NameTag.BrandGenerator", "message": "      \"story\": \"멀리 가지 않아도 내 방 안에서 충분히 트렌디한 감성을 누릴 수 있도록 돕습니다. 소소하지만 확실한 취향이 담긴 물건들로 일상의 즐거움을 새롭게 발견하는 즐거움을 드립니다.\","}
{"timestamp": "2026-05-18T10:19:43.520776", "level": "INFO", "logger": "NameTag.BrandGenerator", "message": "      \"slogan\": \"발견하는 즐거움, 소소하고 근사하게\""}
{"timestamp": "2026-05-18T10:19:43.520977", "level": "INFO", "logger": "NameTag.BrandGenerator", "message": "    }"}
{"timestamp": "2026-05-18T10:19:43.521190", "level": "INFO", "logger": "NameTag.BrandGenerator", "message": "  ],"}
{"timestamp": "2026-05-18T10:19:43.521386", "level": "INFO", "logger": "NameTag.BrandGenerator", "message": "  \"typography\": {"}
{"timestamp": "2026-05-18T10:19:43.521627", "level": "INFO", "logger": "NameTag.BrandGenerator", "message": "    \"korean\": \"나눔명조 (Nanum Myeongjo)\","}
{"timestamp": "2026-05-18T10:19:43.521854", "level": "INFO", "logger": "NameTag.BrandGenerator", "message": "    \"english\": \"Lora\","}
{"timestamp": "2026-05-18T10:19:43.522064", "level": "INFO", "logger": "NameTag.BrandGenerator", "message": "    \"reason\": \"명조 계열의 폰트는 브랜드가 지향하는 따뜻하고 서정적인 분위기를 극대화합니다. 영문 Lora 폰트는 우아하면서도 트렌디한 느낌을 주어 30대 여성 타겟에게 세련된 인상을 남깁니다.\""}
{"timestamp": "2026-05-18T10:19:43.522295", "level": "INFO", "logger": "NameTag.BrandGenerator", "message": "  },"}
{"timestamp": "2026-05-18T10:19:43.522547", "level": "INFO", "logger": "NameTag.BrandGenerator", "message": "  \"character\": {"}
{"timestamp": "2026-05-18T10:19:43.522759", "level": "INFO", "logger": "NameTag.BrandGenerator", "message": "    \"name\": \"포포 (POPO)\","}
{"timestamp": "2026-05-18T10:19:43.523020", "level": "INFO", "logger": "NameTag.BrandGenerator", "message": "    \"concept\": \"온기를 찾아 여행하다 정착한 숲속의 솜뭉치 요정\","}
{"timestamp": "2026-05-18T10:19:43.523228", "level": "INFO", "logger": "NameTag.BrandGenerator", "message": "    \"personality\": \"느긋하고 여유로운, 엉뚱한 매력의, 섬세한 관찰자\","}
{"timestamp": "2026-05-18T10:19:43.523502", "level": "INFO", "logger": "NameTag.BrandGenerator", "message": "    \"visual\": \"아이보리색의 몽글몽글하고 털이 보송한 원형 캐릭터로, 머리 위에는 작은 초록 잎사귀 하나가 솟아 있습니다. 항상 돋보기를 들고 다니며 예쁘고 따뜻한 물건을 찾아내어 흐뭇한 미소를 짓고 있습니다.\""}
{"timestamp": "2026-05-18T10:19:43.523717", "level": "INFO", "logger": "NameTag.BrandGenerator", "message": "  }"}
{"timestamp": "2026-05-18T10:19:43.523943", "level": "INFO", "logger": "NameTag.BrandGenerator", "message": "}"}
{"timestamp": "2026-05-18T10:19:43.524164", "level": "INFO", "logger": "NameTag.BrandGenerator", "message": "===================================================================================================="}
{"timestamp": "2026-05-18T10:19:43.525828", "level": "DEBUG", "logger": "NameTag.Tracker", "message": "Variable set: BRAND_NAME", "variables": {"BRAND_NAME": "온휴 (ON:HUE)"}, "session_id": "2ed430e5-bca9-4446-8b69-31acc7473a6f"}
{"timestamp": "2026-05-18T10:19:43.527232", "level": "DEBUG", "logger": "NameTag.Tracker", "message": "Variable set: BRAND_SLOGAN", "variables": {"BRAND_SLOGAN": "당신의 빈칸을 채우는 따스한 쉼표"}, "session_id": "2ed430e5-bca9-4446-8b69-31acc7473a6f"}
{"timestamp": "2026-05-18T10:19:43.527409", "level": "INFO", "logger": "NameTag.BrandGenerator", "message": "✅ Brand identity generated successfully"}
{"timestamp": "2026-05-18T10:22:07.522964", "level": "INFO", "logger": "NameTag.Backend", "message": "👋 FastAPI backend shutting down..."}
{"timestamp": "2026-05-18T10:22:48.481615", "level": "INFO", "logger": "NameTag.Backend", "message": "🚀 Initializing FastAPI backend..."}
{"timestamp": "2026-05-18T10:22:48.490625", "level": "INFO", "logger": "NameTag.Backend", "message": "✅ FastAPI backend starting..."}
{"timestamp": "2026-05-18T10:23:56.430158", "level": "INFO", "logger": "NameTag.Backend", "message": "👋 FastAPI backend shutting down..."}
{"timestamp": "2026-05-18T10:24:07.772599", "level": "INFO", "logger": "NameTag.Backend", "message": "🚀 Initializing FastAPI backend..."}
{"timestamp": "2026-05-18T10:24:07.781197", "level": "INFO", "logger": "NameTag.Backend", "message": "✅ FastAPI backend starting..."}
{"timestamp": "2026-05-18T10:24:25.602079", "level": "INFO", "logger": "NameTag.BrandGenerator", "message": "🚀 Starting brand identity generation (session: f6020886-bf13-42bd-a0e1-de32649ea5c8)"}
{"timestamp": "2026-05-18T10:24:36.632813", "level": "INFO", "logger": "NameTag.BrandGenerator", "message": "✅ Response saved:"}
{"timestamp": "2026-05-18T10:24:36.633071", "level": "INFO", "logger": "NameTag.BrandGenerator", "message": "   📄 TXT: /logs/ai_responses/brand_identity_20260518_102436_f6020886.txt"}
{"timestamp": "2026-05-18T10:24:36.633275", "level": "INFO", "logger": "NameTag.BrandGenerator", "message": "   📋 JSON: /logs/ai_responses/brand_identity_20260518_102436_f6020886.json"}
{"timestamp": "2026-05-18T10:24:36.633502", "level": "INFO", "logger": "NameTag.BrandGenerator", "message": "===================================================================================================="}
{"timestamp": "2026-05-18T10:24:36.633759", "level": "INFO", "logger": "NameTag.BrandGenerator", "message": "📨 AI FULL RESPONSE (AI 전체 응답)"}
{"timestamp": "2026-05-18T10:24:36.634024", "level": "INFO", "logger": "NameTag.BrandGenerator", "message": "===================================================================================================="}
{"timestamp": "2026-05-18T10:24:36.634455", "level": "INFO", "logger": "NameTag.BrandGenerator", "message": "{"}
{"timestamp": "2026-05-18T10:24:36.634744", "level": "INFO", "logger": "NameTag.BrandGenerator", "message": "  \"brands\": ["}
{"timestamp": "2026-05-18T10:24:36.634986", "level": "INFO", "logger": "NameTag.BrandGenerator", "message": "    {"}
{"timestamp": "2026-05-18T10:24:36.635265", "level": "INFO", "logger": "NameTag.BrandGenerator", "message": "      \"name\": \"온하루 (Onharu)\","}
{"timestamp": "2026-05-18T10:24:36.635489", "level": "INFO", "logger": "NameTag.BrandGenerator", "message": "      \"meaning\": \"순우리말 '온'의 '모든/전부'와 '따뜻할 온(溫)'의 중의적 의미를 담아 하루 전체를 따스함으로 채운다는 뜻입니다.\","}
{"timestamp": "2026-05-18T10:24:36.635792", "level": "INFO", "logger": "NameTag.BrandGenerator", "message": "      \"story\": \"반복되는 일상 속에서 나만의 작은 온도를 찾는 여정을 제안합니다. 당신의 공간에 스며드는 다정한 소품들이 평범한 오늘을 특별한 온기로 채워줄 거예요.\","}
{"timestamp": "2026-05-18T10:24:36.636050", "level": "INFO", "logger": "NameTag.BrandGenerator", "message": "      \"slogan\": \"당신의 하루를 채우는 다정한 온도\""}
{"timestamp": "2026-05-18T10:24:36.636282", "level": "INFO", "logger": "NameTag.BrandGenerator", "message": "    },"}
{"timestamp": "2026-05-18T10:24:36.636543", "level": "INFO", "logger": "NameTag.BrandGenerator", "message": "    {"}
{"timestamp": "2026-05-18T10:24:36.636827", "level": "INFO", "logger": "NameTag.BrandGenerator", "message": "      \"name\": \"포그니숲 (Poggni Forest)\","}
{"timestamp": "2026-05-18T10:24:36.637086", "level": "INFO", "logger": "NameTag.BrandGenerator", "message": "      \"meaning\": \"포근하다는 감각과 자연을 상징하는 숲의 합성어로, 도심 속 나만의 작은 안식처를 의미합니다.\","}
{"timestamp": "2026-05-18T10:24:36.637384", "level": "INFO", "logger": "NameTag.BrandGenerator", "message": "      \"story\": \"딱딱한 직장 생활을 뒤로하고 현관문을 열었을 때 마주하는 초록빛 유머를 선사합니다. 자연의 부드러움과 소소한 재미가 공존하는 당신만의 숲을 가꿔보세요.\","}
{"timestamp": "2026-05-18T10:24:36.637645", "level": "INFO", "logger": "NameTag.BrandGenerator", "message": "      \"slogan\": \"일상의 틈새에서 발견한 초록빛 휴식\""}
{"timestamp": "2026-05-18T10:24:36.637909", "level": "INFO", "logger": "NameTag.BrandGenerator", "message": "    },"}
{"timestamp": "2026-05-18T10:24:36.638196", "level": "INFO", "logger": "NameTag.BrandGenerator", "message": "    {"}
{"timestamp": "2026-05-18T10:24:36.638452", "level": "INFO", "logger": "NameTag.BrandGenerator", "message": "      \"name\": \"모먼트픽 (Moment Pick)\","}
{"timestamp": "2026-05-18T10:24:36.638661", "level": "INFO", "logger": "NameTag.BrandGenerator", "message": "      \"meaning\": \"찰나의 순간(Moment)과 취향을 고르다(Pick)를 결합하여, 일상의 보석 같은 순간을 발견한다는 의미입니다.\","}
{"timestamp": "2026-05-18T10:24:36.638887", "level": "INFO", "logger": "NameTag.BrandGenerator", "message": "      \"story\": \"무심코 지나쳤던 공간에 당신만의 유쾌한 취향 한 방울을 떨어뜨려 보세요. 30대의 성숙함 속에 숨겨진 소녀 같은 호기심을 자극하는 감성 셀렉션입니다.\","}
{"timestamp": "2026-05-18T10:24:36.639230", "level": "INFO", "logger": "NameTag.BrandGenerator", "message": "      \"slogan\": \"취향을 발견하는 즐거운 순간\""}
{"timestamp": "2026-05-18T10:24:36.639563", "level": "INFO", "logger": "NameTag.BrandGenerator", "message": "    }"}
{"timestamp": "2026-05-18T10:24:36.639800", "level": "INFO", "logger": "NameTag.BrandGenerator", "message": "  ],"}
{"timestamp": "2026-05-18T10:24:36.640170", "level": "INFO", "logger": "NameTag.BrandGenerator", "message": "  \"typography\": {"}
{"timestamp": "2026-05-18T10:24:36.640451", "level": "INFO", "logger": "NameTag.BrandGenerator", "message": "    \"korean\": \"나눔명조 (Nanum Myeongjo)\","}
{"timestamp": "2026-05-18T10:24:36.640704", "level": "INFO", "logger": "NameTag.BrandGenerator", "message": "    \"english\": \"Playfair Display\","}
{"timestamp": "2026-05-18T10:24:36.640890", "level": "INFO", "logger": "NameTag.BrandGenerator", "message": "    \"reason\": \"세리프 서체의 우아함이 30대 여성의 성숙한 감성을 자극하며, 따뜻하고 서정적인 브랜드 이미지를 효과적으로 전달합니다.\""}
{"timestamp": "2026-05-18T10:24:36.641263", "level": "INFO", "logger": "NameTag.BrandGenerator", "message": "  },"}
{"timestamp": "2026-05-18T10:24:36.641601", "level": "INFO", "logger": "NameTag.BrandGenerator", "message": "  \"character\": {"}
{"timestamp": "2026-05-18T10:24:36.641886", "level": "INFO", "logger": "NameTag.BrandGenerator", "message": "    \"name\": \"모리 (Mori)\","}
{"timestamp": "2026-05-18T10:24:36.642123", "level": "INFO", "logger": "NameTag.BrandGenerator", "message": "    \"concept\": \"숲에서 온 호기심 많은 작은 나무늘보\","}
{"timestamp": "2026-05-18T10:24:36.642354", "level": "INFO", "logger": "NameTag.BrandGenerator", "message": "    \"personality\": \"느긋함, 엉뚱한 유머감각, 세심한 관찰력\","}
{"timestamp": "2026-05-18T10:24:36.642585", "level": "INFO", "logger": "NameTag.BrandGenerator", "message": "    \"visual\": \"말랑말랑해 보이는 옅은 베이지색 몸에 초록색 나뭇잎을 머리에 얹고 있습니다. 항상 작은 돋보기를 들고 다니며 예쁜 소품을 발견할 때마다 양 볼이 발그레해지는 것이 특징입니다.\""}
{"timestamp": "2026-05-18T10:24:36.642806", "level": "INFO", "logger": "NameTag.BrandGenerator", "message": "  },"}
{"timestamp": "2026-05-18T10:24:36.643015", "level": "INFO", "logger": "NameTag.BrandGenerator", "message": "  \"logo_design\": {"}
{"timestamp": "2026-05-18T10:24:36.643280", "level": "INFO", "logger": "NameTag.BrandGenerator", "message": "    \"brand_name\": \"온하루 (Onharu)\","}
{"timestamp": "2026-05-18T10:24:36.643504", "level": "INFO", "logger": "NameTag.BrandGenerator", "message": "    \"brand_topic\": \"2030 감성 소품 온라인 셀렉샵\","}
{"timestamp": "2026-05-18T10:24:36.643776", "level": "INFO", "logger": "NameTag.BrandGenerator", "message": "    \"core_value\": \"따뜻함, 일상의 발견\","}
{"timestamp": "2026-05-18T10:24:36.644001", "level": "INFO", "logger": "NameTag.BrandGenerator", "message": "    \"target_mood\": \"자연친화적이며 부드러운 감성\","}
{"timestamp": "2026-05-18T10:24:36.644250", "level": "INFO", "logger": "NameTag.BrandGenerator", "message": "    \"symbol_type\": \"유기적인 곡선과 햇살을 형상화한 심볼\","}
{"timestamp": "2026-05-18T10:24:36.644486", "level": "INFO", "logger": "NameTag.BrandGenerator", "message": "    \"font_style\": \"부드러운 세리프체\","}
{"timestamp": "2026-05-18T10:24:36.644769", "level": "INFO", "logger": "NameTag.BrandGenerator", "message": "    \"font_reference\": \"Nanum Myeongjo\","}
{"timestamp": "2026-05-18T10:24:36.644959", "level": "INFO", "logger": "NameTag.BrandGenerator", "message": "    \"font_weight\": \"Medium\","}
{"timestamp": "2026-05-18T10:24:36.645195", "level": "INFO", "logger": "NameTag.BrandGenerator", "message": "    \"brand_color\": \"웜 베이지(Warm Beige), 올리브 그린(Olive Green)\","}
{"timestamp": "2026-05-18T10:24:36.645423", "level": "INFO", "logger": "NameTag.BrandGenerator", "message": "    \"logo_type\": \"심볼+텍스트 수평 조합\","}
{"timestamp": "2026-05-18T10:24:36.645642", "level": "INFO", "logger": "NameTag.BrandGenerator", "message": "    \"background\": \"아이보리(Ivory)\""}
{"timestamp": "2026-05-18T10:24:36.645851", "level": "INFO", "logger": "NameTag.BrandGenerator", "message": "  }"}
{"timestamp": "2026-05-18T10:24:36.646074", "level": "INFO", "logger": "NameTag.BrandGenerator", "message": "}"}
{"timestamp": "2026-05-18T10:24:36.646312", "level": "INFO", "logger": "NameTag.BrandGenerator", "message": "===================================================================================================="}
{"timestamp": "2026-05-18T10:24:36.648282", "level": "DEBUG", "logger": "NameTag.Tracker", "message": "Variable set: BRAND_NAME", "variables": {"BRAND_NAME": "온하루 (Onharu)"}, "session_id": "f6020886-bf13-42bd-a0e1-de32649ea5c8"}
{"timestamp": "2026-05-18T10:24:36.649923", "level": "DEBUG", "logger": "NameTag.Tracker", "message": "Variable set: BRAND_SLOGAN", "variables": {"BRAND_SLOGAN": "당신의 하루를 채우는 다정한 온도"}, "session_id": "f6020886-bf13-42bd-a0e1-de32649ea5c8"}
{"timestamp": "2026-05-18T10:24:36.651553", "level": "DEBUG", "logger": "NameTag.Tracker", "message": "Variable set: LOGO_DESIGN_BRAND_NAME", "variables": {"LOGO_DESIGN_BRAND_NAME": "온하루 (Onharu)"}, "session_id": "f6020886-bf13-42bd-a0e1-de32649ea5c8"}
{"timestamp": "2026-05-18T10:24:36.653330", "level": "DEBUG", "logger": "NameTag.Tracker", "message": "Variable set: LOGO_DESIGN_BRAND_TOPIC", "variables": {"LOGO_DESIGN_BRAND_TOPIC": "2030 감성 소품 온라인 셀렉샵"}, "session_id": "f6020886-bf13-42bd-a0e1-de32649ea5c8"}
{"timestamp": "2026-05-18T10:24:36.655652", "level": "DEBUG", "logger": "NameTag.Tracker", "message": "Variable set: LOGO_DESIGN_CORE_VALUE", "variables": {"LOGO_DESIGN_CORE_VALUE": "따뜻함, 일상의 발견"}, "session_id": "f6020886-bf13-42bd-a0e1-de32649ea5c8"}
{"timestamp": "2026-05-18T10:24:36.657481", "level": "DEBUG", "logger": "NameTag.Tracker", "message": "Variable set: LOGO_DESIGN_TARGET_MOOD", "variables": {"LOGO_DESIGN_TARGET_MOOD": "자연친화적이며 부드러운 감성"}, "session_id": "f6020886-bf13-42bd-a0e1-de32649ea5c8"}
{"timestamp": "2026-05-18T10:24:36.659088", "level": "DEBUG", "logger": "NameTag.Tracker", "message": "Variable set: LOGO_DESIGN_SYMBOL_TYPE", "variables": {"LOGO_DESIGN_SYMBOL_TYPE": "유기적인 곡선과 햇살을 형상화한 심볼"}, "session_id": "f6020886-bf13-42bd-a0e1-de32649ea5c8"}
{"timestamp": "2026-05-18T10:24:36.660966", "level": "DEBUG", "logger": "NameTag.Tracker", "message": "Variable set: LOGO_DESIGN_FONT_STYLE", "variables": {"LOGO_DESIGN_FONT_STYLE": "부드러운 세리프체"}, "session_id": "f6020886-bf13-42bd-a0e1-de32649ea5c8"}
{"timestamp": "2026-05-18T10:24:36.662827", "level": "DEBUG", "logger": "NameTag.Tracker", "message": "Variable set: LOGO_DESIGN_FONT_REFERENCE", "variables": {"LOGO_DESIGN_FONT_REFERENCE": "Nanum Myeongjo"}, "session_id": "f6020886-bf13-42bd-a0e1-de32649ea5c8"}
{"timestamp": "2026-05-18T10:24:36.664482", "level": "DEBUG", "logger": "NameTag.Tracker", "message": "Variable set: LOGO_DESIGN_FONT_WEIGHT", "variables": {"LOGO_DESIGN_FONT_WEIGHT": "Medium"}, "session_id": "f6020886-bf13-42bd-a0e1-de32649ea5c8"}
{"timestamp": "2026-05-18T10:24:36.666129", "level": "DEBUG", "logger": "NameTag.Tracker", "message": "Variable set: LOGO_DESIGN_BRAND_COLOR", "variables": {"LOGO_DESIGN_BRAND_COLOR": "웜 베이지(Warm Beige), 올리브 그린(Olive Green)"}, "session_id": "f6020886-bf13-42bd-a0e1-de32649ea5c8"}
{"timestamp": "2026-05-18T10:24:36.667830", "level": "DEBUG", "logger": "NameTag.Tracker", "message": "Variable set: LOGO_DESIGN_LOGO_TYPE", "variables": {"LOGO_DESIGN_LOGO_TYPE": "심볼+텍스트 수평 조합"}, "session_id": "f6020886-bf13-42bd-a0e1-de32649ea5c8"}
{"timestamp": "2026-05-18T10:24:36.670040", "level": "DEBUG", "logger": "NameTag.Tracker", "message": "Variable set: LOGO_DESIGN_BACKGROUND", "variables": {"LOGO_DESIGN_BACKGROUND": "아이보리(Ivory)"}, "session_id": "f6020886-bf13-42bd-a0e1-de32649ea5c8"}
{"timestamp": "2026-05-18T10:24:36.670400", "level": "INFO", "logger": "NameTag.BrandGenerator", "message": "================================================================================"}
{"timestamp": "2026-05-18T10:24:36.670643", "level": "INFO", "logger": "NameTag.BrandGenerator", "message": "✅ PARSED RESULT (파싱된 결과)"}
{"timestamp": "2026-05-18T10:24:36.670887", "level": "INFO", "logger": "NameTag.BrandGenerator", "message": "================================================================================"}
{"timestamp": "2026-05-18T10:24:36.671113", "level": "INFO", "logger": "NameTag.BrandGenerator", "message": "📝 BRANDS (브랜드 목록):"}
{"timestamp": "2026-05-18T10:24:36.671345", "level": "INFO", "logger": "NameTag.BrandGenerator", "message": "  [1] Name: 온하루 (Onharu)"}
{"timestamp": "2026-05-18T10:24:36.671632", "level": "INFO", "logger": "NameTag.BrandGenerator", "message": "      Meaning: 순우리말 '온'의 '모든/전부'와 '따뜻할 온(溫)'의 중의적 의미를 담아 하루 전체를 따스함으로 채운다는 뜻입니다."}
{"timestamp": "2026-05-18T10:24:36.671850", "level": "INFO", "logger": "NameTag.BrandGenerator", "message": "      Story: 반복되는 일상 속에서 나만의 작은 온도를 찾는 여정을 제안합니다. 당신의 공간에 스며드는 다정한 소품들이 평범한 오늘을 특별한 온기로 채워줄 거예요."}
{"timestamp": "2026-05-18T10:24:36.672101", "level": "INFO", "logger": "NameTag.BrandGenerator", "message": "      Slogan: 당신의 하루를 채우는 다정한 온도"}
{"timestamp": "2026-05-18T10:24:36.672341", "level": "INFO", "logger": "NameTag.BrandGenerator", "message": "  [2] Name: 포그니숲 (Poggni Forest)"}
{"timestamp": "2026-05-18T10:24:36.672561", "level": "INFO", "logger": "NameTag.BrandGenerator", "message": "      Meaning: 포근하다는 감각과 자연을 상징하는 숲의 합성어로, 도심 속 나만의 작은 안식처를 의미합니다."}
{"timestamp": "2026-05-18T10:24:36.672779", "level": "INFO", "logger": "NameTag.BrandGenerator", "message": "      Story: 딱딱한 직장 생활을 뒤로하고 현관문을 열었을 때 마주하는 초록빛 유머를 선사합니다. 자연의 부드러움과 소소한 재미가 공존하는 당신만의 숲을 가꿔보세요."}
{"timestamp": "2026-05-18T10:24:36.673019", "level": "INFO", "logger": "NameTag.BrandGenerator", "message": "      Slogan: 일상의 틈새에서 발견한 초록빛 휴식"}
{"timestamp": "2026-05-18T10:24:36.673279", "level": "INFO", "logger": "NameTag.BrandGenerator", "message": "  [3] Name: 모먼트픽 (Moment Pick)"}
{"timestamp": "2026-05-18T10:24:36.673533", "level": "INFO", "logger": "NameTag.BrandGenerator", "message": "      Meaning: 찰나의 순간(Moment)과 취향을 고르다(Pick)를 결합하여, 일상의 보석 같은 순간을 발견한다는 의미입니다."}
{"timestamp": "2026-05-18T10:24:36.673841", "level": "INFO", "logger": "NameTag.BrandGenerator", "message": "      Story: 무심코 지나쳤던 공간에 당신만의 유쾌한 취향 한 방울을 떨어뜨려 보세요. 30대의 성숙함 속에 숨겨진 소녀 같은 호기심을 자극하는 감성 셀렉션입니다."}
{"timestamp": "2026-05-18T10:24:36.674127", "level": "INFO", "logger": "NameTag.BrandGenerator", "message": "      Slogan: 취향을 발견하는 즐거운 순간"}
{"timestamp": "2026-05-18T10:24:36.674348", "level": "INFO", "logger": "NameTag.BrandGenerator", "message": "🔤 TYPOGRAPHY (타이포그래피):"}
{"timestamp": "2026-05-18T10:24:36.674572", "level": "INFO", "logger": "NameTag.BrandGenerator", "message": "  Korean Font: 나눔명조 (Nanum Myeongjo)"}
{"timestamp": "2026-05-18T10:24:36.674805", "level": "INFO", "logger": "NameTag.BrandGenerator", "message": "  English Font: Playfair Display"}
{"timestamp": "2026-05-18T10:24:36.675039", "level": "INFO", "logger": "NameTag.BrandGenerator", "message": "  Reason: 세리프 서체의 우아함이 30대 여성의 성숙한 감성을 자극하며, 따뜻하고 서정적인 브랜드 이미지를 효과적으로 전달합니다."}
{"timestamp": "2026-05-18T10:24:36.675284", "level": "INFO", "logger": "NameTag.BrandGenerator", "message": "🎭 CHARACTER (캐릭터):"}
{"timestamp": "2026-05-18T10:24:36.675546", "level": "INFO", "logger": "NameTag.BrandGenerator", "message": "  Name: 모리 (Mori)"}
{"timestamp": "2026-05-18T10:24:36.675894", "level": "INFO", "logger": "NameTag.BrandGenerator", "message": "  Concept: 숲에서 온 호기심 많은 작은 나무늘보"}
{"timestamp": "2026-05-18T10:24:36.676157", "level": "INFO", "logger": "NameTag.BrandGenerator", "message": "  Personality: 느긋함, 엉뚱한 유머감각, 세심한 관찰력"}
{"timestamp": "2026-05-18T10:24:36.676434", "level": "INFO", "logger": "NameTag.BrandGenerator", "message": "  Visual: 말랑말랑해 보이는 옅은 베이지색 몸에 초록색 나뭇잎을 머리에 얹고 있습니다. 항상 작은 돋보기를 들고 다니며 예쁜 소품을 발견할 때마다 양 볼이 발그레해지는 것이 특징입니다."}
{"timestamp": "2026-05-18T10:24:36.676692", "level": "INFO", "logger": "NameTag.BrandGenerator", "message": "🎨 LOGO DESIGN (로고 설계):"}
{"timestamp": "2026-05-18T10:24:36.677073", "level": "INFO", "logger": "NameTag.BrandGenerator", "message": "  brand_name: 온하루 (Onharu)"}
{"timestamp": "2026-05-18T10:24:36.677330", "level": "INFO", "logger": "NameTag.BrandGenerator", "message": "  brand_topic: 2030 감성 소품 온라인 셀렉샵"}
{"timestamp": "2026-05-18T10:24:36.677562", "level": "INFO", "logger": "NameTag.BrandGenerator", "message": "  core_value: 따뜻함, 일상의 발견"}
{"timestamp": "2026-05-18T10:24:36.677809", "level": "INFO", "logger": "NameTag.BrandGenerator", "message": "  target_mood: 자연친화적이며 부드러운 감성"}
{"timestamp": "2026-05-18T10:24:36.678035", "level": "INFO", "logger": "NameTag.BrandGenerator", "message": "  symbol_type: 유기적인 곡선과 햇살을 형상화한 심볼"}
{"timestamp": "2026-05-18T10:24:36.678289", "level": "INFO", "logger": "NameTag.BrandGenerator", "message": "  font_style: 부드러운 세리프체"}
{"timestamp": "2026-05-18T10:24:36.678549", "level": "INFO", "logger": "NameTag.BrandGenerator", "message": "  font_reference: Nanum Myeongjo"}
{"timestamp": "2026-05-18T10:24:36.678819", "level": "INFO", "logger": "NameTag.BrandGenerator", "message": "  font_weight: Medium"}
{"timestamp": "2026-05-18T10:24:36.679037", "level": "INFO", "logger": "NameTag.BrandGenerator", "message": "  brand_color: 웜 베이지(Warm Beige), 올리브 그린(Olive Green)"}
{"timestamp": "2026-05-18T10:24:36.679299", "level": "INFO", "logger": "NameTag.BrandGenerator", "message": "  logo_type: 심볼+텍스트 수평 조합"}
{"timestamp": "2026-05-18T10:24:36.679558", "level": "INFO", "logger": "NameTag.BrandGenerator", "message": "  background: 아이보리(Ivory)"}
{"timestamp": "2026-05-18T10:24:36.679854", "level": "INFO", "logger": "NameTag.BrandGenerator", "message": "================================================================================"}
{"timestamp": "2026-05-18T10:24:36.680084", "level": "INFO", "logger": "NameTag.BrandGenerator", "message": "✅ Brand identity generated successfully"}
{"timestamp": "2026-05-18T10:29:34.590078", "level": "INFO", "logger": "NameTag.Backend", "message": "👋 FastAPI backend shutting down..."}
{"timestamp": "2026-05-18T10:30:17.985272", "level": "INFO", "logger": "NameTag.Backend", "message": "🚀 Initializing FastAPI backend..."}
{"timestamp": "2026-05-18T10:30:17.994189", "level": "INFO", "logger": "NameTag.Backend", "message": "✅ FastAPI backend starting..."}
{"timestamp": "2026-05-18T10:30:57.469940", "level": "INFO", "logger": "NameTag.BrandGenerator", "message": "🚀 Starting brand identity generation (session: acd73275-693c-4478-b9ae-9395ee9b1363)"}
{"timestamp": "2026-05-18T10:31:13.135924", "level": "INFO", "logger": "NameTag.BrandGenerator", "message": "✅ Response saved:"}
{"timestamp": "2026-05-18T10:31:13.136156", "level": "INFO", "logger": "NameTag.BrandGenerator", "message": "   📄 TXT: /logs/ai_responses/brand_identity_20260518_103113_acd73275.txt"}
{"timestamp": "2026-05-18T10:31:13.136354", "level": "INFO", "logger": "NameTag.BrandGenerator", "message": "   📋 JSON: /logs/ai_responses/brand_identity_20260518_103113_acd73275.json"}
{"timestamp": "2026-05-18T10:31:13.136535", "level": "INFO", "logger": "NameTag.BrandGenerator", "message": "===================================================================================================="}
{"timestamp": "2026-05-18T10:31:13.136712", "level": "INFO", "logger": "NameTag.BrandGenerator", "message": "📨 AI FULL RESPONSE (AI 전체 응답)"}
{"timestamp": "2026-05-18T10:31:13.136895", "level": "INFO", "logger": "NameTag.BrandGenerator", "message": "===================================================================================================="}
{"timestamp": "2026-05-18T10:31:13.137197", "level": "INFO", "logger": "NameTag.BrandGenerator", "message": "{"}
{"timestamp": "2026-05-18T10:31:13.137354", "level": "INFO", "logger": "NameTag.BrandGenerator", "message": "  \"brands\": ["}
{"timestamp": "2026-05-18T10:31:13.137535", "level": "INFO", "logger": "NameTag.BrandGenerator", "message": "    {"}
{"timestamp": "2026-05-18T10:31:13.137694", "level": "INFO", "logger": "NameTag.BrandGenerator", "message": "      \"name\": \"온기숲 (Ongisup)\","}
{"timestamp": "2026-05-18T10:31:13.137854", "level": "INFO", "logger": "NameTag.BrandGenerator", "message": "      \"meaning\": \"따뜻할 온(溫)과 기운 기(氣)를 사용하여, 숲처럼 편안하고 따뜻한 에너지를 전하는 공간이라는 의미입니다.\","}
{"timestamp": "2026-05-18T10:31:13.138024", "level": "INFO", "logger": "NameTag.BrandGenerator", "message": "      \"story\": \"삭막한 도심 속에서 나만의 방을 작은 숲으로 가꾸고 싶은 30대 직장인들을 위해 태어났습니다. 자연에서 온 질감과 따뜻한 색감의 소품을 통해, 지친 하루의 끝에 가장 포근한 위로를 전하고자 합니다.\","}
{"timestamp": "2026-05-18T10:31:13.138187", "level": "INFO", "logger": "NameTag.BrandGenerator", "message": "      \"slogan\": \"당신의 방에 심는 작은 온기 한 조각\","}
{"timestamp": "2026-05-18T10:31:13.138379", "level": "INFO", "logger": "NameTag.BrandGenerator", "message": "      \"typography\": {"}
{"timestamp": "2026-05-18T10:31:13.138560", "level": "INFO", "logger": "NameTag.BrandGenerator", "message": "        \"korean\": \"나눔명조\","}
{"timestamp": "2026-05-18T10:31:13.138711", "level": "INFO", "logger": "NameTag.BrandGenerator", "message": "        \"english\": \"Playfair Display\","}
{"timestamp": "2026-05-18T10:31:13.138859", "level": "INFO", "logger": "NameTag.BrandGenerator", "message": "        \"reason\": \"명조체의 우아한 곡선이 따뜻하고 클래식한 분위기를 주며, 영문 세리프 폰트는 세련된 감성을 더해줍니다.\""}
{"timestamp": "2026-05-18T10:31:13.139021", "level": "INFO", "logger": "NameTag.BrandGenerator", "message": "      },"}
{"timestamp": "2026-05-18T10:31:13.139191", "level": "INFO", "logger": "NameTag.BrandGenerator", "message": "      \"character\": {"}
{"timestamp": "2026-05-18T10:31:13.139351", "level": "INFO", "logger": "NameTag.BrandGenerator", "message": "        \"name\": \"다람이\","}
{"timestamp": "2026-05-18T10:31:13.139528", "level": "INFO", "logger": "NameTag.BrandGenerator", "message": "        \"concept\": \"숲속의 보물을 수집하여 선물하는 다정하고 부지런한 다람쥐\","}
{"timestamp": "2026-05-18T10:31:13.139696", "level": "INFO", "logger": "NameTag.BrandGenerator", "message": "        \"personality\": \"세심함, 포근함, 호기심 많은\","}
{"timestamp": "2026-05-18T10:31:13.139860", "level": "INFO", "logger": "NameTag.BrandGenerator", "message": "        \"visual\": \"동글동글한 볼과 도토리 가방을 멘 모습입니다. 따뜻한 브라운 컬러의 털과 나뭇잎 모양의 꼬리가 특징이며 항상 웃는 눈매를 가졌습니다.\""}
{"timestamp": "2026-05-18T10:31:13.140025", "level": "INFO", "logger": "NameTag.BrandGenerator", "message": "      },"}
{"timestamp": "2026-05-18T10:31:13.140193", "level": "INFO", "logger": "NameTag.BrandGenerator", "message": "      \"logo_design\": {"}
{"timestamp": "2026-05-18T10:31:13.140363", "level": "INFO", "logger": "NameTag.BrandGenerator", "message": "        \"brand_name\": \"온기숲\","}
{"timestamp": "2026-05-18T10:31:13.140538", "level": "INFO", "logger": "NameTag.BrandGenerator", "message": "        \"brand_topic\": \"자연주의 감성 소품샵\","}
{"timestamp": "2026-05-18T10:31:13.140711", "level": "INFO", "logger": "NameTag.BrandGenerator", "message": "        \"core_value\": \"따뜻함, 휴식\","}
{"timestamp": "2026-05-18T10:31:13.140871", "level": "INFO", "logger": "NameTag.BrandGenerator", "message": "        \"target_mood\": \"편안하고 내추럴한 무드\","}
{"timestamp": "2026-05-18T10:31:13.141038", "level": "INFO", "logger": "NameTag.BrandGenerator", "message": "        \"symbol_type\": \"나뭇잎과 집이 결합된 라인 아트\","}
{"timestamp": "2026-05-18T10:31:13.141202", "level": "INFO", "logger": "NameTag.BrandGenerator", "message": "        \"font_style\": \"부드러운 곡선이 가미된 세리프체\","}
{"timestamp": "2026-05-18T10:31:13.141360", "level": "INFO", "logger": "NameTag.BrandGenerator", "message": "        \"font_reference\": \"바탕체 계열의 커스텀 폰트\","}
{"timestamp": "2026-05-18T10:31:13.141576", "level": "INFO", "logger": "NameTag.BrandGenerator", "message": "        \"font_weight\": \"Medium\","}
{"timestamp": "2026-05-18T10:31:13.141745", "level": "INFO", "logger": "NameTag.BrandGenerator", "message": "        \"brand_color\": \"Forest Green, Warm Beige\","}
{"timestamp": "2026-05-18T10:31:13.141915", "level": "INFO", "logger": "NameTag.BrandGenerator", "message": "        \"logo_type\": \"심볼과 로고타입 가로 조합형\","}
{"timestamp": "2026-05-18T10:31:13.142108", "level": "INFO", "logger": "NameTag.BrandGenerator", "message": "        \"background\": \"Ivory\""}
{"timestamp": "2026-05-18T10:31:13.142278", "level": "INFO", "logger": "NameTag.BrandGenerator", "message": "      }"}
{"timestamp": "2026-05-18T10:31:13.142444", "level": "INFO", "logger": "NameTag.BrandGenerator", "message": "    },"}
{"timestamp": "2026-05-18T10:31:13.142607", "level": "INFO", "logger": "NameTag.BrandGenerator", "message": "    {"}
{"timestamp": "2026-05-18T10:31:13.142757", "level": "INFO", "logger": "NameTag.BrandGenerator", "message": "      \"name\": \"소소위트 (Soso Wit)\","}
{"timestamp": "2026-05-18T10:31:13.142907", "level": "INFO", "logger": "NameTag.BrandGenerator", "message": "      \"meaning\": \"소소한 일상(Soso)에 유머러스한 감각(Wit)을 더해 즐거움을 발견한다는 뜻입니다.\","}
{"timestamp": "2026-05-18T10:31:13.143059", "level": "INFO", "logger": "NameTag.BrandGenerator", "message": "      \"story\": \"반복되는 업무 속에 지친 30대 여성들에게 피식 웃음이 나는 귀여운 소품을 제안합니다. 일상의 사소한 물건 하나가 주는 의외의 위트가 당신의 공간을 더 특별하게 만듭니다.\","}
{"timestamp": "2026-05-18T10:31:13.143212", "level": "INFO", "logger": "NameTag.BrandGenerator", "message": "      \"slogan\": \"오늘의 기분을 바꾸는 귀여운 발견\","}
{"timestamp": "2026-05-18T10:31:13.143362", "level": "INFO", "logger": "NameTag.BrandGenerator", "message": "      \"typography\": {"}
{"timestamp": "2026-05-18T10:31:13.143535", "level": "INFO", "logger": "NameTag.BrandGenerator", "message": "        \"korean\": \"빙그레체\","}
{"timestamp": "2026-05-18T10:31:13.143696", "level": "INFO", "logger": "NameTag.BrandGenerator", "message": "        \"english\": \"Comfortaa\","}
{"timestamp": "2026-05-18T10:31:13.143842", "level": "INFO", "logger": "NameTag.BrandGenerator", "message": "        \"reason\": \"끝처리가 둥근 서체를 사용하여 브랜드의 유머러스하고 친근한 성격을 강조했습니다.\""}
{"timestamp": "2026-05-18T10:31:13.143999", "level": "INFO", "logger": "NameTag.BrandGenerator", "message": "      },"}
{"timestamp": "2026-05-18T10:31:13.144141", "level": "INFO", "logger": "NameTag.BrandGenerator", "message": "      \"character\": {"}
{"timestamp": "2026-05-18T10:31:13.144277", "level": "INFO", "logger": "NameTag.BrandGenerator", "message": "        \"name\": \"위티\","}
{"timestamp": "2026-05-18T10:31:13.144419", "level": "INFO", "logger": "NameTag.BrandGenerator", "message": "        \"concept\": \"형태가 자유자재로 변하는 말랑말랑한 노란색 구름\","}
{"timestamp": "2026-05-18T10:31:13.144577", "level": "INFO", "logger": "NameTag.BrandGenerator", "message": "        \"personality\": \"엉뚱함, 긍정적인, 장난기 넘치는\","}
{"timestamp": "2026-05-18T10:31:13.144741", "level": "INFO", "logger": "NameTag.BrandGenerator", "message": "        \"visual\": \"말랑한 젤리 같은 질감의 노란색 캐릭터입니다. 소품에 따라 형태가 변하며, 한쪽 눈을 윙크하고 있는 귀여운 표정이 포인트입니다.\""}
{"timestamp": "2026-05-18T10:31:13.144901", "level": "INFO", "logger": "NameTag.BrandGenerator", "message": "      },"}
{"timestamp": "2026-05-18T10:31:13.145051", "level": "INFO", "logger": "NameTag.BrandGenerator", "message": "      \"logo_design\": {"}
{"timestamp": "2026-05-18T10:31:13.145194", "level": "INFO", "logger": "NameTag.BrandGenerator", "message": "        \"brand_name\": \"소소위트\","}
{"timestamp": "2026-05-18T10:31:13.145348", "level": "INFO", "logger": "NameTag.BrandGenerator", "message": "        \"brand_topic\": \"트렌디한 위트 소품 셀렉샵\","}
{"timestamp": "2026-05-18T10:31:13.145514", "level": "INFO", "logger": "NameTag.BrandGenerator", "message": "        \"core_value\": \"재치, 일상의 발견\","}
{"timestamp": "2026-05-18T10:31:13.145686", "level": "INFO", "logger": "NameTag.BrandGenerator", "message": "        \"target_mood\": \"통통 튀고 유머러스한 감성\","}
{"timestamp": "2026-05-18T10:31:13.145840", "level": "INFO", "logger": "NameTag.BrandGenerator", "message": "        \"symbol_type\": \"윙크하는 구름 캐릭터 심볼\","}
{"timestamp": "2026-05-18T10:31:13.145989", "level": "INFO", "logger": "NameTag.BrandGenerator", "message": "        \"font_style\": \"둥글고 볼륨감 있는 산세리프체\","}
{"timestamp": "2026-05-18T10:31:13.146138", "level": "INFO", "logger": "NameTag.BrandGenerator", "message": "        \"font_reference\": \"둥근고딕 계열\","}
{"timestamp": "2026-05-18T10:31:13.146286", "level": "INFO", "logger": "NameTag.BrandGenerator", "message": "        \"font_weight\": \"Bold\","}
{"timestamp": "2026-05-18T10:31:13.146477", "level": "INFO", "logger": "NameTag.BrandGenerator", "message": "        \"brand_color\": \"Sunny Yellow, Charcoal\","}
{"timestamp": "2026-05-18T10:31:13.146628", "level": "INFO", "logger": "NameTag.BrandGenerator", "message": "        \"logo_type\": \"심볼 강조형 로고\","}
{"timestamp": "2026-05-18T10:31:13.146787", "level": "INFO", "logger": "NameTag.BrandGenerator", "message": "        \"background\": \"White\""}
{"timestamp": "2026-05-18T10:31:13.146927", "level": "INFO", "logger": "NameTag.BrandGenerator", "message": "      }"}
{"timestamp": "2026-05-18T10:31:13.147084", "level": "INFO", "logger": "NameTag.BrandGenerator", "message": "    },"}
{"timestamp": "2026-05-18T10:31:13.147235", "level": "INFO", "logger": "NameTag.BrandGenerator", "message": "    {"}
{"timestamp": "2026-05-18T10:31:13.147424", "level": "INFO", "logger": "NameTag.BrandGenerator", "message": "      \"name\": \"오후의 발굴 (Afternoon Pick)\","}
{"timestamp": "2026-05-18T10:31:13.147576", "level": "INFO", "logger": "NameTag.BrandGenerator", "message": "      \"meaning\": \"나른한 오후, 나만의 보석 같은 소품을 찾아내는 발견의 즐거움을 의미합니다.\","}
{"timestamp": "2026-05-18T10:31:13.147743", "level": "INFO", "logger": "NameTag.BrandGenerator", "message": "      \"story\": \"취향을 수집하는 것은 자신을 알아가는 과정입니다. 감각적인 직장 여성을 위해 엄선된 아이템들을 통해 일상 속에 숨겨진 아름다운 순간들을 발굴해 보세요.\","}
{"timestamp": "2026-05-18T10:31:13.147895", "level": "INFO", "logger": "NameTag.BrandGenerator", "message": "      \"slogan\": \"취향을 찾는 가장 기분 좋은 시간\","}
{"timestamp": "2026-05-18T10:31:13.148051", "level": "INFO", "logger": "NameTag.BrandGenerator", "message": "      \"typography\": {"}
{"timestamp": "2026-05-18T10:31:13.148213", "level": "INFO", "logger": "NameTag.BrandGenerator", "message": "        \"korean\": \"프리텐다드\","}
{"timestamp": "2026-05-18T10:31:13.148398", "level": "INFO", "logger": "NameTag.BrandGenerator", "message": "        \"english\": \"DM Sans\","}
{"timestamp": "2026-05-18T10:31:13.148583", "level": "INFO", "logger": "NameTag.BrandGenerator", "message": "        \"reason\": \"깔끔하고 현대적인 산세리프체를 사용하여 트렌디하고 세련된 전문 셀렉샵의 이미지를 전달합니다.\""}
{"timestamp": "2026-05-18T10:31:13.148751", "level": "INFO", "logger": "NameTag.BrandGenerator", "message": "      },"}
{"timestamp": "2026-05-18T10:31:13.148902", "level": "INFO", "logger": "NameTag.BrandGenerator", "message": "      \"character\": {"}
{"timestamp": "2026-05-18T10:31:13.149088", "level": "INFO", "logger": "NameTag.BrandGenerator", "message": "        \"name\": \"루페\","}
{"timestamp": "2026-05-18T10:31:13.149246", "level": "INFO", "logger": "NameTag.BrandGenerator", "message": "        \"concept\": \"돋보기를 들고 다니며 예쁜 것을 찾아내는 꼬마 탐험가\","}
{"timestamp": "2026-05-18T10:31:13.149424", "level": "INFO", "logger": "NameTag.BrandGenerator", "message": "        \"personality\": \"스마트함, 감각적인, 침착한\","}
{"timestamp": "2026-05-18T10:31:13.149573", "level": "INFO", "logger": "NameTag.BrandGenerator", "message": "        \"visual\": \"베이지색 탐험가 모자를 쓰고 돋보기를 목에 걸고 있습니다. 단정한 코트 차림에 반짝이는 눈을 가진 지적인 느낌의 캐릭터입니다.\""}
{"timestamp": "2026-05-18T10:31:13.149716", "level": "INFO", "logger": "NameTag.BrandGenerator", "message": "      },"}
{"timestamp": "2026-05-18T10:31:13.149856", "level": "INFO", "logger": "NameTag.BrandGenerator", "message": "      \"logo_design\": {"}
{"timestamp": "2026-05-18T10:31:13.150005", "level": "INFO", "logger": "NameTag.BrandGenerator", "message": "        \"brand_name\": \"오후의 발굴\","}
{"timestamp": "2026-05-18T10:31:13.150150", "level": "INFO", "logger": "NameTag.BrandGenerator", "message": "        \"brand_topic\": \"프리미엄 감성 소품 큐레이션\","}
{"timestamp": "2026-05-18T10:31:13.150281", "level": "INFO", "logger": "NameTag.BrandGenerator", "message": "        \"core_value\": \"전문성, 발견\","}
{"timestamp": "2026-05-18T10:31:13.150435", "level": "INFO", "logger": "NameTag.BrandGenerator", "message": "        \"target_mood\": \"모던하고 미니멀한 무드\","}
{"timestamp": "2026-05-18T10:31:13.150591", "level": "INFO", "logger": "NameTag.BrandGenerator", "message": "        \"symbol_type\": \"돋보기와 별이 합쳐진 미니멀 아이콘\","}
{"timestamp": "2026-05-18T10:31:13.150747", "level": "INFO", "logger": "NameTag.BrandGenerator", "message": "        \"font_style\": \"간결하고 가독성이 높은 고딕체\","}
{"timestamp": "2026-05-18T10:31:13.150893", "level": "INFO", "logger": "NameTag.BrandGenerator", "message": "        \"font_reference\": \"애플산돌고딕\","}
{"timestamp": "2026-05-18T10:31:13.151031", "level": "INFO", "logger": "NameTag.BrandGenerator", "message": "        \"font_weight\": \"Light\","}
{"timestamp": "2026-05-18T10:31:13.151173", "level": "INFO", "logger": "NameTag.BrandGenerator", "message": "        \"brand_color\": \"Sage Green, Deep Navy\","}
{"timestamp": "2026-05-18T10:31:13.151327", "level": "INFO", "logger": "NameTag.BrandGenerator", "message": "        \"logo_type\": \"워드마크 중심의 깔끔한 구성\","}
{"timestamp": "2026-05-18T10:31:13.151499", "level": "INFO", "logger": "NameTag.BrandGenerator", "message": "        \"background\": \"Soft Gray\""}
{"timestamp": "2026-05-18T10:31:13.151690", "level": "INFO", "logger": "NameTag.BrandGenerator", "message": "      }"}
{"timestamp": "2026-05-18T10:31:13.151844", "level": "INFO", "logger": "NameTag.BrandGenerator", "message": "    }"}
{"timestamp": "2026-05-18T10:31:13.152002", "level": "INFO", "logger": "NameTag.BrandGenerator", "message": "  ]"}
{"timestamp": "2026-05-18T10:31:13.152161", "level": "INFO", "logger": "NameTag.BrandGenerator", "message": "}"}
{"timestamp": "2026-05-18T10:31:13.152312", "level": "INFO", "logger": "NameTag.BrandGenerator", "message": "===================================================================================================="}
{"timestamp": "2026-05-18T10:31:13.153640", "level": "DEBUG", "logger": "NameTag.Tracker", "message": "Variable set: BRAND_1_NAME", "variables": {"BRAND_1_NAME": "온기숲 (Ongisup)"}, "session_id": "acd73275-693c-4478-b9ae-9395ee9b1363"}
{"timestamp": "2026-05-18T10:31:13.154757", "level": "DEBUG", "logger": "NameTag.Tracker", "message": "Variable set: BRAND_1_MEANING", "variables": {"BRAND_1_MEANING": "따뜻할 온(溫)과 기운 기(氣)를 사용하여, 숲처럼 편안하고 따뜻한 에너지를 전하는 공간이라는 의미입니다."}, "session_id": "acd73275-693c-4478-b9ae-9395ee9b1363"}
{"timestamp": "2026-05-18T10:31:13.156062", "level": "DEBUG", "logger": "NameTag.Tracker", "message": "Variable set: BRAND_1_STORY", "variables": {"BRAND_1_STORY": "삭막한 도심 속에서 나만의 방을 작은 숲으로 가꾸고 싶은 30대 직장인들을 위해 태어났습니다. 자연에서 온 질감과 따뜻한 색감의 소품을 통해, 지친 하루의 끝에 가장 포근한 위로를 전하고자 합니다."}, "session_id": "acd73275-693c-4478-b9ae-9395ee9b1363"}
{"timestamp": "2026-05-18T10:31:13.157225", "level": "DEBUG", "logger": "NameTag.Tracker", "message": "Variable set: BRAND_1_SLOGAN", "variables": {"BRAND_1_SLOGAN": "당신의 방에 심는 작은 온기 한 조각"}, "session_id": "acd73275-693c-4478-b9ae-9395ee9b1363"}
{"timestamp": "2026-05-18T10:31:13.158320", "level": "DEBUG", "logger": "NameTag.Tracker", "message": "Variable set: BRAND_1_TYPOGRAPHY_KOREAN", "variables": {"BRAND_1_TYPOGRAPHY_KOREAN": "나눔명조"}, "session_id": "acd73275-693c-4478-b9ae-9395ee9b1363"}
{"timestamp": "2026-05-18T10:31:13.159477", "level": "DEBUG", "logger": "NameTag.Tracker", "message": "Variable set: BRAND_1_TYPOGRAPHY_ENGLISH", "variables": {"BRAND_1_TYPOGRAPHY_ENGLISH": "Playfair Display"}, "session_id": "acd73275-693c-4478-b9ae-9395ee9b1363"}
{"timestamp": "2026-05-18T10:31:13.160589", "level": "DEBUG", "logger": "NameTag.Tracker", "message": "Variable set: BRAND_1_TYPOGRAPHY_REASON", "variables": {"BRAND_1_TYPOGRAPHY_REASON": "명조체의 우아한 곡선이 따뜻하고 클래식한 분위기를 주며, 영문 세리프 폰트는 세련된 감성을 더해줍니다."}, "session_id": "acd73275-693c-4478-b9ae-9395ee9b1363"}
{"timestamp": "2026-05-18T10:31:13.161703", "level": "DEBUG", "logger": "NameTag.Tracker", "message": "Variable set: BRAND_1_CHARACTER_NAME", "variables": {"BRAND_1_CHARACTER_NAME": "다람이"}, "session_id": "acd73275-693c-4478-b9ae-9395ee9b1363"}
{"timestamp": "2026-05-18T10:31:13.162922", "level": "DEBUG", "logger": "NameTag.Tracker", "message": "Variable set: BRAND_1_CHARACTER_CONCEPT", "variables": {"BRAND_1_CHARACTER_CONCEPT": "숲속의 보물을 수집하여 선물하는 다정하고 부지런한 다람쥐"}, "session_id": "acd73275-693c-4478-b9ae-9395ee9b1363"}
{"timestamp": "2026-05-18T10:31:13.164075", "level": "DEBUG", "logger": "NameTag.Tracker", "message": "Variable set: BRAND_1_CHARACTER_PERSONALITY", "variables": {"BRAND_1_CHARACTER_PERSONALITY": "세심함, 포근함, 호기심 많은"}, "session_id": "acd73275-693c-4478-b9ae-9395ee9b1363"}
{"timestamp": "2026-05-18T10:31:13.165240", "level": "DEBUG", "logger": "NameTag.Tracker", "message": "Variable set: BRAND_1_CHARACTER_VISUAL", "variables": {"BRAND_1_CHARACTER_VISUAL": "동글동글한 볼과 도토리 가방을 멘 모습입니다. 따뜻한 브라운 컬러의 털과 나뭇잎 모양의 꼬리가 특징이며 항상 웃는 눈매를 가졌습니다."}, "session_id": "acd73275-693c-4478-b9ae-9395ee9b1363"}
{"timestamp": "2026-05-18T10:31:13.166246", "level": "DEBUG", "logger": "NameTag.Tracker", "message": "Variable set: BRAND_1_LOGO_DESIGN_BRAND_NAME", "variables": {"BRAND_1_LOGO_DESIGN_BRAND_NAME": "온기숲"}, "session_id": "acd73275-693c-4478-b9ae-9395ee9b1363"}
{"timestamp": "2026-05-18T10:31:13.167261", "level": "DEBUG", "logger": "NameTag.Tracker", "message": "Variable set: BRAND_1_LOGO_DESIGN_BRAND_TOPIC", "variables": {"BRAND_1_LOGO_DESIGN_BRAND_TOPIC": "자연주의 감성 소품샵"}, "session_id": "acd73275-693c-4478-b9ae-9395ee9b1363"}
{"timestamp": "2026-05-18T10:31:13.168399", "level": "DEBUG", "logger": "NameTag.Tracker", "message": "Variable set: BRAND_1_LOGO_DESIGN_CORE_VALUE", "variables": {"BRAND_1_LOGO_DESIGN_CORE_VALUE": "따뜻함, 휴식"}, "session_id": "acd73275-693c-4478-b9ae-9395ee9b1363"}
{"timestamp": "2026-05-18T10:31:13.169606", "level": "DEBUG", "logger": "NameTag.Tracker", "message": "Variable set: BRAND_1_LOGO_DESIGN_TARGET_MOOD", "variables": {"BRAND_1_LOGO_DESIGN_TARGET_MOOD": "편안하고 내추럴한 무드"}, "session_id": "acd73275-693c-4478-b9ae-9395ee9b1363"}
{"timestamp": "2026-05-18T10:31:13.170733", "level": "DEBUG", "logger": "NameTag.Tracker", "message": "Variable set: BRAND_1_LOGO_DESIGN_SYMBOL_TYPE", "variables": {"BRAND_1_LOGO_DESIGN_SYMBOL_TYPE": "나뭇잎과 집이 결합된 라인 아트"}, "session_id": "acd73275-693c-4478-b9ae-9395ee9b1363"}
{"timestamp": "2026-05-18T10:31:13.171780", "level": "DEBUG", "logger": "NameTag.Tracker", "message": "Variable set: BRAND_1_LOGO_DESIGN_FONT_STYLE", "variables": {"BRAND_1_LOGO_DESIGN_FONT_STYLE": "부드러운 곡선이 가미된 세리프체"}, "session_id": "acd73275-693c-4478-b9ae-9395ee9b1363"}
{"timestamp": "2026-05-18T10:31:13.172894", "level": "DEBUG", "logger": "NameTag.Tracker", "message": "Variable set: BRAND_1_LOGO_DESIGN_FONT_REFERENCE", "variables": {"BRAND_1_LOGO_DESIGN_FONT_REFERENCE": "바탕체 계열의 커스텀 폰트"}, "session_id": "acd73275-693c-4478-b9ae-9395ee9b1363"}
{"timestamp": "2026-05-18T10:31:13.173977", "level": "DEBUG", "logger": "NameTag.Tracker", "message": "Variable set: BRAND_1_LOGO_DESIGN_FONT_WEIGHT", "variables": {"BRAND_1_LOGO_DESIGN_FONT_WEIGHT": "Medium"}, "session_id": "acd73275-693c-4478-b9ae-9395ee9b1363"}
{"timestamp": "2026-05-18T10:31:13.175001", "level": "DEBUG", "logger": "NameTag.Tracker", "message": "Variable set: BRAND_1_LOGO_DESIGN_BRAND_COLOR", "variables": {"BRAND_1_LOGO_DESIGN_BRAND_COLOR": "Forest Green, Warm Beige"}, "session_id": "acd73275-693c-4478-b9ae-9395ee9b1363"}
{"timestamp": "2026-05-18T10:31:13.176124", "level": "DEBUG", "logger": "NameTag.Tracker", "message": "Variable set: BRAND_1_LOGO_DESIGN_LOGO_TYPE", "variables": {"BRAND_1_LOGO_DESIGN_LOGO_TYPE": "심볼과 로고타입 가로 조합형"}, "session_id": "acd73275-693c-4478-b9ae-9395ee9b1363"}
{"timestamp": "2026-05-18T10:31:13.177307", "level": "DEBUG", "logger": "NameTag.Tracker", "message": "Variable set: BRAND_1_LOGO_DESIGN_BACKGROUND", "variables": {"BRAND_1_LOGO_DESIGN_BACKGROUND": "Ivory"}, "session_id": "acd73275-693c-4478-b9ae-9395ee9b1363"}
{"timestamp": "2026-05-18T10:31:13.178343", "level": "DEBUG", "logger": "NameTag.Tracker", "message": "Variable set: BRAND_2_NAME", "variables": {"BRAND_2_NAME": "소소위트 (Soso Wit)"}, "session_id": "acd73275-693c-4478-b9ae-9395ee9b1363"}
{"timestamp": "2026-05-18T10:31:13.179415", "level": "DEBUG", "logger": "NameTag.Tracker", "message": "Variable set: BRAND_2_MEANING", "variables": {"BRAND_2_MEANING": "소소한 일상(Soso)에 유머러스한 감각(Wit)을 더해 즐거움을 발견한다는 뜻입니다."}, "session_id": "acd73275-693c-4478-b9ae-9395ee9b1363"}
{"timestamp": "2026-05-18T10:31:13.180645", "level": "DEBUG", "logger": "NameTag.Tracker", "message": "Variable set: BRAND_2_STORY", "variables": {"BRAND_2_STORY": "반복되는 업무 속에 지친 30대 여성들에게 피식 웃음이 나는 귀여운 소품을 제안합니다. 일상의 사소한 물건 하나가 주는 의외의 위트가 당신의 공간을 더 특별하게 만듭니다."}, "session_id": "acd73275-693c-4478-b9ae-9395ee9b1363"}
{"timestamp": "2026-05-18T10:31:13.182019", "level": "DEBUG", "logger": "NameTag.Tracker", "message": "Variable set: BRAND_2_SLOGAN", "variables": {"BRAND_2_SLOGAN": "오늘의 기분을 바꾸는 귀여운 발견"}, "session_id": "acd73275-693c-4478-b9ae-9395ee9b1363"}
{"timestamp": "2026-05-18T10:31:13.183103", "level": "DEBUG", "logger": "NameTag.Tracker", "message": "Variable set: BRAND_2_TYPOGRAPHY_KOREAN", "variables": {"BRAND_2_TYPOGRAPHY_KOREAN": "빙그레체"}, "session_id": "acd73275-693c-4478-b9ae-9395ee9b1363"}
{"timestamp": "2026-05-18T10:31:13.184400", "level": "DEBUG", "logger": "NameTag.Tracker", "message": "Variable set: BRAND_2_TYPOGRAPHY_ENGLISH", "variables": {"BRAND_2_TYPOGRAPHY_ENGLISH": "Comfortaa"}, "session_id": "acd73275-693c-4478-b9ae-9395ee9b1363"}
{"timestamp": "2026-05-18T10:31:13.185505", "level": "DEBUG", "logger": "NameTag.Tracker", "message": "Variable set: BRAND_2_TYPOGRAPHY_REASON", "variables": {"BRAND_2_TYPOGRAPHY_REASON": "끝처리가 둥근 서체를 사용하여 브랜드의 유머러스하고 친근한 성격을 강조했습니다."}, "session_id": "acd73275-693c-4478-b9ae-9395ee9b1363"}
{"timestamp": "2026-05-18T10:31:13.186649", "level": "DEBUG", "logger": "NameTag.Tracker", "message": "Variable set: BRAND_2_CHARACTER_NAME", "variables": {"BRAND_2_CHARACTER_NAME": "위티"}, "session_id": "acd73275-693c-4478-b9ae-9395ee9b1363"}
{"timestamp": "2026-05-18T10:31:13.187766", "level": "DEBUG", "logger": "NameTag.Tracker", "message": "Variable set: BRAND_2_CHARACTER_CONCEPT", "variables": {"BRAND_2_CHARACTER_CONCEPT": "형태가 자유자재로 변하는 말랑말랑한 노란색 구름"}, "session_id": "acd73275-693c-4478-b9ae-9395ee9b1363"}
{"timestamp": "2026-05-18T10:31:13.188874", "level": "DEBUG", "logger": "NameTag.Tracker", "message": "Variable set: BRAND_2_CHARACTER_PERSONALITY", "variables": {"BRAND_2_CHARACTER_PERSONALITY": "엉뚱함, 긍정적인, 장난기 넘치는"}, "session_id": "acd73275-693c-4478-b9ae-9395ee9b1363"}
{"timestamp": "2026-05-18T10:31:13.190047", "level": "DEBUG", "logger": "NameTag.Tracker", "message": "Variable set: BRAND_2_CHARACTER_VISUAL", "variables": {"BRAND_2_CHARACTER_VISUAL": "말랑한 젤리 같은 질감의 노란색 캐릭터입니다. 소품에 따라 형태가 변하며, 한쪽 눈을 윙크하고 있는 귀여운 표정이 포인트입니다."}, "session_id": "acd73275-693c-4478-b9ae-9395ee9b1363"}
{"timestamp": "2026-05-18T10:31:13.191324", "level": "DEBUG", "logger": "NameTag.Tracker", "message": "Variable set: BRAND_2_LOGO_DESIGN_BRAND_NAME", "variables": {"BRAND_2_LOGO_DESIGN_BRAND_NAME": "소소위트"}, "session_id": "acd73275-693c-4478-b9ae-9395ee9b1363"}
{"timestamp": "2026-05-18T10:31:13.192390", "level": "DEBUG", "logger": "NameTag.Tracker", "message": "Variable set: BRAND_2_LOGO_DESIGN_BRAND_TOPIC", "variables": {"BRAND_2_LOGO_DESIGN_BRAND_TOPIC": "트렌디한 위트 소품 셀렉샵"}, "session_id": "acd73275-693c-4478-b9ae-9395ee9b1363"}
{"timestamp": "2026-05-18T10:31:13.193500", "level": "DEBUG", "logger": "NameTag.Tracker", "message": "Variable set: BRAND_2_LOGO_DESIGN_CORE_VALUE", "variables": {"BRAND_2_LOGO_DESIGN_CORE_VALUE": "재치, 일상의 발견"}, "session_id": "acd73275-693c-4478-b9ae-9395ee9b1363"}
{"timestamp": "2026-05-18T10:31:13.194614", "level": "DEBUG", "logger": "NameTag.Tracker", "message": "Variable set: BRAND_2_LOGO_DESIGN_TARGET_MOOD", "variables": {"BRAND_2_LOGO_DESIGN_TARGET_MOOD": "통통 튀고 유머러스한 감성"}, "session_id": "acd73275-693c-4478-b9ae-9395ee9b1363"}
{"timestamp": "2026-05-18T10:31:13.195683", "level": "DEBUG", "logger": "NameTag.Tracker", "message": "Variable set: BRAND_2_LOGO_DESIGN_SYMBOL_TYPE", "variables": {"BRAND_2_LOGO_DESIGN_SYMBOL_TYPE": "윙크하는 구름 캐릭터 심볼"}, "session_id": "acd73275-693c-4478-b9ae-9395ee9b1363"}
{"timestamp": "2026-05-18T10:31:13.196719", "level": "DEBUG", "logger": "NameTag.Tracker", "message": "Variable set: BRAND_2_LOGO_DESIGN_FONT_STYLE", "variables": {"BRAND_2_LOGO_DESIGN_FONT_STYLE": "둥글고 볼륨감 있는 산세리프체"}, "session_id": "acd73275-693c-4478-b9ae-9395ee9b1363"}
{"timestamp": "2026-05-18T10:31:13.197927", "level": "DEBUG", "logger": "NameTag.Tracker", "message": "Variable set: BRAND_2_LOGO_DESIGN_FONT_REFERENCE", "variables": {"BRAND_2_LOGO_DESIGN_FONT_REFERENCE": "둥근고딕 계열"}, "session_id": "acd73275-693c-4478-b9ae-9395ee9b1363"}
{"timestamp": "2026-05-18T10:31:13.199193", "level": "DEBUG", "logger": "NameTag.Tracker", "message": "Variable set: BRAND_2_LOGO_DESIGN_FONT_WEIGHT", "variables": {"BRAND_2_LOGO_DESIGN_FONT_WEIGHT": "Bold"}, "session_id": "acd73275-693c-4478-b9ae-9395ee9b1363"}
{"timestamp": "2026-05-18T10:31:13.200280", "level": "DEBUG", "logger": "NameTag.Tracker", "message": "Variable set: BRAND_2_LOGO_DESIGN_BRAND_COLOR", "variables": {"BRAND_2_LOGO_DESIGN_BRAND_COLOR": "Sunny Yellow, Charcoal"}, "session_id": "acd73275-693c-4478-b9ae-9395ee9b1363"}
{"timestamp": "2026-05-18T10:31:13.201394", "level": "DEBUG", "logger": "NameTag.Tracker", "message": "Variable set: BRAND_2_LOGO_DESIGN_LOGO_TYPE", "variables": {"BRAND_2_LOGO_DESIGN_LOGO_TYPE": "심볼 강조형 로고"}, "session_id": "acd73275-693c-4478-b9ae-9395ee9b1363"}
{"timestamp": "2026-05-18T10:31:13.202459", "level": "DEBUG", "logger": "NameTag.Tracker", "message": "Variable set: BRAND_2_LOGO_DESIGN_BACKGROUND", "variables": {"BRAND_2_LOGO_DESIGN_BACKGROUND": "White"}, "session_id": "acd73275-693c-4478-b9ae-9395ee9b1363"}
{"timestamp": "2026-05-18T10:31:13.203483", "level": "DEBUG", "logger": "NameTag.Tracker", "message": "Variable set: BRAND_3_NAME", "variables": {"BRAND_3_NAME": "오후의 발굴 (Afternoon Pick)"}, "session_id": "acd73275-693c-4478-b9ae-9395ee9b1363"}
{"timestamp": "2026-05-18T10:31:13.204666", "level": "DEBUG", "logger": "NameTag.Tracker", "message": "Variable set: BRAND_3_MEANING", "variables": {"BRAND_3_MEANING": "나른한 오후, 나만의 보석 같은 소품을 찾아내는 발견의 즐거움을 의미합니다."}, "session_id": "acd73275-693c-4478-b9ae-9395ee9b1363"}
{"timestamp": "2026-05-18T10:31:13.205761", "level": "DEBUG", "logger": "NameTag.Tracker", "message": "Variable set: BRAND_3_STORY", "variables": {"BRAND_3_STORY": "취향을 수집하는 것은 자신을 알아가는 과정입니다. 감각적인 직장 여성을 위해 엄선된 아이템들을 통해 일상 속에 숨겨진 아름다운 순간들을 발굴해 보세요."}, "session_id": "acd73275-693c-4478-b9ae-9395ee9b1363"}
{"timestamp": "2026-05-18T10:31:13.206845", "level": "DEBUG", "logger": "NameTag.Tracker", "message": "Variable set: BRAND_3_SLOGAN", "variables": {"BRAND_3_SLOGAN": "취향을 찾는 가장 기분 좋은 시간"}, "session_id": "acd73275-693c-4478-b9ae-9395ee9b1363"}
{"timestamp": "2026-05-18T10:31:13.207981", "level": "DEBUG", "logger": "NameTag.Tracker", "message": "Variable set: BRAND_3_TYPOGRAPHY_KOREAN", "variables": {"BRAND_3_TYPOGRAPHY_KOREAN": "프리텐다드"}, "session_id": "acd73275-693c-4478-b9ae-9395ee9b1363"}
{"timestamp": "2026-05-18T10:31:13.209087", "level": "DEBUG", "logger": "NameTag.Tracker", "message": "Variable set: BRAND_3_TYPOGRAPHY_ENGLISH", "variables": {"BRAND_3_TYPOGRAPHY_ENGLISH": "DM Sans"}, "session_id": "acd73275-693c-4478-b9ae-9395ee9b1363"}
{"timestamp": "2026-05-18T10:31:13.210164", "level": "DEBUG", "logger": "NameTag.Tracker", "message": "Variable set: BRAND_3_TYPOGRAPHY_REASON", "variables": {"BRAND_3_TYPOGRAPHY_REASON": "깔끔하고 현대적인 산세리프체를 사용하여 트렌디하고 세련된 전문 셀렉샵의 이미지를 전달합니다."}, "session_id": "acd73275-693c-4478-b9ae-9395ee9b1363"}
{"timestamp": "2026-05-18T10:31:13.211371", "level": "DEBUG", "logger": "NameTag.Tracker", "message": "Variable set: BRAND_3_CHARACTER_NAME", "variables": {"BRAND_3_CHARACTER_NAME": "루페"}, "session_id": "acd73275-693c-4478-b9ae-9395ee9b1363"}
{"timestamp": "2026-05-18T10:31:13.212479", "level": "DEBUG", "logger": "NameTag.Tracker", "message": "Variable set: BRAND_3_CHARACTER_CONCEPT", "variables": {"BRAND_3_CHARACTER_CONCEPT": "돋보기를 들고 다니며 예쁜 것을 찾아내는 꼬마 탐험가"}, "session_id": "acd73275-693c-4478-b9ae-9395ee9b1363"}
{"timestamp": "2026-05-18T10:31:13.213576", "level": "DEBUG", "logger": "NameTag.Tracker", "message": "Variable set: BRAND_3_CHARACTER_PERSONALITY", "variables": {"BRAND_3_CHARACTER_PERSONALITY": "스마트함, 감각적인, 침착한"}, "session_id": "acd73275-693c-4478-b9ae-9395ee9b1363"}
{"timestamp": "2026-05-18T10:31:13.214849", "level": "DEBUG", "logger": "NameTag.Tracker", "message": "Variable set: BRAND_3_CHARACTER_VISUAL", "variables": {"BRAND_3_CHARACTER_VISUAL": "베이지색 탐험가 모자를 쓰고 돋보기를 목에 걸고 있습니다. 단정한 코트 차림에 반짝이는 눈을 가진 지적인 느낌의 캐릭터입니다."}, "session_id": "acd73275-693c-4478-b9ae-9395ee9b1363"}
{"timestamp": "2026-05-18T10:31:13.216126", "level": "DEBUG", "logger": "NameTag.Tracker", "message": "Variable set: BRAND_3_LOGO_DESIGN_BRAND_NAME", "variables": {"BRAND_3_LOGO_DESIGN_BRAND_NAME": "오후의 발굴"}, "session_id": "acd73275-693c-4478-b9ae-9395ee9b1363"}
{"timestamp": "2026-05-18T10:31:13.217198", "level": "DEBUG", "logger": "NameTag.Tracker", "message": "Variable set: BRAND_3_LOGO_DESIGN_BRAND_TOPIC", "variables": {"BRAND_3_LOGO_DESIGN_BRAND_TOPIC": "프리미엄 감성 소품 큐레이션"}, "session_id": "acd73275-693c-4478-b9ae-9395ee9b1363"}
{"timestamp": "2026-05-18T10:31:13.218571", "level": "DEBUG", "logger": "NameTag.Tracker", "message": "Variable set: BRAND_3_LOGO_DESIGN_CORE_VALUE", "variables": {"BRAND_3_LOGO_DESIGN_CORE_VALUE": "전문성, 발견"}, "session_id": "acd73275-693c-4478-b9ae-9395ee9b1363"}
{"timestamp": "2026-05-18T10:31:13.219702", "level": "DEBUG", "logger": "NameTag.Tracker", "message": "Variable set: BRAND_3_LOGO_DESIGN_TARGET_MOOD", "variables": {"BRAND_3_LOGO_DESIGN_TARGET_MOOD": "모던하고 미니멀한 무드"}, "session_id": "acd73275-693c-4478-b9ae-9395ee9b1363"}
{"timestamp": "2026-05-18T10:31:13.220767", "level": "DEBUG", "logger": "NameTag.Tracker", "message": "Variable set: BRAND_3_LOGO_DESIGN_SYMBOL_TYPE", "variables": {"BRAND_3_LOGO_DESIGN_SYMBOL_TYPE": "돋보기와 별이 합쳐진 미니멀 아이콘"}, "session_id": "acd73275-693c-4478-b9ae-9395ee9b1363"}
{"timestamp": "2026-05-18T10:31:13.221874", "level": "DEBUG", "logger": "NameTag.Tracker", "message": "Variable set: BRAND_3_LOGO_DESIGN_FONT_STYLE", "variables": {"BRAND_3_LOGO_DESIGN_FONT_STYLE": "간결하고 가독성이 높은 고딕체"}, "session_id": "acd73275-693c-4478-b9ae-9395ee9b1363"}
{"timestamp": "2026-05-18T10:31:13.222958", "level": "DEBUG", "logger": "NameTag.Tracker", "message": "Variable set: BRAND_3_LOGO_DESIGN_FONT_REFERENCE", "variables": {"BRAND_3_LOGO_DESIGN_FONT_REFERENCE": "애플산돌고딕"}, "session_id": "acd73275-693c-4478-b9ae-9395ee9b1363"}
{"timestamp": "2026-05-18T10:31:13.224077", "level": "DEBUG", "logger": "NameTag.Tracker", "message": "Variable set: BRAND_3_LOGO_DESIGN_FONT_WEIGHT", "variables": {"BRAND_3_LOGO_DESIGN_FONT_WEIGHT": "Light"}, "session_id": "acd73275-693c-4478-b9ae-9395ee9b1363"}
{"timestamp": "2026-05-18T10:31:13.225227", "level": "DEBUG", "logger": "NameTag.Tracker", "message": "Variable set: BRAND_3_LOGO_DESIGN_BRAND_COLOR", "variables": {"BRAND_3_LOGO_DESIGN_BRAND_COLOR": "Sage Green, Deep Navy"}, "session_id": "acd73275-693c-4478-b9ae-9395ee9b1363"}
{"timestamp": "2026-05-18T10:31:13.226324", "level": "DEBUG", "logger": "NameTag.Tracker", "message": "Variable set: BRAND_3_LOGO_DESIGN_LOGO_TYPE", "variables": {"BRAND_3_LOGO_DESIGN_LOGO_TYPE": "워드마크 중심의 깔끔한 구성"}, "session_id": "acd73275-693c-4478-b9ae-9395ee9b1363"}
{"timestamp": "2026-05-18T10:31:13.227388", "level": "DEBUG", "logger": "NameTag.Tracker", "message": "Variable set: BRAND_3_LOGO_DESIGN_BACKGROUND", "variables": {"BRAND_3_LOGO_DESIGN_BACKGROUND": "Soft Gray"}, "session_id": "acd73275-693c-4478-b9ae-9395ee9b1363"}
{"timestamp": "2026-05-18T10:31:13.227536", "level": "INFO", "logger": "NameTag.BrandGenerator", "message": "================================================================================"}
{"timestamp": "2026-05-18T10:31:13.227724", "level": "INFO", "logger": "NameTag.BrandGenerator", "message": "✅ PARSED RESULT (파싱된 결과)"}
{"timestamp": "2026-05-18T10:31:13.227919", "level": "INFO", "logger": "NameTag.BrandGenerator", "message": "================================================================================"}
{"timestamp": "2026-05-18T10:31:13.228085", "level": "INFO", "logger": "NameTag.BrandGenerator", "message": "\n📝 BRAND 1: 온기숲 (Ongisup)"}
{"timestamp": "2026-05-18T10:31:13.228276", "level": "INFO", "logger": "NameTag.BrandGenerator", "message": "  Meaning: 따뜻할 온(溫)과 기운 기(氣)를 사용하여, 숲처럼 편안하고 따뜻한 에너지를 전하는 공간이라는 의미입니다."}
{"timestamp": "2026-05-18T10:31:13.228453", "level": "INFO", "logger": "NameTag.BrandGenerator", "message": "  Story: 삭막한 도심 속에서 나만의 방을 작은 숲으로 가꾸고 싶은 30대 직장인들을 위해 태어났습니다. 자연에서 온 질감과 따뜻한 색감의 소품을 통해, 지친 하루의 끝에 가장 포근한 위로를 전하고자 합니다."}
{"timestamp": "2026-05-18T10:31:13.228621", "level": "INFO", "logger": "NameTag.BrandGenerator", "message": "  Slogan: 당신의 방에 심는 작은 온기 한 조각"}
{"timestamp": "2026-05-18T10:31:13.228789", "level": "INFO", "logger": "NameTag.BrandGenerator", "message": "  🔤 Typography:"}
{"timestamp": "2026-05-18T10:31:13.228946", "level": "INFO", "logger": "NameTag.BrandGenerator", "message": "     Korean: 나눔명조"}
{"timestamp": "2026-05-18T10:31:13.229113", "level": "INFO", "logger": "NameTag.BrandGenerator", "message": "     English: Playfair Display"}
{"timestamp": "2026-05-18T10:31:13.229268", "level": "INFO", "logger": "NameTag.BrandGenerator", "message": "     Reason: 명조체의 우아한 곡선이 따뜻하고 클래식한 분위기를 주며, 영문 세리프 폰트는 세련된 감성을 더해줍니다."}
{"timestamp": "2026-05-18T10:31:13.229434", "level": "INFO", "logger": "NameTag.BrandGenerator", "message": "  🎭 Character:"}
{"timestamp": "2026-05-18T10:31:13.229595", "level": "INFO", "logger": "NameTag.BrandGenerator", "message": "     Name: 다람이"}
{"timestamp": "2026-05-18T10:31:13.229786", "level": "INFO", "logger": "NameTag.BrandGenerator", "message": "     Concept: 숲속의 보물을 수집하여 선물하는 다정하고 부지런한 다람쥐"}
{"timestamp": "2026-05-18T10:31:13.229969", "level": "INFO", "logger": "NameTag.BrandGenerator", "message": "     Personality: 세심함, 포근함, 호기심 많은"}
{"timestamp": "2026-05-18T10:31:13.230145", "level": "INFO", "logger": "NameTag.BrandGenerator", "message": "     Visual: 동글동글한 볼과 도토리 가방을 멘 모습입니다. 따뜻한 브라운 컬러의 털과 나뭇잎 모양의 꼬리가 특징이며 항상 웃는 눈매를 가졌습니다."}
{"timestamp": "2026-05-18T10:31:13.230318", "level": "INFO", "logger": "NameTag.BrandGenerator", "message": "  🎨 Logo Design:"}
{"timestamp": "2026-05-18T10:31:13.230472", "level": "INFO", "logger": "NameTag.BrandGenerator", "message": "     brand_name: 온기숲"}
{"timestamp": "2026-05-18T10:31:13.230632", "level": "INFO", "logger": "NameTag.BrandGenerator", "message": "     brand_topic: 자연주의 감성 소품샵"}
{"timestamp": "2026-05-18T10:31:13.230818", "level": "INFO", "logger": "NameTag.BrandGenerator", "message": "     core_value: 따뜻함, 휴식"}
{"timestamp": "2026-05-18T10:31:13.230979", "level": "INFO", "logger": "NameTag.BrandGenerator", "message": "     target_mood: 편안하고 내추럴한 무드"}
{"timestamp": "2026-05-18T10:31:13.231138", "level": "INFO", "logger": "NameTag.BrandGenerator", "message": "     symbol_type: 나뭇잎과 집이 결합된 라인 아트"}
{"timestamp": "2026-05-18T10:31:13.231303", "level": "INFO", "logger": "NameTag.BrandGenerator", "message": "     font_style: 부드러운 곡선이 가미된 세리프체"}
{"timestamp": "2026-05-18T10:31:13.231465", "level": "INFO", "logger": "NameTag.BrandGenerator", "message": "     font_reference: 바탕체 계열의 커스텀 폰트"}
{"timestamp": "2026-05-18T10:31:13.231692", "level": "INFO", "logger": "NameTag.BrandGenerator", "message": "     font_weight: Medium"}
{"timestamp": "2026-05-18T10:31:13.231897", "level": "INFO", "logger": "NameTag.BrandGenerator", "message": "     brand_color: Forest Green, Warm Beige"}
{"timestamp": "2026-05-18T10:31:13.232080", "level": "INFO", "logger": "NameTag.BrandGenerator", "message": "     logo_type: 심볼과 로고타입 가로 조합형"}
{"timestamp": "2026-05-18T10:31:13.232266", "level": "INFO", "logger": "NameTag.BrandGenerator", "message": "     background: Ivory"}
{"timestamp": "2026-05-18T10:31:13.232429", "level": "INFO", "logger": "NameTag.BrandGenerator", "message": "\n📝 BRAND 2: 소소위트 (Soso Wit)"}
{"timestamp": "2026-05-18T10:31:13.232596", "level": "INFO", "logger": "NameTag.BrandGenerator", "message": "  Meaning: 소소한 일상(Soso)에 유머러스한 감각(Wit)을 더해 즐거움을 발견한다는 뜻입니다."}
{"timestamp": "2026-05-18T10:31:13.232791", "level": "INFO", "logger": "NameTag.BrandGenerator", "message": "  Story: 반복되는 업무 속에 지친 30대 여성들에게 피식 웃음이 나는 귀여운 소품을 제안합니다. 일상의 사소한 물건 하나가 주는 의외의 위트가 당신의 공간을 더 특별하게 만듭니다."}
{"timestamp": "2026-05-18T10:31:13.232964", "level": "INFO", "logger": "NameTag.BrandGenerator", "message": "  Slogan: 오늘의 기분을 바꾸는 귀여운 발견"}
{"timestamp": "2026-05-18T10:31:13.233122", "level": "INFO", "logger": "NameTag.BrandGenerator", "message": "  🔤 Typography:"}
{"timestamp": "2026-05-18T10:31:13.233286", "level": "INFO", "logger": "NameTag.BrandGenerator", "message": "     Korean: 빙그레체"}
{"timestamp": "2026-05-18T10:31:13.233449", "level": "INFO", "logger": "NameTag.BrandGenerator", "message": "     English: Comfortaa"}
{"timestamp": "2026-05-18T10:31:13.233621", "level": "INFO", "logger": "NameTag.BrandGenerator", "message": "     Reason: 끝처리가 둥근 서체를 사용하여 브랜드의 유머러스하고 친근한 성격을 강조했습니다."}
{"timestamp": "2026-05-18T10:31:13.233802", "level": "INFO", "logger": "NameTag.BrandGenerator", "message": "  🎭 Character:"}
{"timestamp": "2026-05-18T10:31:13.233985", "level": "INFO", "logger": "NameTag.BrandGenerator", "message": "     Name: 위티"}
{"timestamp": "2026-05-18T10:31:13.234152", "level": "INFO", "logger": "NameTag.BrandGenerator", "message": "     Concept: 형태가 자유자재로 변하는 말랑말랑한 노란색 구름"}
{"timestamp": "2026-05-18T10:31:13.234307", "level": "INFO", "logger": "NameTag.BrandGenerator", "message": "     Personality: 엉뚱함, 긍정적인, 장난기 넘치는"}
{"timestamp": "2026-05-18T10:31:13.234482", "level": "INFO", "logger": "NameTag.BrandGenerator", "message": "     Visual: 말랑한 젤리 같은 질감의 노란색 캐릭터입니다. 소품에 따라 형태가 변하며, 한쪽 눈을 윙크하고 있는 귀여운 표정이 포인트입니다."}
{"timestamp": "2026-05-18T10:31:13.234639", "level": "INFO", "logger": "NameTag.BrandGenerator", "message": "  🎨 Logo Design:"}
{"timestamp": "2026-05-18T10:31:13.234820", "level": "INFO", "logger": "NameTag.BrandGenerator", "message": "     brand_name: 소소위트"}
{"timestamp": "2026-05-18T10:31:13.234988", "level": "INFO", "logger": "NameTag.BrandGenerator", "message": "     brand_topic: 트렌디한 위트 소품 셀렉샵"}
{"timestamp": "2026-05-18T10:31:13.235151", "level": "INFO", "logger": "NameTag.BrandGenerator", "message": "     core_value: 재치, 일상의 발견"}
{"timestamp": "2026-05-18T10:31:13.235335", "level": "INFO", "logger": "NameTag.BrandGenerator", "message": "     target_mood: 통통 튀고 유머러스한 감성"}
{"timestamp": "2026-05-18T10:31:13.235497", "level": "INFO", "logger": "NameTag.BrandGenerator", "message": "     symbol_type: 윙크하는 구름 캐릭터 심볼"}
{"timestamp": "2026-05-18T10:31:13.235651", "level": "INFO", "logger": "NameTag.BrandGenerator", "message": "     font_style: 둥글고 볼륨감 있는 산세리프체"}
{"timestamp": "2026-05-18T10:31:13.235825", "level": "INFO", "logger": "NameTag.BrandGenerator", "message": "     font_reference: 둥근고딕 계열"}
{"timestamp": "2026-05-18T10:31:13.235981", "level": "INFO", "logger": "NameTag.BrandGenerator", "message": "     font_weight: Bold"}
{"timestamp": "2026-05-18T10:31:13.236130", "level": "INFO", "logger": "NameTag.BrandGenerator", "message": "     brand_color: Sunny Yellow, Charcoal"}
{"timestamp": "2026-05-18T10:31:13.236287", "level": "INFO", "logger": "NameTag.BrandGenerator", "message": "     logo_type: 심볼 강조형 로고"}
{"timestamp": "2026-05-18T10:31:13.236449", "level": "INFO", "logger": "NameTag.BrandGenerator", "message": "     background: White"}
{"timestamp": "2026-05-18T10:31:13.236598", "level": "INFO", "logger": "NameTag.BrandGenerator", "message": "\n📝 BRAND 3: 오후의 발굴 (Afternoon Pick)"}
{"timestamp": "2026-05-18T10:31:13.236775", "level": "INFO", "logger": "NameTag.BrandGenerator", "message": "  Meaning: 나른한 오후, 나만의 보석 같은 소품을 찾아내는 발견의 즐거움을 의미합니다."}
{"timestamp": "2026-05-18T10:31:13.236926", "level": "INFO", "logger": "NameTag.BrandGenerator", "message": "  Story: 취향을 수집하는 것은 자신을 알아가는 과정입니다. 감각적인 직장 여성을 위해 엄선된 아이템들을 통해 일상 속에 숨겨진 아름다운 순간들을 발굴해 보세요."}
{"timestamp": "2026-05-18T10:31:13.237089", "level": "INFO", "logger": "NameTag.BrandGenerator", "message": "  Slogan: 취향을 찾는 가장 기분 좋은 시간"}
{"timestamp": "2026-05-18T10:31:13.237254", "level": "INFO", "logger": "NameTag.BrandGenerator", "message": "  🔤 Typography:"}
{"timestamp": "2026-05-18T10:31:13.237421", "level": "INFO", "logger": "NameTag.BrandGenerator", "message": "     Korean: 프리텐다드"}
{"timestamp": "2026-05-18T10:31:13.237580", "level": "INFO", "logger": "NameTag.BrandGenerator", "message": "     English: DM Sans"}
{"timestamp": "2026-05-18T10:31:13.237745", "level": "INFO", "logger": "NameTag.BrandGenerator", "message": "     Reason: 깔끔하고 현대적인 산세리프체를 사용하여 트렌디하고 세련된 전문 셀렉샵의 이미지를 전달합니다."}
{"timestamp": "2026-05-18T10:31:13.237905", "level": "INFO", "logger": "NameTag.BrandGenerator", "message": "  🎭 Character:"}
{"timestamp": "2026-05-18T10:31:13.238067", "level": "INFO", "logger": "NameTag.BrandGenerator", "message": "     Name: 루페"}
{"timestamp": "2026-05-18T10:31:13.238217", "level": "INFO", "logger": "NameTag.BrandGenerator", "message": "     Concept: 돋보기를 들고 다니며 예쁜 것을 찾아내는 꼬마 탐험가"}
{"timestamp": "2026-05-18T10:31:13.238499", "level": "INFO", "logger": "NameTag.BrandGenerator", "message": "     Personality: 스마트함, 감각적인, 침착한"}
{"timestamp": "2026-05-18T10:31:13.238699", "level": "INFO", "logger": "NameTag.BrandGenerator", "message": "     Visual: 베이지색 탐험가 모자를 쓰고 돋보기를 목에 걸고 있습니다. 단정한 코트 차림에 반짝이는 눈을 가진 지적인 느낌의 캐릭터입니다."}
{"timestamp": "2026-05-18T10:31:13.238923", "level": "INFO", "logger": "NameTag.BrandGenerator", "message": "  🎨 Logo Design:"}
{"timestamp": "2026-05-18T10:31:13.239106", "level": "INFO", "logger": "NameTag.BrandGenerator", "message": "     brand_name: 오후의 발굴"}
{"timestamp": "2026-05-18T10:31:13.239310", "level": "INFO", "logger": "NameTag.BrandGenerator", "message": "     brand_topic: 프리미엄 감성 소품 큐레이션"}
{"timestamp": "2026-05-18T10:31:13.239465", "level": "INFO", "logger": "NameTag.BrandGenerator", "message": "     core_value: 전문성, 발견"}
{"timestamp": "2026-05-18T10:31:13.239617", "level": "INFO", "logger": "NameTag.BrandGenerator", "message": "     target_mood: 모던하고 미니멀한 무드"}
{"timestamp": "2026-05-18T10:31:13.239791", "level": "INFO", "logger": "NameTag.BrandGenerator", "message": "     symbol_type: 돋보기와 별이 합쳐진 미니멀 아이콘"}
{"timestamp": "2026-05-18T10:31:13.239956", "level": "INFO", "logger": "NameTag.BrandGenerator", "message": "     font_style: 간결하고 가독성이 높은 고딕체"}
{"timestamp": "2026-05-18T10:31:13.240121", "level": "INFO", "logger": "NameTag.BrandGenerator", "message": "     font_reference: 애플산돌고딕"}
{"timestamp": "2026-05-18T10:31:13.240317", "level": "INFO", "logger": "NameTag.BrandGenerator", "message": "     font_weight: Light"}
{"timestamp": "2026-05-18T10:31:13.240468", "level": "INFO", "logger": "NameTag.BrandGenerator", "message": "     brand_color: Sage Green, Deep Navy"}
{"timestamp": "2026-05-18T10:31:13.240634", "level": "INFO", "logger": "NameTag.BrandGenerator", "message": "     logo_type: 워드마크 중심의 깔끔한 구성"}
{"timestamp": "2026-05-18T10:31:13.240794", "level": "INFO", "logger": "NameTag.BrandGenerator", "message": "     background: Soft Gray"}
{"timestamp": "2026-05-18T10:31:13.240947", "level": "INFO", "logger": "NameTag.BrandGenerator", "message": "================================================================================"}
{"timestamp": "2026-05-18T10:31:13.241101", "level": "INFO", "logger": "NameTag.BrandGenerator", "message": "✅ Brand identity generated successfully"}
{"timestamp": "2026-05-18T10:31:18.557243", "level": "INFO", "logger": "NameTag.BrandGenerator", "message": "🚀 Starting brand identity generation (session: 81b0697d-4df5-4547-b4e1-b835dd0fd817)"}
{"timestamp": "2026-05-18T10:31:35.005916", "level": "INFO", "logger": "NameTag.BrandGenerator", "message": "✅ Response saved:"}
{"timestamp": "2026-05-18T10:31:35.006123", "level": "INFO", "logger": "NameTag.BrandGenerator", "message": "   📄 TXT: /logs/ai_responses/brand_identity_20260518_103135_81b0697d.txt"}
{"timestamp": "2026-05-18T10:31:35.006330", "level": "INFO", "logger": "NameTag.BrandGenerator", "message": "   📋 JSON: /logs/ai_responses/brand_identity_20260518_103135_81b0697d.json"}
{"timestamp": "2026-05-18T10:31:35.006530", "level": "INFO", "logger": "NameTag.BrandGenerator", "message": "===================================================================================================="}
{"timestamp": "2026-05-18T10:31:35.006715", "level": "INFO", "logger": "NameTag.BrandGenerator", "message": "📨 AI FULL RESPONSE (AI 전체 응답)"}
{"timestamp": "2026-05-18T10:31:35.006908", "level": "INFO", "logger": "NameTag.BrandGenerator", "message": "===================================================================================================="}
{"timestamp": "2026-05-18T10:31:35.007224", "level": "INFO", "logger": "NameTag.BrandGenerator", "message": "{"}
{"timestamp": "2026-05-18T10:31:35.007382", "level": "INFO", "logger": "NameTag.BrandGenerator", "message": "  \"brands\": ["}
{"timestamp": "2026-05-18T10:31:35.007545", "level": "INFO", "logger": "NameTag.BrandGenerator", "message": "    {"}
{"timestamp": "2026-05-18T10:31:35.007737", "level": "INFO", "logger": "NameTag.BrandGenerator", "message": "      \"name\": \"온도감 (Ondogam)\","}
{"timestamp": "2026-05-18T10:31:35.007928", "level": "INFO", "logger": "NameTag.BrandGenerator", "message": "      \"meaning\": \"공간의 '온도'와 물건의 '질감'을 결합한 이름으로, 일상에 따스한 온기를 더하는 소품을 제안한다는 의미입니다.\","}
{"timestamp": "2026-05-18T10:31:35.008118", "level": "INFO", "logger": "NameTag.BrandGenerator", "message": "      \"story\": \"반복되는 직장 생활 속에서 나를 위로하는 것은 결국 손때 묻은 작은 소품들입니다. 퇴근 후 나만의 공간에서 만나는 따뜻한 조명과 포근한 패브릭이 당신의 마음 온도를 1도 높여줍니다. 소소하지만 확실한 온기를 발견하는 즐거움을 선사합니다.\","}
{"timestamp": "2026-05-18T10:31:35.008304", "level": "INFO", "logger": "NameTag.BrandGenerator", "message": "      \"slogan\": \"당신의 일상에 다정한 온기를 채우는 시간\","}
{"timestamp": "2026-05-18T10:31:35.008500", "level": "INFO", "logger": "NameTag.BrandGenerator", "message": "      \"typography\": {"}
{"timestamp": "2026-05-18T10:31:35.008675", "level": "INFO", "logger": "NameTag.BrandGenerator", "message": "        \"korean\": \"나눔명조\","}
{"timestamp": "2026-05-18T10:31:35.008832", "level": "INFO", "logger": "NameTag.BrandGenerator", "message": "        \"english\": \"Playfair Display\","}
{"timestamp": "2026-05-18T10:31:35.009029", "level": "INFO", "logger": "NameTag.BrandGenerator", "message": "        \"reason\": \"명조 계열의 우아한 곡선이 따뜻하고 감성적인 분위기를 주며, 영문 세리프체는 30대 여성에게 신뢰감과 세련미를 동시에 전달합니다.\""}
{"timestamp": "2026-05-18T10:31:35.009208", "level": "INFO", "logger": "NameTag.BrandGenerator", "message": "      },"}
{"timestamp": "2026-05-18T10:31:35.009395", "level": "INFO", "logger": "NameTag.BrandGenerator", "message": "      \"character\": {"}
{"timestamp": "2026-05-18T10:31:35.009595", "level": "INFO", "logger": "NameTag.BrandGenerator", "message": "        \"name\": \"온이 (On-i)\","}
{"timestamp": "2026-05-18T10:31:35.009791", "level": "INFO", "logger": "NameTag.BrandGenerator", "message": "        \"concept\": \"따뜻한 김이 모락모락 피어오르는 찻잔을 닮은 요정\","}
{"timestamp": "2026-05-18T10:31:35.010025", "level": "INFO", "logger": "NameTag.BrandGenerator", "message": "        \"personality\": \"다정다감한, 조용한, 세심한\","}
{"timestamp": "2026-05-18T10:31:35.010220", "level": "INFO", "logger": "NameTag.BrandGenerator", "message": "        \"visual\": \"연한 베이지색의 둥근 몸체 위에 머리 위로 작은 수증기 모양의 꼬리가 달려 있습니다. 항상 작은 화분이나 찻잔을 소중하게 들고 다니며 눈을 지그시 감고 미소 짓는 표정입니다.\""}
{"timestamp": "2026-05-18T10:31:35.010376", "level": "INFO", "logger": "NameTag.BrandGenerator", "message": "      },"}
{"timestamp": "2026-05-18T10:31:35.010567", "level": "INFO", "logger": "NameTag.BrandGenerator", "message": "      \"logo_design\": {"}
{"timestamp": "2026-05-18T10:31:35.010746", "level": "INFO", "logger": "NameTag.BrandGenerator", "message": "        \"brand_name\": \"온도감\","}
{"timestamp": "2026-05-18T10:31:35.010900", "level": "INFO", "logger": "NameTag.BrandGenerator", "message": "        \"brand_topic\": \"감성 인테리어 소품 셀렉샵\","}
{"timestamp": "2026-05-18T10:31:35.011073", "level": "INFO", "logger": "NameTag.BrandGenerator", "message": "        \"core_value\": \"따뜻함, 안식\","}
{"timestamp": "2026-05-18T10:31:35.011238", "level": "INFO", "logger": "NameTag.BrandGenerator", "message": "        \"target_mood\": \"포근하고 정갈한 감성\","}
{"timestamp": "2026-05-18T10:31:35.011393", "level": "INFO", "logger": "NameTag.BrandGenerator", "message": "        \"symbol_type\": \"찻잔과 식물이 결합된 미니멀한 라인 아트\","}
{"timestamp": "2026-05-18T10:31:35.011562", "level": "INFO", "logger": "NameTag.BrandGenerator", "message": "        \"font_style\": \"부드러운 곡선이 강조된 세리프체\","}
{"timestamp": "2026-05-18T10:31:35.011738", "level": "INFO", "logger": "NameTag.BrandGenerator", "message": "        \"font_reference\": \"바탕체 스타일의 현대적 재해석\","}
{"timestamp": "2026-05-18T10:31:35.011903", "level": "INFO", "logger": "NameTag.BrandGenerator", "message": "        \"font_weight\": \"Medium\","}
{"timestamp": "2026-05-18T10:31:35.012057", "level": "INFO", "logger": "NameTag.BrandGenerator", "message": "        \"brand_color\": \"웜 베이지, 테라코타 오렌지\","}
{"timestamp": "2026-05-18T10:31:35.012224", "level": "INFO", "logger": "NameTag.BrandGenerator", "message": "        \"logo_type\": \"심볼과 로고타이프 가로 조합형\","}
{"timestamp": "2026-05-18T10:31:35.012391", "level": "INFO", "logger": "NameTag.BrandGenerator", "message": "        \"background\": \"아이보리\""}
{"timestamp": "2026-05-18T10:31:35.012601", "level": "INFO", "logger": "NameTag.BrandGenerator", "message": "      }"}
{"timestamp": "2026-05-18T10:31:35.012761", "level": "INFO", "logger": "NameTag.BrandGenerator", "message": "    },"}
{"timestamp": "2026-05-18T10:31:35.012933", "level": "INFO", "logger": "NameTag.BrandGenerator", "message": "    {"}
{"timestamp": "2026-05-18T10:31:35.013074", "level": "INFO", "logger": "NameTag.BrandGenerator", "message": "      \"name\": \"숨표숲 (Sumpyo Forest)\","}
{"timestamp": "2026-05-18T10:31:35.013250", "level": "INFO", "logger": "NameTag.BrandGenerator", "message": "      \"meaning\": \"쉼표를 뜻하는 '숨표'와 자연을 의미하는 '숲'의 합성어로, 바쁜 일상 중 잠시 숨을 고르는 숲 같은 공간을 의미합니다.\","}
{"timestamp": "2026-05-18T10:31:35.013412", "level": "INFO", "logger": "NameTag.BrandGenerator", "message": "      \"story\": \"회색빛 빌딩 숲에서 벗어나 나만의 책상 위에 작은 숲을 들여보세요. 자연에서 온 소재와 초록의 에너지를 담은 소품들이 당신의 호흡을 한결 가볍게 만들어줍니다. 우리가 발견한 작은 초록이 당신의 가장 편안한 숨표가 되길 바랍니다.\","}
{"timestamp": "2026-05-18T10:31:35.013575", "level": "INFO", "logger": "NameTag.BrandGenerator", "message": "      \"slogan\": \"도심 속에서 발견한 당신만의 작은 숲\","}
{"timestamp": "2026-05-18T10:31:35.013738", "level": "INFO", "logger": "NameTag.BrandGenerator", "message": "      \"typography\": {"}
{"timestamp": "2026-05-18T10:31:35.013879", "level": "INFO", "logger": "NameTag.BrandGenerator", "message": "        \"korean\": \"프리텐다드 (Pretendard)\","}
{"timestamp": "2026-05-18T10:31:35.014023", "level": "INFO", "logger": "NameTag.BrandGenerator", "message": "        \"english\": \"DM Sans\","}
{"timestamp": "2026-05-18T10:31:35.014182", "level": "INFO", "logger": "NameTag.BrandGenerator", "message": "        \"reason\": \"깔끔하고 현대적인 산세리프체를 사용하여 자연친화적이면서도 트렌디한 느낌을 주며 모바일 쇼핑 환경에서 가독성이 높습니다.\""}
{"timestamp": "2026-05-18T10:31:35.014343", "level": "INFO", "logger": "NameTag.BrandGenerator", "message": "      },"}
{"timestamp": "2026-05-18T10:31:35.014501", "level": "INFO", "logger": "NameTag.BrandGenerator", "message": "      \"character\": {"}
{"timestamp": "2026-05-18T10:31:35.014642", "level": "INFO", "logger": "NameTag.BrandGenerator", "message": "        \"name\": \"포레 (Fore)\","}
{"timestamp": "2026-05-18T10:31:35.014797", "level": "INFO", "logger": "NameTag.BrandGenerator", "message": "        \"concept\": \"쉼표 모양의 꼬리를 가진 작은 나무늘보\","}
{"timestamp": "2026-05-18T10:31:35.014943", "level": "INFO", "logger": "NameTag.BrandGenerator", "message": "        \"personality\": \"느긋한, 자연을 사랑하는, 평화로운\","}
{"timestamp": "2026-05-18T10:31:35.015116", "level": "INFO", "logger": "NameTag.BrandGenerator", "message": "        \"visual\": \"연한 올리브색 털을 가졌으며 나뭇잎 모양의 안대를 머리에 쓰고 있습니다. 쉼표처럼 휘어진 꼬리로 어디든 매달려 여유를 즐기며 주변에 항상 작은 풀꽃이 피어납니다.\""}
{"timestamp": "2026-05-18T10:31:35.015270", "level": "INFO", "logger": "NameTag.BrandGenerator", "message": "      },"}
{"timestamp": "2026-05-18T10:31:35.015432", "level": "INFO", "logger": "NameTag.BrandGenerator", "message": "      \"logo_design\": {"}
{"timestamp": "2026-05-18T10:31:35.015585", "level": "INFO", "logger": "NameTag.BrandGenerator", "message": "        \"brand_name\": \"숨표숲\","}
{"timestamp": "2026-05-18T10:31:35.015748", "level": "INFO", "logger": "NameTag.BrandGenerator", "message": "        \"brand_topic\": \"자연주의 리빙 소품샵\","}
{"timestamp": "2026-05-18T10:31:35.015917", "level": "INFO", "logger": "NameTag.BrandGenerator", "message": "        \"core_value\": \"자연친화, 휴식\","}
{"timestamp": "2026-05-18T10:31:35.016112", "level": "INFO", "logger": "NameTag.BrandGenerator", "message": "        \"target_mood\": \"싱그럽고 내추럴한 무드\","}
{"timestamp": "2026-05-18T10:31:35.016332", "level": "INFO", "logger": "NameTag.BrandGenerator", "message": "        \"symbol_type\": \"쉼표 문장부호 안에 나뭇잎 형상을 녹여낸 심볼\","}
{"timestamp": "2026-05-18T10:31:35.016519", "level": "INFO", "logger": "NameTag.BrandGenerator", "message": "        \"font_style\": \"정갈하고 모던한 산세리프체\","}
{"timestamp": "2026-05-18T10:31:35.016702", "level": "INFO", "logger": "NameTag.BrandGenerator", "message": "        \"font_reference\": \"애플 고딕 느낌의 깔끔함\","}
{"timestamp": "2026-05-18T10:31:35.016871", "level": "INFO", "logger": "NameTag.BrandGenerator", "message": "        \"font_weight\": \"Regular\","}
{"timestamp": "2026-05-18T10:31:35.017036", "level": "INFO", "logger": "NameTag.BrandGenerator", "message": "        \"brand_color\": \"세이지 그린, 다크 우드 브라운\","}
{"timestamp": "2026-05-18T10:31:35.017214", "level": "INFO", "logger": "NameTag.BrandGenerator", "message": "        \"logo_type\": \"심볼 강조형 원형 로고\","}
{"timestamp": "2026-05-18T10:31:35.017393", "level": "INFO", "logger": "NameTag.BrandGenerator", "message": "        \"background\": \"연한 페일 그린\""}
{"timestamp": "2026-05-18T10:31:35.017547", "level": "INFO", "logger": "NameTag.BrandGenerator", "message": "      }"}
{"timestamp": "2026-05-18T10:31:35.017699", "level": "INFO", "logger": "NameTag.BrandGenerator", "message": "    },"}
{"timestamp": "2026-05-18T10:31:35.017860", "level": "INFO", "logger": "NameTag.BrandGenerator", "message": "    {"}
{"timestamp": "2026-05-18T10:31:35.018016", "level": "INFO", "logger": "NameTag.BrandGenerator", "message": "      \"name\": \"키치로그 (Kitschlog)\","}
{"timestamp": "2026-05-18T10:31:35.018165", "level": "INFO", "logger": "NameTag.BrandGenerator", "message": "      \"meaning\": \"위트 있는 '키치(Kitsch)'함과 일상의 기록인 '로그(Log)'를 결합하여 재미있는 발견을 기록한다는 뜻입니다.\","}
{"timestamp": "2026-05-18T10:31:35.018319", "level": "INFO", "logger": "NameTag.BrandGenerator", "message": "      \"story\": \"진지한 삶 속에서도 가끔은 엉뚱한 상상이 필요합니다. 평범한 물건에 더해진 한 끗 차이의 유머가 업무로 지친 당신의 오후를 피식 웃게 만들 거예요. 세련된 감각에 유머러스한 한 스푼을 더한 아이템들을 소개합니다.\","}
{"timestamp": "2026-05-18T10:31:35.018481", "level": "INFO", "logger": "NameTag.BrandGenerator", "message": "      \"slogan\": \"뻔한 일상을 뒤집는 유쾌한 오브제\","}
{"timestamp": "2026-05-18T10:31:35.018632", "level": "INFO", "logger": "NameTag.BrandGenerator", "message": "      \"typography\": {"}
{"timestamp": "2026-05-18T10:31:35.018803", "level": "INFO", "logger": "NameTag.BrandGenerator", "message": "        \"korean\": \"빙그레체\","}
{"timestamp": "2026-05-18T10:31:35.018966", "level": "INFO", "logger": "NameTag.BrandGenerator", "message": "        \"english\": \"Fredoka One\","}
{"timestamp": "2026-05-18T10:31:35.019115", "level": "INFO", "logger": "NameTag.BrandGenerator", "message": "        \"reason\": \"둥글고 볼륨감 있는 서체를 선택하여 브랜드의 유머러스하고 친근한 성격을 강조하며 시각적인 즐거움을 줍니다.\""}
{"timestamp": "2026-05-18T10:31:35.019279", "level": "INFO", "logger": "NameTag.BrandGenerator", "message": "      },"}
{"timestamp": "2026-05-18T10:31:35.019431", "level": "INFO", "logger": "NameTag.BrandGenerator", "message": "      \"character\": {"}
{"timestamp": "2026-05-18T10:31:35.019583", "level": "INFO", "logger": "NameTag.BrandGenerator", "message": "        \"name\": \"로그곰 (Log-Gom)\","}
{"timestamp": "2026-05-18T10:31:35.019724", "level": "INFO", "logger": "NameTag.BrandGenerator", "message": "        \"concept\": \"힙한 안경을 쓴 호기심 많은 곰\","}
{"timestamp": "2026-05-18T10:31:35.019872", "level": "INFO", "logger": "NameTag.BrandGenerator", "message": "        \"personality\": \"장난기 많은, 트렌디한, 엉뚱한\","}
{"timestamp": "2026-05-18T10:31:35.020028", "level": "INFO", "logger": "NameTag.BrandGenerator", "message": "        \"visual\": \"비비드한 노란색 몸에 보라색 선글라스를 머리에 얹고 있습니다. 항상 한 손에는 카메라를 들고 재미있는 물건을 찾아다니며, 발바닥 모양이 따옴표 모양인 것이 특징입니다.\""}
{"timestamp": "2026-05-18T10:31:35.020238", "level": "INFO", "logger": "NameTag.BrandGenerator", "message": "      },"}
{"timestamp": "2026-05-18T10:31:35.020393", "level": "INFO", "logger": "NameTag.BrandGenerator", "message": "      \"logo_design\": {"}
{"timestamp": "2026-05-18T10:31:35.020543", "level": "INFO", "logger": "NameTag.BrandGenerator", "message": "        \"brand_name\": \"키치로그\","}
{"timestamp": "2026-05-18T10:31:35.020720", "level": "INFO", "logger": "NameTag.BrandGenerator", "message": "        \"brand_topic\": \"유니크/디자인 소품 셀렉샵\","}
{"timestamp": "2026-05-18T10:31:35.020871", "level": "INFO", "logger": "NameTag.BrandGenerator", "message": "        \"core_value\": \"유머, 트렌디\","}
{"timestamp": "2026-05-18T10:31:35.021029", "level": "INFO", "logger": "NameTag.BrandGenerator", "message": "        \"target_mood\": \"생기 있고 위트 있는 분위기\","}
{"timestamp": "2026-05-18T10:31:35.021179", "level": "INFO", "logger": "NameTag.BrandGenerator", "message": "        \"symbol_type\": \"윙크하는 눈과 웃는 입매를 형상화한 그래픽\","}
{"timestamp": "2026-05-18T10:31:35.021327", "level": "INFO", "logger": "NameTag.BrandGenerator", "message": "        \"font_style\": \"두껍고 둥근 볼드체\","}
{"timestamp": "2026-05-18T10:31:35.021505", "level": "INFO", "logger": "NameTag.BrandGenerator", "message": "        \"font_reference\": \"팝아트 스타일의 서체\","}
{"timestamp": "2026-05-18T10:31:35.021686", "level": "INFO", "logger": "NameTag.BrandGenerator", "message": "        \"font_weight\": \"Bold\","}
{"timestamp": "2026-05-18T10:31:35.021847", "level": "INFO", "logger": "NameTag.BrandGenerator", "message": "        \"brand_color\": \"머스타드 옐로우, 일렉트릭 블루\","}
{"timestamp": "2026-05-18T10:31:35.022014", "level": "INFO", "logger": "NameTag.BrandGenerator", "message": "        \"logo_type\": \"워드마크 중심의 엠블럼형\","}
{"timestamp": "2026-05-18T10:31:35.022177", "level": "INFO", "logger": "NameTag.BrandGenerator", "message": "        \"background\": \"화이트\""}
{"timestamp": "2026-05-18T10:31:35.022331", "level": "INFO", "logger": "NameTag.BrandGenerator", "message": "      }"}
{"timestamp": "2026-05-18T10:31:35.022480", "level": "INFO", "logger": "NameTag.BrandGenerator", "message": "    }"}
{"timestamp": "2026-05-18T10:31:35.022630", "level": "INFO", "logger": "NameTag.BrandGenerator", "message": "  ]"}
{"timestamp": "2026-05-18T10:31:35.022797", "level": "INFO", "logger": "NameTag.BrandGenerator", "message": "}"}
{"timestamp": "2026-05-18T10:31:35.022949", "level": "INFO", "logger": "NameTag.BrandGenerator", "message": "===================================================================================================="}
{"timestamp": "2026-05-18T10:31:35.024339", "level": "DEBUG", "logger": "NameTag.Tracker", "message": "Variable set: BRAND_1_NAME", "variables": {"BRAND_1_NAME": "온도감 (Ondogam)"}, "session_id": "81b0697d-4df5-4547-b4e1-b835dd0fd817"}
{"timestamp": "2026-05-18T10:31:35.025474", "level": "DEBUG", "logger": "NameTag.Tracker", "message": "Variable set: BRAND_1_MEANING", "variables": {"BRAND_1_MEANING": "공간의 '온도'와 물건의 '질감'을 결합한 이름으로, 일상에 따스한 온기를 더하는 소품을 제안한다는 의미입니다."}, "session_id": "81b0697d-4df5-4547-b4e1-b835dd0fd817"}
{"timestamp": "2026-05-18T10:31:35.026522", "level": "DEBUG", "logger": "NameTag.Tracker", "message": "Variable set: BRAND_1_STORY", "variables": {"BRAND_1_STORY": "반복되는 직장 생활 속에서 나를 위로하는 것은 결국 손때 묻은 작은 소품들입니다. 퇴근 후 나만의 공간에서 만나는 따뜻한 조명과 포근한 패브릭이 당신의 마음 온도를 1도 높여줍니다. 소소하지만 확실한 온기를 발견하는 즐거움을 선사합니다."}, "session_id": "81b0697d-4df5-4547-b4e1-b835dd0fd817"}
{"timestamp": "2026-05-18T10:31:35.027600", "level": "DEBUG", "logger": "NameTag.Tracker", "message": "Variable set: BRAND_1_SLOGAN", "variables": {"BRAND_1_SLOGAN": "당신의 일상에 다정한 온기를 채우는 시간"}, "session_id": "81b0697d-4df5-4547-b4e1-b835dd0fd817"}
{"timestamp": "2026-05-18T10:31:35.028651", "level": "DEBUG", "logger": "NameTag.Tracker", "message": "Variable set: BRAND_1_TYPOGRAPHY_KOREAN", "variables": {"BRAND_1_TYPOGRAPHY_KOREAN": "나눔명조"}, "session_id": "81b0697d-4df5-4547-b4e1-b835dd0fd817"}
{"timestamp": "2026-05-18T10:31:35.029700", "level": "DEBUG", "logger": "NameTag.Tracker", "message": "Variable set: BRAND_1_TYPOGRAPHY_ENGLISH", "variables": {"BRAND_1_TYPOGRAPHY_ENGLISH": "Playfair Display"}, "session_id": "81b0697d-4df5-4547-b4e1-b835dd0fd817"}
{"timestamp": "2026-05-18T10:31:35.030999", "level": "DEBUG", "logger": "NameTag.Tracker", "message": "Variable set: BRAND_1_TYPOGRAPHY_REASON", "variables": {"BRAND_1_TYPOGRAPHY_REASON": "명조 계열의 우아한 곡선이 따뜻하고 감성적인 분위기를 주며, 영문 세리프체는 30대 여성에게 신뢰감과 세련미를 동시에 전달합니다."}, "session_id": "81b0697d-4df5-4547-b4e1-b835dd0fd817"}
{"timestamp": "2026-05-18T10:31:35.032089", "level": "DEBUG", "logger": "NameTag.Tracker", "message": "Variable set: BRAND_1_CHARACTER_NAME", "variables": {"BRAND_1_CHARACTER_NAME": "온이 (On-i)"}, "session_id": "81b0697d-4df5-4547-b4e1-b835dd0fd817"}
{"timestamp": "2026-05-18T10:31:35.033250", "level": "DEBUG", "logger": "NameTag.Tracker", "message": "Variable set: BRAND_1_CHARACTER_CONCEPT", "variables": {"BRAND_1_CHARACTER_CONCEPT": "따뜻한 김이 모락모락 피어오르는 찻잔을 닮은 요정"}, "session_id": "81b0697d-4df5-4547-b4e1-b835dd0fd817"}
{"timestamp": "2026-05-18T10:31:35.034411", "level": "DEBUG", "logger": "NameTag.Tracker", "message": "Variable set: BRAND_1_CHARACTER_PERSONALITY", "variables": {"BRAND_1_CHARACTER_PERSONALITY": "다정다감한, 조용한, 세심한"}, "session_id": "81b0697d-4df5-4547-b4e1-b835dd0fd817"}
{"timestamp": "2026-05-18T10:31:35.035487", "level": "DEBUG", "logger": "NameTag.Tracker", "message": "Variable set: BRAND_1_CHARACTER_VISUAL", "variables": {"BRAND_1_CHARACTER_VISUAL": "연한 베이지색의 둥근 몸체 위에 머리 위로 작은 수증기 모양의 꼬리가 달려 있습니다. 항상 작은 화분이나 찻잔을 소중하게 들고 다니며 눈을 지그시 감고 미소 짓는 표정입니다."}, "session_id": "81b0697d-4df5-4547-b4e1-b835dd0fd817"}
{"timestamp": "2026-05-18T10:31:35.036587", "level": "DEBUG", "logger": "NameTag.Tracker", "message": "Variable set: BRAND_1_LOGO_DESIGN_BRAND_NAME", "variables": {"BRAND_1_LOGO_DESIGN_BRAND_NAME": "온도감"}, "session_id": "81b0697d-4df5-4547-b4e1-b835dd0fd817"}
{"timestamp": "2026-05-18T10:31:35.038048", "level": "DEBUG", "logger": "NameTag.Tracker", "message": "Variable set: BRAND_1_LOGO_DESIGN_BRAND_TOPIC", "variables": {"BRAND_1_LOGO_DESIGN_BRAND_TOPIC": "감성 인테리어 소품 셀렉샵"}, "session_id": "81b0697d-4df5-4547-b4e1-b835dd0fd817"}
{"timestamp": "2026-05-18T10:31:35.039195", "level": "DEBUG", "logger": "NameTag.Tracker", "message": "Variable set: BRAND_1_LOGO_DESIGN_CORE_VALUE", "variables": {"BRAND_1_LOGO_DESIGN_CORE_VALUE": "따뜻함, 안식"}, "session_id": "81b0697d-4df5-4547-b4e1-b835dd0fd817"}
{"timestamp": "2026-05-18T10:31:35.040242", "level": "DEBUG", "logger": "NameTag.Tracker", "message": "Variable set: BRAND_1_LOGO_DESIGN_TARGET_MOOD", "variables": {"BRAND_1_LOGO_DESIGN_TARGET_MOOD": "포근하고 정갈한 감성"}, "session_id": "81b0697d-4df5-4547-b4e1-b835dd0fd817"}
{"timestamp": "2026-05-18T10:31:35.041319", "level": "DEBUG", "logger": "NameTag.Tracker", "message": "Variable set: BRAND_1_LOGO_DESIGN_SYMBOL_TYPE", "variables": {"BRAND_1_LOGO_DESIGN_SYMBOL_TYPE": "찻잔과 식물이 결합된 미니멀한 라인 아트"}, "session_id": "81b0697d-4df5-4547-b4e1-b835dd0fd817"}
{"timestamp": "2026-05-18T10:31:35.042434", "level": "DEBUG", "logger": "NameTag.Tracker", "message": "Variable set: BRAND_1_LOGO_DESIGN_FONT_STYLE", "variables": {"BRAND_1_LOGO_DESIGN_FONT_STYLE": "부드러운 곡선이 강조된 세리프체"}, "session_id": "81b0697d-4df5-4547-b4e1-b835dd0fd817"}
{"timestamp": "2026-05-18T10:31:35.043504", "level": "DEBUG", "logger": "NameTag.Tracker", "message": "Variable set: BRAND_1_LOGO_DESIGN_FONT_REFERENCE", "variables": {"BRAND_1_LOGO_DESIGN_FONT_REFERENCE": "바탕체 스타일의 현대적 재해석"}, "session_id": "81b0697d-4df5-4547-b4e1-b835dd0fd817"}
{"timestamp": "2026-05-18T10:31:35.044782", "level": "DEBUG", "logger": "NameTag.Tracker", "message": "Variable set: BRAND_1_LOGO_DESIGN_FONT_WEIGHT", "variables": {"BRAND_1_LOGO_DESIGN_FONT_WEIGHT": "Medium"}, "session_id": "81b0697d-4df5-4547-b4e1-b835dd0fd817"}
{"timestamp": "2026-05-18T10:31:35.045970", "level": "DEBUG", "logger": "NameTag.Tracker", "message": "Variable set: BRAND_1_LOGO_DESIGN_BRAND_COLOR", "variables": {"BRAND_1_LOGO_DESIGN_BRAND_COLOR": "웜 베이지, 테라코타 오렌지"}, "session_id": "81b0697d-4df5-4547-b4e1-b835dd0fd817"}
{"timestamp": "2026-05-18T10:31:35.047234", "level": "DEBUG", "logger": "NameTag.Tracker", "message": "Variable set: BRAND_1_LOGO_DESIGN_LOGO_TYPE", "variables": {"BRAND_1_LOGO_DESIGN_LOGO_TYPE": "심볼과 로고타이프 가로 조합형"}, "session_id": "81b0697d-4df5-4547-b4e1-b835dd0fd817"}
{"timestamp": "2026-05-18T10:31:35.048430", "level": "DEBUG", "logger": "NameTag.Tracker", "message": "Variable set: BRAND_1_LOGO_DESIGN_BACKGROUND", "variables": {"BRAND_1_LOGO_DESIGN_BACKGROUND": "아이보리"}, "session_id": "81b0697d-4df5-4547-b4e1-b835dd0fd817"}
{"timestamp": "2026-05-18T10:31:35.049477", "level": "DEBUG", "logger": "NameTag.Tracker", "message": "Variable set: BRAND_2_NAME", "variables": {"BRAND_2_NAME": "숨표숲 (Sumpyo Forest)"}, "session_id": "81b0697d-4df5-4547-b4e1-b835dd0fd817"}
{"timestamp": "2026-05-18T10:31:35.050606", "level": "DEBUG", "logger": "NameTag.Tracker", "message": "Variable set: BRAND_2_MEANING", "variables": {"BRAND_2_MEANING": "쉼표를 뜻하는 '숨표'와 자연을 의미하는 '숲'의 합성어로, 바쁜 일상 중 잠시 숨을 고르는 숲 같은 공간을 의미합니다."}, "session_id": "81b0697d-4df5-4547-b4e1-b835dd0fd817"}
{"timestamp": "2026-05-18T10:31:35.051920", "level": "DEBUG", "logger": "NameTag.Tracker", "message": "Variable set: BRAND_2_STORY", "variables": {"BRAND_2_STORY": "회색빛 빌딩 숲에서 벗어나 나만의 책상 위에 작은 숲을 들여보세요. 자연에서 온 소재와 초록의 에너지를 담은 소품들이 당신의 호흡을 한결 가볍게 만들어줍니다. 우리가 발견한 작은 초록이 당신의 가장 편안한 숨표가 되길 바랍니다."}, "session_id": "81b0697d-4df5-4547-b4e1-b835dd0fd817"}
{"timestamp": "2026-05-18T10:31:35.053068", "level": "DEBUG", "logger": "NameTag.Tracker", "message": "Variable set: BRAND_2_SLOGAN", "variables": {"BRAND_2_SLOGAN": "도심 속에서 발견한 당신만의 작은 숲"}, "session_id": "81b0697d-4df5-4547-b4e1-b835dd0fd817"}
{"timestamp": "2026-05-18T10:31:35.054196", "level": "DEBUG", "logger": "NameTag.Tracker", "message": "Variable set: BRAND_2_TYPOGRAPHY_KOREAN", "variables": {"BRAND_2_TYPOGRAPHY_KOREAN": "프리텐다드 (Pretendard)"}, "session_id": "81b0697d-4df5-4547-b4e1-b835dd0fd817"}
{"timestamp": "2026-05-18T10:31:35.055341", "level": "DEBUG", "logger": "NameTag.Tracker", "message": "Variable set: BRAND_2_TYPOGRAPHY_ENGLISH", "variables": {"BRAND_2_TYPOGRAPHY_ENGLISH": "DM Sans"}, "session_id": "81b0697d-4df5-4547-b4e1-b835dd0fd817"}
{"timestamp": "2026-05-18T10:31:35.056373", "level": "DEBUG", "logger": "NameTag.Tracker", "message": "Variable set: BRAND_2_TYPOGRAPHY_REASON", "variables": {"BRAND_2_TYPOGRAPHY_REASON": "깔끔하고 현대적인 산세리프체를 사용하여 자연친화적이면서도 트렌디한 느낌을 주며 모바일 쇼핑 환경에서 가독성이 높습니다."}, "session_id": "81b0697d-4df5-4547-b4e1-b835dd0fd817"}
{"timestamp": "2026-05-18T10:31:35.057484", "level": "DEBUG", "logger": "NameTag.Tracker", "message": "Variable set: BRAND_2_CHARACTER_NAME", "variables": {"BRAND_2_CHARACTER_NAME": "포레 (Fore)"}, "session_id": "81b0697d-4df5-4547-b4e1-b835dd0fd817"}
{"timestamp": "2026-05-18T10:31:35.058784", "level": "DEBUG", "logger": "NameTag.Tracker", "message": "Variable set: BRAND_2_CHARACTER_CONCEPT", "variables": {"BRAND_2_CHARACTER_CONCEPT": "쉼표 모양의 꼬리를 가진 작은 나무늘보"}, "session_id": "81b0697d-4df5-4547-b4e1-b835dd0fd817"}
{"timestamp": "2026-05-18T10:31:35.059888", "level": "DEBUG", "logger": "NameTag.Tracker", "message": "Variable set: BRAND_2_CHARACTER_PERSONALITY", "variables": {"BRAND_2_CHARACTER_PERSONALITY": "느긋한, 자연을 사랑하는, 평화로운"}, "session_id": "81b0697d-4df5-4547-b4e1-b835dd0fd817"}
{"timestamp": "2026-05-18T10:31:35.061045", "level": "DEBUG", "logger": "NameTag.Tracker", "message": "Variable set: BRAND_2_CHARACTER_VISUAL", "variables": {"BRAND_2_CHARACTER_VISUAL": "연한 올리브색 털을 가졌으며 나뭇잎 모양의 안대를 머리에 쓰고 있습니다. 쉼표처럼 휘어진 꼬리로 어디든 매달려 여유를 즐기며 주변에 항상 작은 풀꽃이 피어납니다."}, "session_id": "81b0697d-4df5-4547-b4e1-b835dd0fd817"}
{"timestamp": "2026-05-18T10:31:35.062106", "level": "DEBUG", "logger": "NameTag.Tracker", "message": "Variable set: BRAND_2_LOGO_DESIGN_BRAND_NAME", "variables": {"BRAND_2_LOGO_DESIGN_BRAND_NAME": "숨표숲"}, "session_id": "81b0697d-4df5-4547-b4e1-b835dd0fd817"}
{"timestamp": "2026-05-18T10:31:35.063176", "level": "DEBUG", "logger": "NameTag.Tracker", "message": "Variable set: BRAND_2_LOGO_DESIGN_BRAND_TOPIC", "variables": {"BRAND_2_LOGO_DESIGN_BRAND_TOPIC": "자연주의 리빙 소품샵"}, "session_id": "81b0697d-4df5-4547-b4e1-b835dd0fd817"}
{"timestamp": "2026-05-18T10:31:35.064375", "level": "DEBUG", "logger": "NameTag.Tracker", "message": "Variable set: BRAND_2_LOGO_DESIGN_CORE_VALUE", "variables": {"BRAND_2_LOGO_DESIGN_CORE_VALUE": "자연친화, 휴식"}, "session_id": "81b0697d-4df5-4547-b4e1-b835dd0fd817"}
{"timestamp": "2026-05-18T10:31:35.065702", "level": "DEBUG", "logger": "NameTag.Tracker", "message": "Variable set: BRAND_2_LOGO_DESIGN_TARGET_MOOD", "variables": {"BRAND_2_LOGO_DESIGN_TARGET_MOOD": "싱그럽고 내추럴한 무드"}, "session_id": "81b0697d-4df5-4547-b4e1-b835dd0fd817"}
{"timestamp": "2026-05-18T10:31:35.066814", "level": "DEBUG", "logger": "NameTag.Tracker", "message": "Variable set: BRAND_2_LOGO_DESIGN_SYMBOL_TYPE", "variables": {"BRAND_2_LOGO_DESIGN_SYMBOL_TYPE": "쉼표 문장부호 안에 나뭇잎 형상을 녹여낸 심볼"}, "session_id": "81b0697d-4df5-4547-b4e1-b835dd0fd817"}
{"timestamp": "2026-05-18T10:31:35.067931", "level": "DEBUG", "logger": "NameTag.Tracker", "message": "Variable set: BRAND_2_LOGO_DESIGN_FONT_STYLE", "variables": {"BRAND_2_LOGO_DESIGN_FONT_STYLE": "정갈하고 모던한 산세리프체"}, "session_id": "81b0697d-4df5-4547-b4e1-b835dd0fd817"}
{"timestamp": "2026-05-18T10:31:35.069000", "level": "DEBUG", "logger": "NameTag.Tracker", "message": "Variable set: BRAND_2_LOGO_DESIGN_FONT_REFERENCE", "variables": {"BRAND_2_LOGO_DESIGN_FONT_REFERENCE": "애플 고딕 느낌의 깔끔함"}, "session_id": "81b0697d-4df5-4547-b4e1-b835dd0fd817"}
{"timestamp": "2026-05-18T10:31:35.070191", "level": "DEBUG", "logger": "NameTag.Tracker", "message": "Variable set: BRAND_2_LOGO_DESIGN_FONT_WEIGHT", "variables": {"BRAND_2_LOGO_DESIGN_FONT_WEIGHT": "Regular"}, "session_id": "81b0697d-4df5-4547-b4e1-b835dd0fd817"}
{"timestamp": "2026-05-18T10:31:35.071303", "level": "DEBUG", "logger": "NameTag.Tracker", "message": "Variable set: BRAND_2_LOGO_DESIGN_BRAND_COLOR", "variables": {"BRAND_2_LOGO_DESIGN_BRAND_COLOR": "세이지 그린, 다크 우드 브라운"}, "session_id": "81b0697d-4df5-4547-b4e1-b835dd0fd817"}
{"timestamp": "2026-05-18T10:31:35.072581", "level": "DEBUG", "logger": "NameTag.Tracker", "message": "Variable set: BRAND_2_LOGO_DESIGN_LOGO_TYPE", "variables": {"BRAND_2_LOGO_DESIGN_LOGO_TYPE": "심볼 강조형 원형 로고"}, "session_id": "81b0697d-4df5-4547-b4e1-b835dd0fd817"}
{"timestamp": "2026-05-18T10:31:35.073791", "level": "DEBUG", "logger": "NameTag.Tracker", "message": "Variable set: BRAND_2_LOGO_DESIGN_BACKGROUND", "variables": {"BRAND_2_LOGO_DESIGN_BACKGROUND": "연한 페일 그린"}, "session_id": "81b0697d-4df5-4547-b4e1-b835dd0fd817"}
{"timestamp": "2026-05-18T10:31:35.074956", "level": "DEBUG", "logger": "NameTag.Tracker", "message": "Variable set: BRAND_3_NAME", "variables": {"BRAND_3_NAME": "키치로그 (Kitschlog)"}, "session_id": "81b0697d-4df5-4547-b4e1-b835dd0fd817"}
{"timestamp": "2026-05-18T10:31:35.076036", "level": "DEBUG", "logger": "NameTag.Tracker", "message": "Variable set: BRAND_3_MEANING", "variables": {"BRAND_3_MEANING": "위트 있는 '키치(Kitsch)'함과 일상의 기록인 '로그(Log)'를 결합하여 재미있는 발견을 기록한다는 뜻입니다."}, "session_id": "81b0697d-4df5-4547-b4e1-b835dd0fd817"}
{"timestamp": "2026-05-18T10:31:35.077195", "level": "DEBUG", "logger": "NameTag.Tracker", "message": "Variable set: BRAND_3_STORY", "variables": {"BRAND_3_STORY": "진지한 삶 속에서도 가끔은 엉뚱한 상상이 필요합니다. 평범한 물건에 더해진 한 끗 차이의 유머가 업무로 지친 당신의 오후를 피식 웃게 만들 거예요. 세련된 감각에 유머러스한 한 스푼을 더한 아이템들을 소개합니다."}, "session_id": "81b0697d-4df5-4547-b4e1-b835dd0fd817"}
{"timestamp": "2026-05-18T10:31:35.078262", "level": "DEBUG", "logger": "NameTag.Tracker", "message": "Variable set: BRAND_3_SLOGAN", "variables": {"BRAND_3_SLOGAN": "뻔한 일상을 뒤집는 유쾌한 오브제"}, "session_id": "81b0697d-4df5-4547-b4e1-b835dd0fd817"}
{"timestamp": "2026-05-18T10:31:35.079621", "level": "DEBUG", "logger": "NameTag.Tracker", "message": "Variable set: BRAND_3_TYPOGRAPHY_KOREAN", "variables": {"BRAND_3_TYPOGRAPHY_KOREAN": "빙그레체"}, "session_id": "81b0697d-4df5-4547-b4e1-b835dd0fd817"}
{"timestamp": "2026-05-18T10:31:35.080745", "level": "DEBUG", "logger": "NameTag.Tracker", "message": "Variable set: BRAND_3_TYPOGRAPHY_ENGLISH", "variables": {"BRAND_3_TYPOGRAPHY_ENGLISH": "Fredoka One"}, "session_id": "81b0697d-4df5-4547-b4e1-b835dd0fd817"}
{"timestamp": "2026-05-18T10:31:35.081899", "level": "DEBUG", "logger": "NameTag.Tracker", "message": "Variable set: BRAND_3_TYPOGRAPHY_REASON", "variables": {"BRAND_3_TYPOGRAPHY_REASON": "둥글고 볼륨감 있는 서체를 선택하여 브랜드의 유머러스하고 친근한 성격을 강조하며 시각적인 즐거움을 줍니다."}, "session_id": "81b0697d-4df5-4547-b4e1-b835dd0fd817"}
{"timestamp": "2026-05-18T10:31:35.083033", "level": "DEBUG", "logger": "NameTag.Tracker", "message": "Variable set: BRAND_3_CHARACTER_NAME", "variables": {"BRAND_3_CHARACTER_NAME": "로그곰 (Log-Gom)"}, "session_id": "81b0697d-4df5-4547-b4e1-b835dd0fd817"}
{"timestamp": "2026-05-18T10:31:35.084140", "level": "DEBUG", "logger": "NameTag.Tracker", "message": "Variable set: BRAND_3_CHARACTER_CONCEPT", "variables": {"BRAND_3_CHARACTER_CONCEPT": "힙한 안경을 쓴 호기심 많은 곰"}, "session_id": "81b0697d-4df5-4547-b4e1-b835dd0fd817"}
{"timestamp": "2026-05-18T10:31:35.085225", "level": "DEBUG", "logger": "NameTag.Tracker", "message": "Variable set: BRAND_3_CHARACTER_PERSONALITY", "variables": {"BRAND_3_CHARACTER_PERSONALITY": "장난기 많은, 트렌디한, 엉뚱한"}, "session_id": "81b0697d-4df5-4547-b4e1-b835dd0fd817"}
{"timestamp": "2026-05-18T10:31:35.086467", "level": "DEBUG", "logger": "NameTag.Tracker", "message": "Variable set: BRAND_3_CHARACTER_VISUAL", "variables": {"BRAND_3_CHARACTER_VISUAL": "비비드한 노란색 몸에 보라색 선글라스를 머리에 얹고 있습니다. 항상 한 손에는 카메라를 들고 재미있는 물건을 찾아다니며, 발바닥 모양이 따옴표 모양인 것이 특징입니다."}, "session_id": "81b0697d-4df5-4547-b4e1-b835dd0fd817"}
{"timestamp": "2026-05-18T10:31:35.087707", "level": "DEBUG", "logger": "NameTag.Tracker", "message": "Variable set: BRAND_3_LOGO_DESIGN_BRAND_NAME", "variables": {"BRAND_3_LOGO_DESIGN_BRAND_NAME": "키치로그"}, "session_id": "81b0697d-4df5-4547-b4e1-b835dd0fd817"}
{"timestamp": "2026-05-18T10:31:35.089107", "level": "DEBUG", "logger": "NameTag.Tracker", "message": "Variable set: BRAND_3_LOGO_DESIGN_BRAND_TOPIC", "variables": {"BRAND_3_LOGO_DESIGN_BRAND_TOPIC": "유니크/디자인 소품 셀렉샵"}, "session_id": "81b0697d-4df5-4547-b4e1-b835dd0fd817"}
{"timestamp": "2026-05-18T10:31:35.090203", "level": "DEBUG", "logger": "NameTag.Tracker", "message": "Variable set: BRAND_3_LOGO_DESIGN_CORE_VALUE", "variables": {"BRAND_3_LOGO_DESIGN_CORE_VALUE": "유머, 트렌디"}, "session_id": "81b0697d-4df5-4547-b4e1-b835dd0fd817"}
{"timestamp": "2026-05-18T10:31:35.091260", "level": "DEBUG", "logger": "NameTag.Tracker", "message": "Variable set: BRAND_3_LOGO_DESIGN_TARGET_MOOD", "variables": {"BRAND_3_LOGO_DESIGN_TARGET_MOOD": "생기 있고 위트 있는 분위기"}, "session_id": "81b0697d-4df5-4547-b4e1-b835dd0fd817"}
{"timestamp": "2026-05-18T10:31:35.092437", "level": "DEBUG", "logger": "NameTag.Tracker", "message": "Variable set: BRAND_3_LOGO_DESIGN_SYMBOL_TYPE", "variables": {"BRAND_3_LOGO_DESIGN_SYMBOL_TYPE": "윙크하는 눈과 웃는 입매를 형상화한 그래픽"}, "session_id": "81b0697d-4df5-4547-b4e1-b835dd0fd817"}
{"timestamp": "2026-05-18T10:31:35.093788", "level": "DEBUG", "logger": "NameTag.Tracker", "message": "Variable set: BRAND_3_LOGO_DESIGN_FONT_STYLE", "variables": {"BRAND_3_LOGO_DESIGN_FONT_STYLE": "두껍고 둥근 볼드체"}, "session_id": "81b0697d-4df5-4547-b4e1-b835dd0fd817"}
{"timestamp": "2026-05-18T10:31:35.094997", "level": "DEBUG", "logger": "NameTag.Tracker", "message": "Variable set: BRAND_3_LOGO_DESIGN_FONT_REFERENCE", "variables": {"BRAND_3_LOGO_DESIGN_FONT_REFERENCE": "팝아트 스타일의 서체"}, "session_id": "81b0697d-4df5-4547-b4e1-b835dd0fd817"}
{"timestamp": "2026-05-18T10:31:35.096136", "level": "DEBUG", "logger": "NameTag.Tracker", "message": "Variable set: BRAND_3_LOGO_DESIGN_FONT_WEIGHT", "variables": {"BRAND_3_LOGO_DESIGN_FONT_WEIGHT": "Bold"}, "session_id": "81b0697d-4df5-4547-b4e1-b835dd0fd817"}
{"timestamp": "2026-05-18T10:31:35.097232", "level": "DEBUG", "logger": "NameTag.Tracker", "message": "Variable set: BRAND_3_LOGO_DESIGN_BRAND_COLOR", "variables": {"BRAND_3_LOGO_DESIGN_BRAND_COLOR": "머스타드 옐로우, 일렉트릭 블루"}, "session_id": "81b0697d-4df5-4547-b4e1-b835dd0fd817"}
{"timestamp": "2026-05-18T10:31:35.098323", "level": "DEBUG", "logger": "NameTag.Tracker", "message": "Variable set: BRAND_3_LOGO_DESIGN_LOGO_TYPE", "variables": {"BRAND_3_LOGO_DESIGN_LOGO_TYPE": "워드마크 중심의 엠블럼형"}, "session_id": "81b0697d-4df5-4547-b4e1-b835dd0fd817"}
{"timestamp": "2026-05-18T10:31:35.099424", "level": "DEBUG", "logger": "NameTag.Tracker", "message": "Variable set: BRAND_3_LOGO_DESIGN_BACKGROUND", "variables": {"BRAND_3_LOGO_DESIGN_BACKGROUND": "화이트"}, "session_id": "81b0697d-4df5-4547-b4e1-b835dd0fd817"}
{"timestamp": "2026-05-18T10:31:35.099635", "level": "INFO", "logger": "NameTag.BrandGenerator", "message": "================================================================================"}
{"timestamp": "2026-05-18T10:31:35.099846", "level": "INFO", "logger": "NameTag.BrandGenerator", "message": "✅ PARSED RESULT (파싱된 결과)"}
{"timestamp": "2026-05-18T10:31:35.100034", "level": "INFO", "logger": "NameTag.BrandGenerator", "message": "================================================================================"}
{"timestamp": "2026-05-18T10:31:35.100234", "level": "INFO", "logger": "NameTag.BrandGenerator", "message": "\n📝 BRAND 1: 온도감 (Ondogam)"}
{"timestamp": "2026-05-18T10:31:35.100463", "level": "INFO", "logger": "NameTag.BrandGenerator", "message": "  Meaning: 공간의 '온도'와 물건의 '질감'을 결합한 이름으로, 일상에 따스한 온기를 더하는 소품을 제안한다는 의미입니다."}
{"timestamp": "2026-05-18T10:31:35.100700", "level": "INFO", "logger": "NameTag.BrandGenerator", "message": "  Story: 반복되는 직장 생활 속에서 나를 위로하는 것은 결국 손때 묻은 작은 소품들입니다. 퇴근 후 나만의 공간에서 만나는 따뜻한 조명과 포근한 패브릭이 당신의 마음 온도를 1도 높여줍니다. 소소하지만 확실한 온기를 발견하는 즐거움을 선사합니다."}
{"timestamp": "2026-05-18T10:31:35.100904", "level": "INFO", "logger": "NameTag.BrandGenerator", "message": "  Slogan: 당신의 일상에 다정한 온기를 채우는 시간"}
{"timestamp": "2026-05-18T10:31:35.101074", "level": "INFO", "logger": "NameTag.BrandGenerator", "message": "  🔤 Typography:"}
{"timestamp": "2026-05-18T10:31:35.101239", "level": "INFO", "logger": "NameTag.BrandGenerator", "message": "     Korean: 나눔명조"}
{"timestamp": "2026-05-18T10:31:35.101417", "level": "INFO", "logger": "NameTag.BrandGenerator", "message": "     English: Playfair Display"}
{"timestamp": "2026-05-18T10:31:35.101586", "level": "INFO", "logger": "NameTag.BrandGenerator", "message": "     Reason: 명조 계열의 우아한 곡선이 따뜻하고 감성적인 분위기를 주며, 영문 세리프체는 30대 여성에게 신뢰감과 세련미를 동시에 전달합니다."}
{"timestamp": "2026-05-18T10:31:35.101756", "level": "INFO", "logger": "NameTag.BrandGenerator", "message": "  🎭 Character:"}
{"timestamp": "2026-05-18T10:31:35.101911", "level": "INFO", "logger": "NameTag.BrandGenerator", "message": "     Name: 온이 (On-i)"}
{"timestamp": "2026-05-18T10:31:35.102075", "level": "INFO", "logger": "NameTag.BrandGenerator", "message": "     Concept: 따뜻한 김이 모락모락 피어오르는 찻잔을 닮은 요정"}
{"timestamp": "2026-05-18T10:31:35.102251", "level": "INFO", "logger": "NameTag.BrandGenerator", "message": "     Personality: 다정다감한, 조용한, 세심한"}
{"timestamp": "2026-05-18T10:31:35.102430", "level": "INFO", "logger": "NameTag.BrandGenerator", "message": "     Visual: 연한 베이지색의 둥근 몸체 위에 머리 위로 작은 수증기 모양의 꼬리가 달려 있습니다. 항상 작은 화분이나 찻잔을 소중하게 들고 다니며 눈을 지그시 감고 미소 짓는 표정입니다."}
{"timestamp": "2026-05-18T10:31:35.102592", "level": "INFO", "logger": "NameTag.BrandGenerator", "message": "  🎨 Logo Design:"}
{"timestamp": "2026-05-18T10:31:35.102758", "level": "INFO", "logger": "NameTag.BrandGenerator", "message": "     brand_name: 온도감"}
{"timestamp": "2026-05-18T10:31:35.102927", "level": "INFO", "logger": "NameTag.BrandGenerator", "message": "     brand_topic: 감성 인테리어 소품 셀렉샵"}
{"timestamp": "2026-05-18T10:31:35.103096", "level": "INFO", "logger": "NameTag.BrandGenerator", "message": "     core_value: 따뜻함, 안식"}
{"timestamp": "2026-05-18T10:31:35.103259", "level": "INFO", "logger": "NameTag.BrandGenerator", "message": "     target_mood: 포근하고 정갈한 감성"}
{"timestamp": "2026-05-18T10:31:35.103431", "level": "INFO", "logger": "NameTag.BrandGenerator", "message": "     symbol_type: 찻잔과 식물이 결합된 미니멀한 라인 아트"}
{"timestamp": "2026-05-18T10:31:35.103615", "level": "INFO", "logger": "NameTag.BrandGenerator", "message": "     font_style: 부드러운 곡선이 강조된 세리프체"}
{"timestamp": "2026-05-18T10:31:35.103889", "level": "INFO", "logger": "NameTag.BrandGenerator", "message": "     font_reference: 바탕체 스타일의 현대적 재해석"}
{"timestamp": "2026-05-18T10:31:35.104049", "level": "INFO", "logger": "NameTag.BrandGenerator", "message": "     font_weight: Medium"}
{"timestamp": "2026-05-18T10:31:35.104231", "level": "INFO", "logger": "NameTag.BrandGenerator", "message": "     brand_color: 웜 베이지, 테라코타 오렌지"}
{"timestamp": "2026-05-18T10:31:35.104423", "level": "INFO", "logger": "NameTag.BrandGenerator", "message": "     logo_type: 심볼과 로고타이프 가로 조합형"}
{"timestamp": "2026-05-18T10:31:35.104594", "level": "INFO", "logger": "NameTag.BrandGenerator", "message": "     background: 아이보리"}
{"timestamp": "2026-05-18T10:31:35.104762", "level": "INFO", "logger": "NameTag.BrandGenerator", "message": "\n📝 BRAND 2: 숨표숲 (Sumpyo Forest)"}
{"timestamp": "2026-05-18T10:31:35.104925", "level": "INFO", "logger": "NameTag.BrandGenerator", "message": "  Meaning: 쉼표를 뜻하는 '숨표'와 자연을 의미하는 '숲'의 합성어로, 바쁜 일상 중 잠시 숨을 고르는 숲 같은 공간을 의미합니다."}
{"timestamp": "2026-05-18T10:31:35.105094", "level": "INFO", "logger": "NameTag.BrandGenerator", "message": "  Story: 회색빛 빌딩 숲에서 벗어나 나만의 책상 위에 작은 숲을 들여보세요. 자연에서 온 소재와 초록의 에너지를 담은 소품들이 당신의 호흡을 한결 가볍게 만들어줍니다. 우리가 발견한 작은 초록이 당신의 가장 편안한 숨표가 되길 바랍니다."}
{"timestamp": "2026-05-18T10:31:35.105266", "level": "INFO", "logger": "NameTag.BrandGenerator", "message": "  Slogan: 도심 속에서 발견한 당신만의 작은 숲"}
{"timestamp": "2026-05-18T10:31:35.105454", "level": "INFO", "logger": "NameTag.BrandGenerator", "message": "  🔤 Typography:"}
{"timestamp": "2026-05-18T10:31:35.105623", "level": "INFO", "logger": "NameTag.BrandGenerator", "message": "     Korean: 프리텐다드 (Pretendard)"}
{"timestamp": "2026-05-18T10:31:35.105810", "level": "INFO", "logger": "NameTag.BrandGenerator", "message": "     English: DM Sans"}
{"timestamp": "2026-05-18T10:31:35.105981", "level": "INFO", "logger": "NameTag.BrandGenerator", "message": "     Reason: 깔끔하고 현대적인 산세리프체를 사용하여 자연친화적이면서도 트렌디한 느낌을 주며 모바일 쇼핑 환경에서 가독성이 높습니다."}
{"timestamp": "2026-05-18T10:31:35.106133", "level": "INFO", "logger": "NameTag.BrandGenerator", "message": "  🎭 Character:"}
{"timestamp": "2026-05-18T10:31:35.106283", "level": "INFO", "logger": "NameTag.BrandGenerator", "message": "     Name: 포레 (Fore)"}
{"timestamp": "2026-05-18T10:31:35.106459", "level": "INFO", "logger": "NameTag.BrandGenerator", "message": "     Concept: 쉼표 모양의 꼬리를 가진 작은 나무늘보"}
{"timestamp": "2026-05-18T10:31:35.106658", "level": "INFO", "logger": "NameTag.BrandGenerator", "message": "     Personality: 느긋한, 자연을 사랑하는, 평화로운"}
{"timestamp": "2026-05-18T10:31:35.106841", "level": "INFO", "logger": "NameTag.BrandGenerator", "message": "     Visual: 연한 올리브색 털을 가졌으며 나뭇잎 모양의 안대를 머리에 쓰고 있습니다. 쉼표처럼 휘어진 꼬리로 어디든 매달려 여유를 즐기며 주변에 항상 작은 풀꽃이 피어납니다."}
{"timestamp": "2026-05-18T10:31:35.107016", "level": "INFO", "logger": "NameTag.BrandGenerator", "message": "  🎨 Logo Design:"}
{"timestamp": "2026-05-18T10:31:35.107196", "level": "INFO", "logger": "NameTag.BrandGenerator", "message": "     brand_name: 숨표숲"}
{"timestamp": "2026-05-18T10:31:35.107388", "level": "INFO", "logger": "NameTag.BrandGenerator", "message": "     brand_topic: 자연주의 리빙 소품샵"}
{"timestamp": "2026-05-18T10:31:35.107566", "level": "INFO", "logger": "NameTag.BrandGenerator", "message": "     core_value: 자연친화, 휴식"}
{"timestamp": "2026-05-18T10:31:35.107736", "level": "INFO", "logger": "NameTag.BrandGenerator", "message": "     target_mood: 싱그럽고 내추럴한 무드"}
{"timestamp": "2026-05-18T10:31:35.107891", "level": "INFO", "logger": "NameTag.BrandGenerator", "message": "     symbol_type: 쉼표 문장부호 안에 나뭇잎 형상을 녹여낸 심볼"}
{"timestamp": "2026-05-18T10:31:35.108060", "level": "INFO", "logger": "NameTag.BrandGenerator", "message": "     font_style: 정갈하고 모던한 산세리프체"}
{"timestamp": "2026-05-18T10:31:35.108226", "level": "INFO", "logger": "NameTag.BrandGenerator", "message": "     font_reference: 애플 고딕 느낌의 깔끔함"}
{"timestamp": "2026-05-18T10:31:35.108401", "level": "INFO", "logger": "NameTag.BrandGenerator", "message": "     font_weight: Regular"}
{"timestamp": "2026-05-18T10:31:35.108574", "level": "INFO", "logger": "NameTag.BrandGenerator", "message": "     brand_color: 세이지 그린, 다크 우드 브라운"}
{"timestamp": "2026-05-18T10:31:35.108757", "level": "INFO", "logger": "NameTag.BrandGenerator", "message": "     logo_type: 심볼 강조형 원형 로고"}
{"timestamp": "2026-05-18T10:31:35.108903", "level": "INFO", "logger": "NameTag.BrandGenerator", "message": "     background: 연한 페일 그린"}
{"timestamp": "2026-05-18T10:31:35.109081", "level": "INFO", "logger": "NameTag.BrandGenerator", "message": "\n📝 BRAND 3: 키치로그 (Kitschlog)"}
{"timestamp": "2026-05-18T10:31:35.109233", "level": "INFO", "logger": "NameTag.BrandGenerator", "message": "  Meaning: 위트 있는 '키치(Kitsch)'함과 일상의 기록인 '로그(Log)'를 결합하여 재미있는 발견을 기록한다는 뜻입니다."}
{"timestamp": "2026-05-18T10:31:35.109405", "level": "INFO", "logger": "NameTag.BrandGenerator", "message": "  Story: 진지한 삶 속에서도 가끔은 엉뚱한 상상이 필요합니다. 평범한 물건에 더해진 한 끗 차이의 유머가 업무로 지친 당신의 오후를 피식 웃게 만들 거예요. 세련된 감각에 유머러스한 한 스푼을 더한 아이템들을 소개합니다."}
{"timestamp": "2026-05-18T10:31:35.109565", "level": "INFO", "logger": "NameTag.BrandGenerator", "message": "  Slogan: 뻔한 일상을 뒤집는 유쾌한 오브제"}
{"timestamp": "2026-05-18T10:31:35.109731", "level": "INFO", "logger": "NameTag.BrandGenerator", "message": "  🔤 Typography:"}
{"timestamp": "2026-05-18T10:31:35.109871", "level": "INFO", "logger": "NameTag.BrandGenerator", "message": "     Korean: 빙그레체"}
{"timestamp": "2026-05-18T10:31:35.110026", "level": "INFO", "logger": "NameTag.BrandGenerator", "message": "     English: Fredoka One"}
{"timestamp": "2026-05-18T10:31:35.110179", "level": "INFO", "logger": "NameTag.BrandGenerator", "message": "     Reason: 둥글고 볼륨감 있는 서체를 선택하여 브랜드의 유머러스하고 친근한 성격을 강조하며 시각적인 즐거움을 줍니다."}
{"timestamp": "2026-05-18T10:31:35.110339", "level": "INFO", "logger": "NameTag.BrandGenerator", "message": "  🎭 Character:"}
{"timestamp": "2026-05-18T10:31:35.110724", "level": "INFO", "logger": "NameTag.BrandGenerator", "message": "     Name: 로그곰 (Log-Gom)"}
{"timestamp": "2026-05-18T10:31:35.110888", "level": "INFO", "logger": "NameTag.BrandGenerator", "message": "     Concept: 힙한 안경을 쓴 호기심 많은 곰"}
{"timestamp": "2026-05-18T10:31:35.111083", "level": "INFO", "logger": "NameTag.BrandGenerator", "message": "     Personality: 장난기 많은, 트렌디한, 엉뚱한"}
{"timestamp": "2026-05-18T10:31:35.111246", "level": "INFO", "logger": "NameTag.BrandGenerator", "message": "     Visual: 비비드한 노란색 몸에 보라색 선글라스를 머리에 얹고 있습니다. 항상 한 손에는 카메라를 들고 재미있는 물건을 찾아다니며, 발바닥 모양이 따옴표 모양인 것이 특징입니다."}
{"timestamp": "2026-05-18T10:31:35.111415", "level": "INFO", "logger": "NameTag.BrandGenerator", "message": "  🎨 Logo Design:"}
{"timestamp": "2026-05-18T10:31:35.111556", "level": "INFO", "logger": "NameTag.BrandGenerator", "message": "     brand_name: 키치로그"}
{"timestamp": "2026-05-18T10:31:35.111722", "level": "INFO", "logger": "NameTag.BrandGenerator", "message": "     brand_topic: 유니크/디자인 소품 셀렉샵"}
{"timestamp": "2026-05-18T10:31:35.111878", "level": "INFO", "logger": "NameTag.BrandGenerator", "message": "     core_value: 유머, 트렌디"}
{"timestamp": "2026-05-18T10:31:35.112030", "level": "INFO", "logger": "NameTag.BrandGenerator", "message": "     target_mood: 생기 있고 위트 있는 분위기"}
{"timestamp": "2026-05-18T10:31:35.112209", "level": "INFO", "logger": "NameTag.BrandGenerator", "message": "     symbol_type: 윙크하는 눈과 웃는 입매를 형상화한 그래픽"}
{"timestamp": "2026-05-18T10:31:35.112357", "level": "INFO", "logger": "NameTag.BrandGenerator", "message": "     font_style: 두껍고 둥근 볼드체"}
{"timestamp": "2026-05-18T10:31:35.112531", "level": "INFO", "logger": "NameTag.BrandGenerator", "message": "     font_reference: 팝아트 스타일의 서체"}
{"timestamp": "2026-05-18T10:31:35.112696", "level": "INFO", "logger": "NameTag.BrandGenerator", "message": "     font_weight: Bold"}
{"timestamp": "2026-05-18T10:31:35.112878", "level": "INFO", "logger": "NameTag.BrandGenerator", "message": "     brand_color: 머스타드 옐로우, 일렉트릭 블루"}
{"timestamp": "2026-05-18T10:31:35.113029", "level": "INFO", "logger": "NameTag.BrandGenerator", "message": "     logo_type: 워드마크 중심의 엠블럼형"}
{"timestamp": "2026-05-18T10:31:35.113187", "level": "INFO", "logger": "NameTag.BrandGenerator", "message": "     background: 화이트"}
{"timestamp": "2026-05-18T10:31:35.113411", "level": "INFO", "logger": "NameTag.BrandGenerator", "message": "================================================================================"}
{"timestamp": "2026-05-18T10:31:35.113599", "level": "INFO", "logger": "NameTag.BrandGenerator", "message": "✅ Brand identity generated successfully"}
{"timestamp": "2026-05-18T10:31:51.851140", "level": "INFO", "logger": "NameTag.Backend", "message": "👋 FastAPI backend shutting down..."}
{"timestamp": "2026-05-18T10:31:54.008857", "level": "INFO", "logger": "NameTag.Backend", "message": "🚀 Initializing FastAPI backend..."}
{"timestamp": "2026-05-18T10:31:54.017833", "level": "INFO", "logger": "NameTag.Backend", "message": "✅ FastAPI backend starting..."}
{"timestamp": "2026-05-18T10:31:56.698297", "level": "INFO", "logger": "NameTag.BrandGenerator", "message": "🚀 Starting brand identity generation (session: 19f761c1-8388-4e12-9d73-95a961348e20)"}
{"timestamp": "2026-05-18T10:32:12.595100", "level": "INFO", "logger": "NameTag.BrandGenerator", "message": "✅ Response saved:"}
{"timestamp": "2026-05-18T10:32:12.595318", "level": "INFO", "logger": "NameTag.BrandGenerator", "message": "   📄 TXT: /logs/ai_responses/brand_identity_20260518_103212_19f761c1.txt"}
{"timestamp": "2026-05-18T10:32:12.595497", "level": "INFO", "logger": "NameTag.BrandGenerator", "message": "   📋 JSON: /logs/ai_responses/brand_identity_20260518_103212_19f761c1.json"}
{"timestamp": "2026-05-18T10:32:12.595721", "level": "INFO", "logger": "NameTag.BrandGenerator", "message": "===================================================================================================="}
{"timestamp": "2026-05-18T10:32:12.595967", "level": "INFO", "logger": "NameTag.BrandGenerator", "message": "📨 AI FULL RESPONSE (AI 전체 응답)"}
{"timestamp": "2026-05-18T10:32:12.596241", "level": "INFO", "logger": "NameTag.BrandGenerator", "message": "===================================================================================================="}
{"timestamp": "2026-05-18T10:32:12.596720", "level": "INFO", "logger": "NameTag.BrandGenerator", "message": "{"}
{"timestamp": "2026-05-18T10:32:12.596938", "level": "INFO", "logger": "NameTag.BrandGenerator", "message": "  \"brands\": ["}
{"timestamp": "2026-05-18T10:32:12.597176", "level": "INFO", "logger": "NameTag.BrandGenerator", "message": "    {"}
{"timestamp": "2026-05-18T10:32:12.597486", "level": "INFO", "logger": "NameTag.BrandGenerator", "message": "      \"name\": \"온기조각 (Ongi Jogak)\","}
{"timestamp": "2026-05-18T10:32:12.597797", "level": "INFO", "logger": "NameTag.BrandGenerator", "message": "      \"meaning\": \"따뜻할 온(溫)과 기운 기(氣)를 써서 일상 속 작은 온기들을 조각조각 모은다는 의미입니다.\","}
{"timestamp": "2026-05-18T10:32:12.598046", "level": "INFO", "logger": "NameTag.BrandGenerator", "message": "      \"story\": \"반복되는 출퇴근길과 차가운 사무실 책상 위, 당신을 미소 짓게 할 작은 온기들을 큐레이션합니다. 소소하지만 확실한 행복이 담긴 소품들로 당신의 방을 따뜻한 온기로 채워보세요.\","}
{"timestamp": "2026-05-18T10:32:12.598304", "level": "INFO", "logger": "NameTag.BrandGenerator", "message": "      \"slogan\": \"당신의 하루를 채우는 가장 따뜻한 조각\","}
{"timestamp": "2026-05-18T10:32:12.598604", "level": "INFO", "logger": "NameTag.BrandGenerator", "message": "      \"typography\": {"}
{"timestamp": "2026-05-18T10:32:12.598848", "level": "INFO", "logger": "NameTag.BrandGenerator", "message": "        \"korean\": \"나눔명조\","}
{"timestamp": "2026-05-18T10:32:12.599083", "level": "INFO", "logger": "NameTag.BrandGenerator", "message": "        \"english\": \"Playfair Display\","}
{"timestamp": "2026-05-18T10:32:12.599321", "level": "INFO", "logger": "NameTag.BrandGenerator", "message": "        \"reason\": \"부드러운 곡선이 가미된 세리프체는 따뜻한 감성과 신뢰감을 동시에 주어 30대 여성에게 안정감을 전달합니다.\""}
{"timestamp": "2026-05-18T10:32:12.599540", "level": "INFO", "logger": "NameTag.BrandGenerator", "message": "      },"}
{"timestamp": "2026-05-18T10:32:12.599808", "level": "INFO", "logger": "NameTag.BrandGenerator", "message": "      \"character\": {"}
{"timestamp": "2026-05-18T10:32:12.600035", "level": "INFO", "logger": "NameTag.BrandGenerator", "message": "        \"name\": \"온기\","}
{"timestamp": "2026-05-18T10:32:12.600269", "level": "INFO", "logger": "NameTag.BrandGenerator", "message": "        \"concept\": \"따스한 햇볕을 머금은 몽글몽글한 조각구름\","}
{"timestamp": "2026-05-18T10:32:12.600524", "level": "INFO", "logger": "NameTag.BrandGenerator", "message": "        \"personality\": \"포근한, 다정한, 여유로운\","}
{"timestamp": "2026-05-18T10:32:12.600789", "level": "INFO", "logger": "NameTag.BrandGenerator", "message": "        \"visual\": \"반투명한 연베이지색 솜사탕 같은 몸체에 항상 살짝 발그레한 볼을 가지고 있으며, 작은 소품을 소중히 품고 다니는 형태입니다.\""}
{"timestamp": "2026-05-18T10:32:12.601008", "level": "INFO", "logger": "NameTag.BrandGenerator", "message": "      },"}
{"timestamp": "2026-05-18T10:32:12.601263", "level": "INFO", "logger": "NameTag.BrandGenerator", "message": "      \"logo_design\": {"}
{"timestamp": "2026-05-18T10:32:12.601477", "level": "INFO", "logger": "NameTag.BrandGenerator", "message": "        \"brand_name\": \"온기조각\","}
{"timestamp": "2026-05-18T10:32:12.601716", "level": "INFO", "logger": "NameTag.BrandGenerator", "message": "        \"brand_topic\": \"감성 소품 온라인 셀렉샵\","}
{"timestamp": "2026-05-18T10:32:12.601954", "level": "INFO", "logger": "NameTag.BrandGenerator", "message": "        \"core_value\": \"온기, 발견\","}
{"timestamp": "2026-05-18T10:32:12.602218", "level": "INFO", "logger": "NameTag.BrandGenerator", "message": "        \"target_mood\": \"따뜻하고 아늑한 분위기\","}
{"timestamp": "2026-05-18T10:32:12.602440", "level": "INFO", "logger": "NameTag.BrandGenerator", "message": "        \"symbol_type\": \"미니멀한 조각 아이콘\","}
{"timestamp": "2026-05-18T10:32:12.602662", "level": "INFO", "logger": "NameTag.BrandGenerator", "message": "        \"font_style\": \"우아하고 부드러운 서체\","}
{"timestamp": "2026-05-18T10:32:12.602910", "level": "INFO", "logger": "NameTag.BrandGenerator", "message": "        \"font_reference\": \"클래식 세리프\","}
{"timestamp": "2026-05-18T10:32:12.603140", "level": "INFO", "logger": "NameTag.BrandGenerator", "message": "        \"font_weight\": \"Medium\","}
{"timestamp": "2026-05-18T10:32:12.603356", "level": "INFO", "logger": "NameTag.BrandGenerator", "message": "        \"brand_color\": \"웜 베이지 & 테라코타\","}
{"timestamp": "2026-05-18T10:32:12.603616", "level": "INFO", "logger": "NameTag.BrandGenerator", "message": "        \"logo_type\": \"심볼 + 워드마크 조합형\","}
{"timestamp": "2026-05-18T10:32:12.603873", "level": "INFO", "logger": "NameTag.BrandGenerator", "message": "        \"background\": \"아이보리\""}
{"timestamp": "2026-05-18T10:32:12.604176", "level": "INFO", "logger": "NameTag.BrandGenerator", "message": "      }"}
{"timestamp": "2026-05-18T10:32:12.604452", "level": "INFO", "logger": "NameTag.BrandGenerator", "message": "    },"}
{"timestamp": "2026-05-18T10:32:12.604732", "level": "INFO", "logger": "NameTag.BrandGenerator", "message": "    {"}
{"timestamp": "2026-05-18T10:32:12.604986", "level": "INFO", "logger": "NameTag.BrandGenerator", "message": "      \"name\": \"그리너리 포켓 (Greenery Pocket)\","}
{"timestamp": "2026-05-18T10:32:12.605254", "level": "INFO", "logger": "NameTag.BrandGenerator", "message": "      \"meaning\": \"도심 속 자연을 주머니에 담듯, 언제 어디서든 자연친화적인 감성을 즐길 수 있다는 의미입니다.\","}
{"timestamp": "2026-05-18T10:32:12.605480", "level": "INFO", "logger": "NameTag.BrandGenerator", "message": "      \"story\": \"삭막한 도시 생활 속에서 나만의 작은 숲을 가꾸는 즐거움을 제안합니다. 자연의 색감과 소재를 담은 소품들이 지친 당신의 일상에 싱그러운 휴식을 선물할 것입니다.\","}
{"timestamp": "2026-05-18T10:32:12.605804", "level": "INFO", "logger": "NameTag.BrandGenerator", "message": "      \"slogan\": \"주머니 속 작은 숲, 일상을 초록으로\","}
{"timestamp": "2026-05-18T10:32:12.606103", "level": "INFO", "logger": "NameTag.BrandGenerator", "message": "      \"typography\": {"}
{"timestamp": "2026-05-18T10:32:12.606376", "level": "INFO", "logger": "NameTag.BrandGenerator", "message": "        \"korean\": \"고도체\","}
{"timestamp": "2026-05-18T10:32:12.606592", "level": "INFO", "logger": "NameTag.BrandGenerator", "message": "        \"english\": \"DM Sans\","}
{"timestamp": "2026-05-18T10:32:12.606860", "level": "INFO", "logger": "NameTag.BrandGenerator", "message": "        \"reason\": \"깔끔하면서도 끝처리가 둥근 폰트는 자연친화적이고 편안한 느낌을 주어 트렌디한 감성을 완성합니다.\""}
{"timestamp": "2026-05-18T10:32:12.607061", "level": "INFO", "logger": "NameTag.BrandGenerator", "message": "      },"}
{"timestamp": "2026-05-18T10:32:12.607330", "level": "INFO", "logger": "NameTag.BrandGenerator", "message": "      \"character\": {"}
{"timestamp": "2026-05-18T10:32:12.607559", "level": "INFO", "logger": "NameTag.BrandGenerator", "message": "        \"name\": \"리프\","}
{"timestamp": "2026-05-18T10:32:12.607807", "level": "INFO", "logger": "NameTag.BrandGenerator", "message": "        \"concept\": \"주머니 속에 살고 있는 수줍은 잎사귀 요정\","}
{"timestamp": "2026-05-18T10:32:12.608029", "level": "INFO", "logger": "NameTag.BrandGenerator", "message": "        \"personality\": \"자연을 사랑하는, 세심한, 수줍은\","}
{"timestamp": "2026-05-18T10:32:12.608234", "level": "INFO", "logger": "NameTag.BrandGenerator", "message": "        \"visual\": \"커다란 나뭇잎 하나를 등 뒤에 메고 있으며, 작은 화분을 들고 다니는 초록색 모자를 쓴 귀여운 요정입니다.\""}
{"timestamp": "2026-05-18T10:32:12.608441", "level": "INFO", "logger": "NameTag.BrandGenerator", "message": "      },"}
{"timestamp": "2026-05-18T10:32:12.608660", "level": "INFO", "logger": "NameTag.BrandGenerator", "message": "      \"logo_design\": {"}
{"timestamp": "2026-05-18T10:32:12.608894", "level": "INFO", "logger": "NameTag.BrandGenerator", "message": "        \"brand_name\": \"그리너리 포켓\","}
{"timestamp": "2026-05-18T10:32:12.609121", "level": "INFO", "logger": "NameTag.BrandGenerator", "message": "        \"brand_topic\": \"자연친화 리빙 편집숍\","}
{"timestamp": "2026-05-18T10:32:12.609417", "level": "INFO", "logger": "NameTag.BrandGenerator", "message": "        \"core_value\": \"휴식, 자연\","}
{"timestamp": "2026-05-18T10:32:12.609625", "level": "INFO", "logger": "NameTag.BrandGenerator", "message": "        \"target_mood\": \"내추럴하고 싱그러운 감성\","}
{"timestamp": "2026-05-18T10:32:12.609849", "level": "INFO", "logger": "NameTag.BrandGenerator", "message": "        \"symbol_type\": \"라인 아트 잎사귀 형태\","}
{"timestamp": "2026-05-18T10:32:12.610074", "level": "INFO", "logger": "NameTag.BrandGenerator", "message": "        \"font_style\": \"정갈하고 모던한 산세리프\","}
{"timestamp": "2026-05-18T10:32:12.610308", "level": "INFO", "logger": "NameTag.BrandGenerator", "message": "        \"font_reference\": \"기하학적 산세리프\","}
{"timestamp": "2026-05-18T10:32:12.610559", "level": "INFO", "logger": "NameTag.BrandGenerator", "message": "        \"font_weight\": \"Light\","}
{"timestamp": "2026-05-18T10:32:12.610801", "level": "INFO", "logger": "NameTag.BrandGenerator", "message": "        \"brand_color\": \"세이지 그린 & 더스티 브라운\","}
{"timestamp": "2026-05-18T10:32:12.611054", "level": "INFO", "logger": "NameTag.BrandGenerator", "message": "        \"logo_type\": \"엠블럼 형태\","}
{"timestamp": "2026-05-18T10:32:12.611280", "level": "INFO", "logger": "NameTag.BrandGenerator", "message": "        \"background\": \"연한 민트\""}
{"timestamp": "2026-05-18T10:32:12.611550", "level": "INFO", "logger": "NameTag.BrandGenerator", "message": "      }"}
{"timestamp": "2026-05-18T10:32:12.611859", "level": "INFO", "logger": "NameTag.BrandGenerator", "message": "    },"}
{"timestamp": "2026-05-18T10:32:12.612091", "level": "INFO", "logger": "NameTag.BrandGenerator", "message": "    {"}
{"timestamp": "2026-05-18T10:32:12.612289", "level": "INFO", "logger": "NameTag.BrandGenerator", "message": "      \"name\": \"피식상점 (Pishik Store)\","}
{"timestamp": "2026-05-18T10:32:12.612497", "level": "INFO", "logger": "NameTag.BrandGenerator", "message": "      \"meaning\": \"소품을 보는 순간 '피식'하고 웃음이 터지는 위트 있고 유머러스한 발견을 지향합니다.\","}
{"timestamp": "2026-05-18T10:32:12.612693", "level": "INFO", "logger": "NameTag.BrandGenerator", "message": "      \"story\": \"어른이 되어버린 우리에게 필요한 건 아주 약간의 유머입니다. 뻔한 인테리어 소품 대신, 개성 넘치고 재치 있는 아이템으로 당신만의 공간에 유쾌한 활력을 더해보세요.\","}
{"timestamp": "2026-05-18T10:32:12.612934", "level": "INFO", "logger": "NameTag.BrandGenerator", "message": "      \"slogan\": \"당신의 공간에 피식, 웃음을 배달합니다\","}
{"timestamp": "2026-05-18T10:32:12.613191", "level": "INFO", "logger": "NameTag.BrandGenerator", "message": "      \"typography\": {"}
{"timestamp": "2026-05-18T10:32:12.613402", "level": "INFO", "logger": "NameTag.BrandGenerator", "message": "        \"korean\": \"배달의민족 주아체\","}
{"timestamp": "2026-05-18T10:32:12.613627", "level": "INFO", "logger": "NameTag.BrandGenerator", "message": "        \"english\": \"Fredoka One\","}
{"timestamp": "2026-05-18T10:32:12.613839", "level": "INFO", "logger": "NameTag.BrandGenerator", "message": "        \"reason\": \"둥글고 통통한 서체는 브랜드의 유머러스함과 친근함을 극대화하며 시각적인 즐거움을 줍니다.\""}
{"timestamp": "2026-05-18T10:32:12.614065", "level": "INFO", "logger": "NameTag.BrandGenerator", "message": "      },"}
{"timestamp": "2026-05-18T10:32:12.614281", "level": "INFO", "logger": "NameTag.BrandGenerator", "message": "      \"character\": {"}
{"timestamp": "2026-05-18T10:32:12.614513", "level": "INFO", "logger": "NameTag.BrandGenerator", "message": "        \"name\": \"피식이\","}
{"timestamp": "2026-05-18T10:32:12.614739", "level": "INFO", "logger": "NameTag.BrandGenerator", "message": "        \"concept\": \"무표정인 듯하지만 한쪽 입꼬리만 올라간 장난꾸러기 고양이\","}
{"timestamp": "2026-05-18T10:32:12.614964", "level": "INFO", "logger": "NameTag.BrandGenerator", "message": "        \"personality\": \"엉뚱한, 위트 있는, 당당한\","}
{"timestamp": "2026-05-18T10:32:12.615258", "level": "INFO", "logger": "NameTag.BrandGenerator", "message": "        \"visual\": \"긴 팔다리를 가졌으며, 항상 엉뚱한 소품을 머리에 쓰고 있거나 우스꽝스러운 자세로 앉아 있는 노란 고양이입니다.\""}
{"timestamp": "2026-05-18T10:32:12.615488", "level": "INFO", "logger": "NameTag.BrandGenerator", "message": "      },"}
{"timestamp": "2026-05-18T10:32:12.615751", "level": "INFO", "logger": "NameTag.BrandGenerator", "message": "      \"logo_design\": {"}
{"timestamp": "2026-05-18T10:32:12.615970", "level": "INFO", "logger": "NameTag.BrandGenerator", "message": "        \"brand_name\": \"피식상점\","}
{"timestamp": "2026-05-18T10:32:12.616196", "level": "INFO", "logger": "NameTag.BrandGenerator", "message": "        \"brand_topic\": \"위트 있는 유니크 소품샵\","}
{"timestamp": "2026-05-18T10:32:12.616435", "level": "INFO", "logger": "NameTag.BrandGenerator", "message": "        \"core_value\": \"유머, 트렌디\","}
{"timestamp": "2026-05-18T10:32:12.616650", "level": "INFO", "logger": "NameTag.BrandGenerator", "message": "        \"target_mood\": \"키치하고 유쾌한 분위기\","}
{"timestamp": "2026-05-18T10:32:12.616909", "level": "INFO", "logger": "NameTag.BrandGenerator", "message": "        \"symbol_type\": \"위트 있는 캐릭터 얼굴\","}
{"timestamp": "2026-05-18T10:32:12.617123", "level": "INFO", "logger": "NameTag.BrandGenerator", "message": "        \"font_style\": \"둥글고 볼륨감 있는 서체\","}
{"timestamp": "2026-05-18T10:32:12.617362", "level": "INFO", "logger": "NameTag.BrandGenerator", "message": "        \"font_reference\": \"팝아트 타이포그래피\","}
{"timestamp": "2026-05-18T10:32:12.617574", "level": "INFO", "logger": "NameTag.BrandGenerator", "message": "        \"font_weight\": \"Bold\","}
{"timestamp": "2026-05-18T10:32:12.618027", "level": "INFO", "logger": "NameTag.BrandGenerator", "message": "        \"brand_color\": \"머스터드 옐로우 & 차콜\","}
{"timestamp": "2026-05-18T10:32:12.618273", "level": "INFO", "logger": "NameTag.BrandGenerator", "message": "        \"logo_type\": \"워드마크 중심형\","}
{"timestamp": "2026-05-18T10:32:12.618517", "level": "INFO", "logger": "NameTag.BrandGenerator", "message": "        \"background\": \"화이트\""}
{"timestamp": "2026-05-18T10:32:12.618785", "level": "INFO", "logger": "NameTag.BrandGenerator", "message": "      }"}
{"timestamp": "2026-05-18T10:32:12.619039", "level": "INFO", "logger": "NameTag.BrandGenerator", "message": "    }"}
{"timestamp": "2026-05-18T10:32:12.619313", "level": "INFO", "logger": "NameTag.BrandGenerator", "message": "  ]"}
{"timestamp": "2026-05-18T10:32:12.619543", "level": "INFO", "logger": "NameTag.BrandGenerator", "message": "}"}
{"timestamp": "2026-05-18T10:32:12.619759", "level": "INFO", "logger": "NameTag.BrandGenerator", "message": "===================================================================================================="}
{"timestamp": "2026-05-18T10:32:12.621793", "level": "DEBUG", "logger": "NameTag.Tracker", "message": "Variable set: BRAND_1_NAME", "variables": {"BRAND_1_NAME": "온기조각 (Ongi Jogak)"}, "session_id": "19f761c1-8388-4e12-9d73-95a961348e20"}
{"timestamp": "2026-05-18T10:32:12.623529", "level": "DEBUG", "logger": "NameTag.Tracker", "message": "Variable set: BRAND_1_MEANING", "variables": {"BRAND_1_MEANING": "따뜻할 온(溫)과 기운 기(氣)를 써서 일상 속 작은 온기들을 조각조각 모은다는 의미입니다."}, "session_id": "19f761c1-8388-4e12-9d73-95a961348e20"}
{"timestamp": "2026-05-18T10:32:12.625184", "level": "DEBUG", "logger": "NameTag.Tracker", "message": "Variable set: BRAND_1_STORY", "variables": {"BRAND_1_STORY": "반복되는 출퇴근길과 차가운 사무실 책상 위, 당신을 미소 짓게 할 작은 온기들을 큐레이션합니다. 소소하지만 확실한 행복이 담긴 소품들로 당신의 방을 따뜻한 온기로 채워보세요."}, "session_id": "19f761c1-8388-4e12-9d73-95a961348e20"}
{"timestamp": "2026-05-18T10:32:12.626785", "level": "DEBUG", "logger": "NameTag.Tracker", "message": "Variable set: BRAND_1_SLOGAN", "variables": {"BRAND_1_SLOGAN": "당신의 하루를 채우는 가장 따뜻한 조각"}, "session_id": "19f761c1-8388-4e12-9d73-95a961348e20"}
{"timestamp": "2026-05-18T10:32:12.628307", "level": "DEBUG", "logger": "NameTag.Tracker", "message": "Variable set: BRAND_1_TYPOGRAPHY_KOREAN", "variables": {"BRAND_1_TYPOGRAPHY_KOREAN": "나눔명조"}, "session_id": "19f761c1-8388-4e12-9d73-95a961348e20"}
{"timestamp": "2026-05-18T10:32:12.629848", "level": "DEBUG", "logger": "NameTag.Tracker", "message": "Variable set: BRAND_1_TYPOGRAPHY_ENGLISH", "variables": {"BRAND_1_TYPOGRAPHY_ENGLISH": "Playfair Display"}, "session_id": "19f761c1-8388-4e12-9d73-95a961348e20"}
{"timestamp": "2026-05-18T10:32:12.631318", "level": "DEBUG", "logger": "NameTag.Tracker", "message": "Variable set: BRAND_1_TYPOGRAPHY_REASON", "variables": {"BRAND_1_TYPOGRAPHY_REASON": "부드러운 곡선이 가미된 세리프체는 따뜻한 감성과 신뢰감을 동시에 주어 30대 여성에게 안정감을 전달합니다."}, "session_id": "19f761c1-8388-4e12-9d73-95a961348e20"}
{"timestamp": "2026-05-18T10:32:12.633006", "level": "DEBUG", "logger": "NameTag.Tracker", "message": "Variable set: BRAND_1_CHARACTER_NAME", "variables": {"BRAND_1_CHARACTER_NAME": "온기"}, "session_id": "19f761c1-8388-4e12-9d73-95a961348e20"}
{"timestamp": "2026-05-18T10:32:12.634514", "level": "DEBUG", "logger": "NameTag.Tracker", "message": "Variable set: BRAND_1_CHARACTER_CONCEPT", "variables": {"BRAND_1_CHARACTER_CONCEPT": "따스한 햇볕을 머금은 몽글몽글한 조각구름"}, "session_id": "19f761c1-8388-4e12-9d73-95a961348e20"}
{"timestamp": "2026-05-18T10:32:12.635789", "level": "DEBUG", "logger": "NameTag.Tracker", "message": "Variable set: BRAND_1_CHARACTER_PERSONALITY", "variables": {"BRAND_1_CHARACTER_PERSONALITY": "포근한, 다정한, 여유로운"}, "session_id": "19f761c1-8388-4e12-9d73-95a961348e20"}
{"timestamp": "2026-05-18T10:32:12.637161", "level": "DEBUG", "logger": "NameTag.Tracker", "message": "Variable set: BRAND_1_CHARACTER_VISUAL", "variables": {"BRAND_1_CHARACTER_VISUAL": "반투명한 연베이지색 솜사탕 같은 몸체에 항상 살짝 발그레한 볼을 가지고 있으며, 작은 소품을 소중히 품고 다니는 형태입니다."}, "session_id": "19f761c1-8388-4e12-9d73-95a961348e20"}
{"timestamp": "2026-05-18T10:32:12.638728", "level": "DEBUG", "logger": "NameTag.Tracker", "message": "Variable set: BRAND_1_LOGO_DESIGN_BRAND_NAME", "variables": {"BRAND_1_LOGO_DESIGN_BRAND_NAME": "온기조각"}, "session_id": "19f761c1-8388-4e12-9d73-95a961348e20"}
{"timestamp": "2026-05-18T10:32:12.640727", "level": "DEBUG", "logger": "NameTag.Tracker", "message": "Variable set: BRAND_1_LOGO_DESIGN_BRAND_TOPIC", "variables": {"BRAND_1_LOGO_DESIGN_BRAND_TOPIC": "감성 소품 온라인 셀렉샵"}, "session_id": "19f761c1-8388-4e12-9d73-95a961348e20"}
{"timestamp": "2026-05-18T10:32:12.642221", "level": "DEBUG", "logger": "NameTag.Tracker", "message": "Variable set: BRAND_1_LOGO_DESIGN_CORE_VALUE", "variables": {"BRAND_1_LOGO_DESIGN_CORE_VALUE": "온기, 발견"}, "session_id": "19f761c1-8388-4e12-9d73-95a961348e20"}
{"timestamp": "2026-05-18T10:32:12.643656", "level": "DEBUG", "logger": "NameTag.Tracker", "message": "Variable set: BRAND_1_LOGO_DESIGN_TARGET_MOOD", "variables": {"BRAND_1_LOGO_DESIGN_TARGET_MOOD": "따뜻하고 아늑한 분위기"}, "session_id": "19f761c1-8388-4e12-9d73-95a961348e20"}
{"timestamp": "2026-05-18T10:32:12.645104", "level": "DEBUG", "logger": "NameTag.Tracker", "message": "Variable set: BRAND_1_LOGO_DESIGN_SYMBOL_TYPE", "variables": {"BRAND_1_LOGO_DESIGN_SYMBOL_TYPE": "미니멀한 조각 아이콘"}, "session_id": "19f761c1-8388-4e12-9d73-95a961348e20"}
{"timestamp": "2026-05-18T10:32:12.646810", "level": "DEBUG", "logger": "NameTag.Tracker", "message": "Variable set: BRAND_1_LOGO_DESIGN_FONT_STYLE", "variables": {"BRAND_1_LOGO_DESIGN_FONT_STYLE": "우아하고 부드러운 서체"}, "session_id": "19f761c1-8388-4e12-9d73-95a961348e20"}
{"timestamp": "2026-05-18T10:32:12.648444", "level": "DEBUG", "logger": "NameTag.Tracker", "message": "Variable set: BRAND_1_LOGO_DESIGN_FONT_REFERENCE", "variables": {"BRAND_1_LOGO_DESIGN_FONT_REFERENCE": "클래식 세리프"}, "session_id": "19f761c1-8388-4e12-9d73-95a961348e20"}
{"timestamp": "2026-05-18T10:32:12.650028", "level": "DEBUG", "logger": "NameTag.Tracker", "message": "Variable set: BRAND_1_LOGO_DESIGN_FONT_WEIGHT", "variables": {"BRAND_1_LOGO_DESIGN_FONT_WEIGHT": "Medium"}, "session_id": "19f761c1-8388-4e12-9d73-95a961348e20"}
{"timestamp": "2026-05-18T10:32:12.651454", "level": "DEBUG", "logger": "NameTag.Tracker", "message": "Variable set: BRAND_1_LOGO_DESIGN_BRAND_COLOR", "variables": {"BRAND_1_LOGO_DESIGN_BRAND_COLOR": "웜 베이지 & 테라코타"}, "session_id": "19f761c1-8388-4e12-9d73-95a961348e20"}
{"timestamp": "2026-05-18T10:32:12.652962", "level": "DEBUG", "logger": "NameTag.Tracker", "message": "Variable set: BRAND_1_LOGO_DESIGN_LOGO_TYPE", "variables": {"BRAND_1_LOGO_DESIGN_LOGO_TYPE": "심볼 + 워드마크 조합형"}, "session_id": "19f761c1-8388-4e12-9d73-95a961348e20"}
{"timestamp": "2026-05-18T10:32:12.654557", "level": "DEBUG", "logger": "NameTag.Tracker", "message": "Variable set: BRAND_1_LOGO_DESIGN_BACKGROUND", "variables": {"BRAND_1_LOGO_DESIGN_BACKGROUND": "아이보리"}, "session_id": "19f761c1-8388-4e12-9d73-95a961348e20"}
{"timestamp": "2026-05-18T10:32:12.655980", "level": "DEBUG", "logger": "NameTag.Tracker", "message": "Variable set: BRAND_2_NAME", "variables": {"BRAND_2_NAME": "그리너리 포켓 (Greenery Pocket)"}, "session_id": "19f761c1-8388-4e12-9d73-95a961348e20"}
{"timestamp": "2026-05-18T10:32:12.657406", "level": "DEBUG", "logger": "NameTag.Tracker", "message": "Variable set: BRAND_2_MEANING", "variables": {"BRAND_2_MEANING": "도심 속 자연을 주머니에 담듯, 언제 어디서든 자연친화적인 감성을 즐길 수 있다는 의미입니다."}, "session_id": "19f761c1-8388-4e12-9d73-95a961348e20"}
{"timestamp": "2026-05-18T10:32:12.658815", "level": "DEBUG", "logger": "NameTag.Tracker", "message": "Variable set: BRAND_2_STORY", "variables": {"BRAND_2_STORY": "삭막한 도시 생활 속에서 나만의 작은 숲을 가꾸는 즐거움을 제안합니다. 자연의 색감과 소재를 담은 소품들이 지친 당신의 일상에 싱그러운 휴식을 선물할 것입니다."}, "session_id": "19f761c1-8388-4e12-9d73-95a961348e20"}
{"timestamp": "2026-05-18T10:32:12.660442", "level": "DEBUG", "logger": "NameTag.Tracker", "message": "Variable set: BRAND_2_SLOGAN", "variables": {"BRAND_2_SLOGAN": "주머니 속 작은 숲, 일상을 초록으로"}, "session_id": "19f761c1-8388-4e12-9d73-95a961348e20"}
{"timestamp": "2026-05-18T10:32:12.661991", "level": "DEBUG", "logger": "NameTag.Tracker", "message": "Variable set: BRAND_2_TYPOGRAPHY_KOREAN", "variables": {"BRAND_2_TYPOGRAPHY_KOREAN": "고도체"}, "session_id": "19f761c1-8388-4e12-9d73-95a961348e20"}
{"timestamp": "2026-05-18T10:32:12.663391", "level": "DEBUG", "logger": "NameTag.Tracker", "message": "Variable set: BRAND_2_TYPOGRAPHY_ENGLISH", "variables": {"BRAND_2_TYPOGRAPHY_ENGLISH": "DM Sans"}, "session_id": "19f761c1-8388-4e12-9d73-95a961348e20"}
{"timestamp": "2026-05-18T10:32:12.664645", "level": "DEBUG", "logger": "NameTag.Tracker", "message": "Variable set: BRAND_2_TYPOGRAPHY_REASON", "variables": {"BRAND_2_TYPOGRAPHY_REASON": "깔끔하면서도 끝처리가 둥근 폰트는 자연친화적이고 편안한 느낌을 주어 트렌디한 감성을 완성합니다."}, "session_id": "19f761c1-8388-4e12-9d73-95a961348e20"}
{"timestamp": "2026-05-18T10:32:12.665971", "level": "DEBUG", "logger": "NameTag.Tracker", "message": "Variable set: BRAND_2_CHARACTER_NAME", "variables": {"BRAND_2_CHARACTER_NAME": "리프"}, "session_id": "19f761c1-8388-4e12-9d73-95a961348e20"}
{"timestamp": "2026-05-18T10:32:12.667448", "level": "DEBUG", "logger": "NameTag.Tracker", "message": "Variable set: BRAND_2_CHARACTER_CONCEPT", "variables": {"BRAND_2_CHARACTER_CONCEPT": "주머니 속에 살고 있는 수줍은 잎사귀 요정"}, "session_id": "19f761c1-8388-4e12-9d73-95a961348e20"}
{"timestamp": "2026-05-18T10:32:12.668793", "level": "DEBUG", "logger": "NameTag.Tracker", "message": "Variable set: BRAND_2_CHARACTER_PERSONALITY", "variables": {"BRAND_2_CHARACTER_PERSONALITY": "자연을 사랑하는, 세심한, 수줍은"}, "session_id": "19f761c1-8388-4e12-9d73-95a961348e20"}
{"timestamp": "2026-05-18T10:32:12.670126", "level": "DEBUG", "logger": "NameTag.Tracker", "message": "Variable set: BRAND_2_CHARACTER_VISUAL", "variables": {"BRAND_2_CHARACTER_VISUAL": "커다란 나뭇잎 하나를 등 뒤에 메고 있으며, 작은 화분을 들고 다니는 초록색 모자를 쓴 귀여운 요정입니다."}, "session_id": "19f761c1-8388-4e12-9d73-95a961348e20"}
{"timestamp": "2026-05-18T10:32:12.671388", "level": "DEBUG", "logger": "NameTag.Tracker", "message": "Variable set: BRAND_2_LOGO_DESIGN_BRAND_NAME", "variables": {"BRAND_2_LOGO_DESIGN_BRAND_NAME": "그리너리 포켓"}, "session_id": "19f761c1-8388-4e12-9d73-95a961348e20"}
{"timestamp": "2026-05-18T10:32:12.672845", "level": "DEBUG", "logger": "NameTag.Tracker", "message": "Variable set: BRAND_2_LOGO_DESIGN_BRAND_TOPIC", "variables": {"BRAND_2_LOGO_DESIGN_BRAND_TOPIC": "자연친화 리빙 편집숍"}, "session_id": "19f761c1-8388-4e12-9d73-95a961348e20"}
{"timestamp": "2026-05-18T10:32:12.674513", "level": "DEBUG", "logger": "NameTag.Tracker", "message": "Variable set: BRAND_2_LOGO_DESIGN_CORE_VALUE", "variables": {"BRAND_2_LOGO_DESIGN_CORE_VALUE": "휴식, 자연"}, "session_id": "19f761c1-8388-4e12-9d73-95a961348e20"}
{"timestamp": "2026-05-18T10:32:12.676043", "level": "DEBUG", "logger": "NameTag.Tracker", "message": "Variable set: BRAND_2_LOGO_DESIGN_TARGET_MOOD", "variables": {"BRAND_2_LOGO_DESIGN_TARGET_MOOD": "내추럴하고 싱그러운 감성"}, "session_id": "19f761c1-8388-4e12-9d73-95a961348e20"}
{"timestamp": "2026-05-18T10:32:12.677678", "level": "DEBUG", "logger": "NameTag.Tracker", "message": "Variable set: BRAND_2_LOGO_DESIGN_SYMBOL_TYPE", "variables": {"BRAND_2_LOGO_DESIGN_SYMBOL_TYPE": "라인 아트 잎사귀 형태"}, "session_id": "19f761c1-8388-4e12-9d73-95a961348e20"}
{"timestamp": "2026-05-18T10:32:12.679177", "level": "DEBUG", "logger": "NameTag.Tracker", "message": "Variable set: BRAND_2_LOGO_DESIGN_FONT_STYLE", "variables": {"BRAND_2_LOGO_DESIGN_FONT_STYLE": "정갈하고 모던한 산세리프"}, "session_id": "19f761c1-8388-4e12-9d73-95a961348e20"}
{"timestamp": "2026-05-18T10:32:12.680952", "level": "DEBUG", "logger": "NameTag.Tracker", "message": "Variable set: BRAND_2_LOGO_DESIGN_FONT_REFERENCE", "variables": {"BRAND_2_LOGO_DESIGN_FONT_REFERENCE": "기하학적 산세리프"}, "session_id": "19f761c1-8388-4e12-9d73-95a961348e20"}
{"timestamp": "2026-05-18T10:32:12.682644", "level": "DEBUG", "logger": "NameTag.Tracker", "message": "Variable set: BRAND_2_LOGO_DESIGN_FONT_WEIGHT", "variables": {"BRAND_2_LOGO_DESIGN_FONT_WEIGHT": "Light"}, "session_id": "19f761c1-8388-4e12-9d73-95a961348e20"}
{"timestamp": "2026-05-18T10:32:12.684137", "level": "DEBUG", "logger": "NameTag.Tracker", "message": "Variable set: BRAND_2_LOGO_DESIGN_BRAND_COLOR", "variables": {"BRAND_2_LOGO_DESIGN_BRAND_COLOR": "세이지 그린 & 더스티 브라운"}, "session_id": "19f761c1-8388-4e12-9d73-95a961348e20"}
{"timestamp": "2026-05-18T10:32:12.685531", "level": "DEBUG", "logger": "NameTag.Tracker", "message": "Variable set: BRAND_2_LOGO_DESIGN_LOGO_TYPE", "variables": {"BRAND_2_LOGO_DESIGN_LOGO_TYPE": "엠블럼 형태"}, "session_id": "19f761c1-8388-4e12-9d73-95a961348e20"}
{"timestamp": "2026-05-18T10:32:12.686827", "level": "DEBUG", "logger": "NameTag.Tracker", "message": "Variable set: BRAND_2_LOGO_DESIGN_BACKGROUND", "variables": {"BRAND_2_LOGO_DESIGN_BACKGROUND": "연한 민트"}, "session_id": "19f761c1-8388-4e12-9d73-95a961348e20"}
{"timestamp": "2026-05-18T10:32:12.688567", "level": "DEBUG", "logger": "NameTag.Tracker", "message": "Variable set: BRAND_3_NAME", "variables": {"BRAND_3_NAME": "피식상점 (Pishik Store)"}, "session_id": "19f761c1-8388-4e12-9d73-95a961348e20"}
{"timestamp": "2026-05-18T10:32:12.690295", "level": "DEBUG", "logger": "NameTag.Tracker", "message": "Variable set: BRAND_3_MEANING", "variables": {"BRAND_3_MEANING": "소품을 보는 순간 '피식'하고 웃음이 터지는 위트 있고 유머러스한 발견을 지향합니다."}, "session_id": "19f761c1-8388-4e12-9d73-95a961348e20"}
{"timestamp": "2026-05-18T10:32:12.691940", "level": "DEBUG", "logger": "NameTag.Tracker", "message": "Variable set: BRAND_3_STORY", "variables": {"BRAND_3_STORY": "어른이 되어버린 우리에게 필요한 건 아주 약간의 유머입니다. 뻔한 인테리어 소품 대신, 개성 넘치고 재치 있는 아이템으로 당신만의 공간에 유쾌한 활력을 더해보세요."}, "session_id": "19f761c1-8388-4e12-9d73-95a961348e20"}
{"timestamp": "2026-05-18T10:32:12.693373", "level": "DEBUG", "logger": "NameTag.Tracker", "message": "Variable set: BRAND_3_SLOGAN", "variables": {"BRAND_3_SLOGAN": "당신의 공간에 피식, 웃음을 배달합니다"}, "session_id": "19f761c1-8388-4e12-9d73-95a961348e20"}
{"timestamp": "2026-05-18T10:32:12.694895", "level": "DEBUG", "logger": "NameTag.Tracker", "message": "Variable set: BRAND_3_TYPOGRAPHY_KOREAN", "variables": {"BRAND_3_TYPOGRAPHY_KOREAN": "배달의민족 주아체"}, "session_id": "19f761c1-8388-4e12-9d73-95a961348e20"}
{"timestamp": "2026-05-18T10:32:12.696891", "level": "DEBUG", "logger": "NameTag.Tracker", "message": "Variable set: BRAND_3_TYPOGRAPHY_ENGLISH", "variables": {"BRAND_3_TYPOGRAPHY_ENGLISH": "Fredoka One"}, "session_id": "19f761c1-8388-4e12-9d73-95a961348e20"}
{"timestamp": "2026-05-18T10:32:12.698321", "level": "DEBUG", "logger": "NameTag.Tracker", "message": "Variable set: BRAND_3_TYPOGRAPHY_REASON", "variables": {"BRAND_3_TYPOGRAPHY_REASON": "둥글고 통통한 서체는 브랜드의 유머러스함과 친근함을 극대화하며 시각적인 즐거움을 줍니다."}, "session_id": "19f761c1-8388-4e12-9d73-95a961348e20"}
{"timestamp": "2026-05-18T10:32:12.699647", "level": "DEBUG", "logger": "NameTag.Tracker", "message": "Variable set: BRAND_3_CHARACTER_NAME", "variables": {"BRAND_3_CHARACTER_NAME": "피식이"}, "session_id": "19f761c1-8388-4e12-9d73-95a961348e20"}
{"timestamp": "2026-05-18T10:32:12.701033", "level": "DEBUG", "logger": "NameTag.Tracker", "message": "Variable set: BRAND_3_CHARACTER_CONCEPT", "variables": {"BRAND_3_CHARACTER_CONCEPT": "무표정인 듯하지만 한쪽 입꼬리만 올라간 장난꾸러기 고양이"}, "session_id": "19f761c1-8388-4e12-9d73-95a961348e20"}
{"timestamp": "2026-05-18T10:32:12.702617", "level": "DEBUG", "logger": "NameTag.Tracker", "message": "Variable set: BRAND_3_CHARACTER_PERSONALITY", "variables": {"BRAND_3_CHARACTER_PERSONALITY": "엉뚱한, 위트 있는, 당당한"}, "session_id": "19f761c1-8388-4e12-9d73-95a961348e20"}
{"timestamp": "2026-05-18T10:32:12.703990", "level": "DEBUG", "logger": "NameTag.Tracker", "message": "Variable set: BRAND_3_CHARACTER_VISUAL", "variables": {"BRAND_3_CHARACTER_VISUAL": "긴 팔다리를 가졌으며, 항상 엉뚱한 소품을 머리에 쓰고 있거나 우스꽝스러운 자세로 앉아 있는 노란 고양이입니다."}, "session_id": "19f761c1-8388-4e12-9d73-95a961348e20"}
{"timestamp": "2026-05-18T10:32:12.705431", "level": "DEBUG", "logger": "NameTag.Tracker", "message": "Variable set: BRAND_3_LOGO_DESIGN_BRAND_NAME", "variables": {"BRAND_3_LOGO_DESIGN_BRAND_NAME": "피식상점"}, "session_id": "19f761c1-8388-4e12-9d73-95a961348e20"}
{"timestamp": "2026-05-18T10:32:12.706890", "level": "DEBUG", "logger": "NameTag.Tracker", "message": "Variable set: BRAND_3_LOGO_DESIGN_BRAND_TOPIC", "variables": {"BRAND_3_LOGO_DESIGN_BRAND_TOPIC": "위트 있는 유니크 소품샵"}, "session_id": "19f761c1-8388-4e12-9d73-95a961348e20"}
{"timestamp": "2026-05-18T10:32:12.708559", "level": "DEBUG", "logger": "NameTag.Tracker", "message": "Variable set: BRAND_3_LOGO_DESIGN_CORE_VALUE", "variables": {"BRAND_3_LOGO_DESIGN_CORE_VALUE": "유머, 트렌디"}, "session_id": "19f761c1-8388-4e12-9d73-95a961348e20"}
{"timestamp": "2026-05-18T10:32:12.710153", "level": "DEBUG", "logger": "NameTag.Tracker", "message": "Variable set: BRAND_3_LOGO_DESIGN_TARGET_MOOD", "variables": {"BRAND_3_LOGO_DESIGN_TARGET_MOOD": "키치하고 유쾌한 분위기"}, "session_id": "19f761c1-8388-4e12-9d73-95a961348e20"}
{"timestamp": "2026-05-18T10:32:12.711644", "level": "DEBUG", "logger": "NameTag.Tracker", "message": "Variable set: BRAND_3_LOGO_DESIGN_SYMBOL_TYPE", "variables": {"BRAND_3_LOGO_DESIGN_SYMBOL_TYPE": "위트 있는 캐릭터 얼굴"}, "session_id": "19f761c1-8388-4e12-9d73-95a961348e20"}
{"timestamp": "2026-05-18T10:32:12.713061", "level": "DEBUG", "logger": "NameTag.Tracker", "message": "Variable set: BRAND_3_LOGO_DESIGN_FONT_STYLE", "variables": {"BRAND_3_LOGO_DESIGN_FONT_STYLE": "둥글고 볼륨감 있는 서체"}, "session_id": "19f761c1-8388-4e12-9d73-95a961348e20"}
{"timestamp": "2026-05-18T10:32:12.714427", "level": "DEBUG", "logger": "NameTag.Tracker", "message": "Variable set: BRAND_3_LOGO_DESIGN_FONT_REFERENCE", "variables": {"BRAND_3_LOGO_DESIGN_FONT_REFERENCE": "팝아트 타이포그래피"}, "session_id": "19f761c1-8388-4e12-9d73-95a961348e20"}
{"timestamp": "2026-05-18T10:32:12.716182", "level": "DEBUG", "logger": "NameTag.Tracker", "message": "Variable set: BRAND_3_LOGO_DESIGN_FONT_WEIGHT", "variables": {"BRAND_3_LOGO_DESIGN_FONT_WEIGHT": "Bold"}, "session_id": "19f761c1-8388-4e12-9d73-95a961348e20"}
{"timestamp": "2026-05-18T10:32:12.717576", "level": "DEBUG", "logger": "NameTag.Tracker", "message": "Variable set: BRAND_3_LOGO_DESIGN_BRAND_COLOR", "variables": {"BRAND_3_LOGO_DESIGN_BRAND_COLOR": "머스터드 옐로우 & 차콜"}, "session_id": "19f761c1-8388-4e12-9d73-95a961348e20"}
{"timestamp": "2026-05-18T10:32:12.718945", "level": "DEBUG", "logger": "NameTag.Tracker", "message": "Variable set: BRAND_3_LOGO_DESIGN_LOGO_TYPE", "variables": {"BRAND_3_LOGO_DESIGN_LOGO_TYPE": "워드마크 중심형"}, "session_id": "19f761c1-8388-4e12-9d73-95a961348e20"}
{"timestamp": "2026-05-18T10:32:12.720348", "level": "DEBUG", "logger": "NameTag.Tracker", "message": "Variable set: BRAND_3_LOGO_DESIGN_BACKGROUND", "variables": {"BRAND_3_LOGO_DESIGN_BACKGROUND": "화이트"}, "session_id": "19f761c1-8388-4e12-9d73-95a961348e20"}
{"timestamp": "2026-05-18T10:32:12.720573", "level": "INFO", "logger": "NameTag.BrandGenerator", "message": "================================================================================"}
{"timestamp": "2026-05-18T10:32:12.720798", "level": "INFO", "logger": "NameTag.BrandGenerator", "message": "✅ PARSED RESULT (파싱된 결과)"}
{"timestamp": "2026-05-18T10:32:12.721030", "level": "INFO", "logger": "NameTag.BrandGenerator", "message": "================================================================================"}
{"timestamp": "2026-05-18T10:32:12.721261", "level": "INFO", "logger": "NameTag.BrandGenerator", "message": "\n📝 BRAND 1: 온기조각 (Ongi Jogak)"}
{"timestamp": "2026-05-18T10:32:12.721548", "level": "INFO", "logger": "NameTag.BrandGenerator", "message": "  Meaning: 따뜻할 온(溫)과 기운 기(氣)를 써서 일상 속 작은 온기들을 조각조각 모은다는 의미입니다."}
{"timestamp": "2026-05-18T10:32:12.721790", "level": "INFO", "logger": "NameTag.BrandGenerator", "message": "  Story: 반복되는 출퇴근길과 차가운 사무실 책상 위, 당신을 미소 짓게 할 작은 온기들을 큐레이션합니다. 소소하지만 확실한 행복이 담긴 소품들로 당신의 방을 따뜻한 온기로 채워보세요."}
{"timestamp": "2026-05-18T10:32:12.722071", "level": "INFO", "logger": "NameTag.BrandGenerator", "message": "  Slogan: 당신의 하루를 채우는 가장 따뜻한 조각"}
{"timestamp": "2026-05-18T10:32:12.722327", "level": "INFO", "logger": "NameTag.BrandGenerator", "message": "  🔤 Typography:"}
{"timestamp": "2026-05-18T10:32:12.722590", "level": "INFO", "logger": "NameTag.BrandGenerator", "message": "     Korean: 나눔명조"}
{"timestamp": "2026-05-18T10:32:12.722979", "level": "INFO", "logger": "NameTag.BrandGenerator", "message": "     English: Playfair Display"}
{"timestamp": "2026-05-18T10:32:12.723282", "level": "INFO", "logger": "NameTag.BrandGenerator", "message": "     Reason: 부드러운 곡선이 가미된 세리프체는 따뜻한 감성과 신뢰감을 동시에 주어 30대 여성에게 안정감을 전달합니다."}
{"timestamp": "2026-05-18T10:32:12.723522", "level": "INFO", "logger": "NameTag.BrandGenerator", "message": "  🎭 Character:"}
{"timestamp": "2026-05-18T10:32:12.723774", "level": "INFO", "logger": "NameTag.BrandGenerator", "message": "     Name: 온기"}
{"timestamp": "2026-05-18T10:32:12.724015", "level": "INFO", "logger": "NameTag.BrandGenerator", "message": "     Concept: 따스한 햇볕을 머금은 몽글몽글한 조각구름"}
{"timestamp": "2026-05-18T10:32:12.724260", "level": "INFO", "logger": "NameTag.BrandGenerator", "message": "     Personality: 포근한, 다정한, 여유로운"}
{"timestamp": "2026-05-18T10:32:12.724529", "level": "INFO", "logger": "NameTag.BrandGenerator", "message": "     Visual: 반투명한 연베이지색 솜사탕 같은 몸체에 항상 살짝 발그레한 볼을 가지고 있으며, 작은 소품을 소중히 품고 다니는 형태입니다."}
{"timestamp": "2026-05-18T10:32:12.724801", "level": "INFO", "logger": "NameTag.BrandGenerator", "message": "  🎨 Logo Design:"}
{"timestamp": "2026-05-18T10:32:12.725090", "level": "INFO", "logger": "NameTag.BrandGenerator", "message": "     brand_name: 온기조각"}
{"timestamp": "2026-05-18T10:32:12.725302", "level": "INFO", "logger": "NameTag.BrandGenerator", "message": "     brand_topic: 감성 소품 온라인 셀렉샵"}
{"timestamp": "2026-05-18T10:32:12.725490", "level": "INFO", "logger": "NameTag.BrandGenerator", "message": "     core_value: 온기, 발견"}
{"timestamp": "2026-05-18T10:32:12.725768", "level": "INFO", "logger": "NameTag.BrandGenerator", "message": "     target_mood: 따뜻하고 아늑한 분위기"}
{"timestamp": "2026-05-18T10:32:12.725985", "level": "INFO", "logger": "NameTag.BrandGenerator", "message": "     symbol_type: 미니멀한 조각 아이콘"}
{"timestamp": "2026-05-18T10:32:12.726215", "level": "INFO", "logger": "NameTag.BrandGenerator", "message": "     font_style: 우아하고 부드러운 서체"}
{"timestamp": "2026-05-18T10:32:12.726483", "level": "INFO", "logger": "NameTag.BrandGenerator", "message": "     font_reference: 클래식 세리프"}
{"timestamp": "2026-05-18T10:32:12.726714", "level": "INFO", "logger": "NameTag.BrandGenerator", "message": "     font_weight: Medium"}
{"timestamp": "2026-05-18T10:32:12.726953", "level": "INFO", "logger": "NameTag.BrandGenerator", "message": "     brand_color: 웜 베이지 & 테라코타"}
{"timestamp": "2026-05-18T10:32:12.727147", "level": "INFO", "logger": "NameTag.BrandGenerator", "message": "     logo_type: 심볼 + 워드마크 조합형"}
{"timestamp": "2026-05-18T10:32:12.727401", "level": "INFO", "logger": "NameTag.BrandGenerator", "message": "     background: 아이보리"}
{"timestamp": "2026-05-18T10:32:12.727598", "level": "INFO", "logger": "NameTag.BrandGenerator", "message": "\n📝 BRAND 2: 그리너리 포켓 (Greenery Pocket)"}
{"timestamp": "2026-05-18T10:32:12.727880", "level": "INFO", "logger": "NameTag.BrandGenerator", "message": "  Meaning: 도심 속 자연을 주머니에 담듯, 언제 어디서든 자연친화적인 감성을 즐길 수 있다는 의미입니다."}
{"timestamp": "2026-05-18T10:32:12.728103", "level": "INFO", "logger": "NameTag.BrandGenerator", "message": "  Story: 삭막한 도시 생활 속에서 나만의 작은 숲을 가꾸는 즐거움을 제안합니다. 자연의 색감과 소재를 담은 소품들이 지친 당신의 일상에 싱그러운 휴식을 선물할 것입니다."}
{"timestamp": "2026-05-18T10:32:12.728336", "level": "INFO", "logger": "NameTag.BrandGenerator", "message": "  Slogan: 주머니 속 작은 숲, 일상을 초록으로"}
{"timestamp": "2026-05-18T10:32:12.728551", "level": "INFO", "logger": "NameTag.BrandGenerator", "message": "  🔤 Typography:"}
{"timestamp": "2026-05-18T10:32:12.728801", "level": "INFO", "logger": "NameTag.BrandGenerator", "message": "     Korean: 고도체"}
{"timestamp": "2026-05-18T10:32:12.729042", "level": "INFO", "logger": "NameTag.BrandGenerator", "message": "     English: DM Sans"}
{"timestamp": "2026-05-18T10:32:12.729337", "level": "INFO", "logger": "NameTag.BrandGenerator", "message": "     Reason: 깔끔하면서도 끝처리가 둥근 폰트는 자연친화적이고 편안한 느낌을 주어 트렌디한 감성을 완성합니다."}
{"timestamp": "2026-05-18T10:32:12.729577", "level": "INFO", "logger": "NameTag.BrandGenerator", "message": "  🎭 Character:"}
{"timestamp": "2026-05-18T10:32:12.729828", "level": "INFO", "logger": "NameTag.BrandGenerator", "message": "     Name: 리프"}
{"timestamp": "2026-05-18T10:32:12.730105", "level": "INFO", "logger": "NameTag.BrandGenerator", "message": "     Concept: 주머니 속에 살고 있는 수줍은 잎사귀 요정"}
{"timestamp": "2026-05-18T10:32:12.730358", "level": "INFO", "logger": "NameTag.BrandGenerator", "message": "     Personality: 자연을 사랑하는, 세심한, 수줍은"}
{"timestamp": "2026-05-18T10:32:12.730623", "level": "INFO", "logger": "NameTag.BrandGenerator", "message": "     Visual: 커다란 나뭇잎 하나를 등 뒤에 메고 있으며, 작은 화분을 들고 다니는 초록색 모자를 쓴 귀여운 요정입니다."}
{"timestamp": "2026-05-18T10:32:12.730857", "level": "INFO", "logger": "NameTag.BrandGenerator", "message": "  🎨 Logo Design:"}
{"timestamp": "2026-05-18T10:32:12.731097", "level": "INFO", "logger": "NameTag.BrandGenerator", "message": "     brand_name: 그리너리 포켓"}
{"timestamp": "2026-05-18T10:32:12.731320", "level": "INFO", "logger": "NameTag.BrandGenerator", "message": "     brand_topic: 자연친화 리빙 편집숍"}
{"timestamp": "2026-05-18T10:32:12.731546", "level": "INFO", "logger": "NameTag.BrandGenerator", "message": "     core_value: 휴식, 자연"}
{"timestamp": "2026-05-18T10:32:12.731800", "level": "INFO", "logger": "NameTag.BrandGenerator", "message": "     target_mood: 내추럴하고 싱그러운 감성"}
{"timestamp": "2026-05-18T10:32:12.732000", "level": "INFO", "logger": "NameTag.BrandGenerator", "message": "     symbol_type: 라인 아트 잎사귀 형태"}
{"timestamp": "2026-05-18T10:32:12.732223", "level": "INFO", "logger": "NameTag.BrandGenerator", "message": "     font_style: 정갈하고 모던한 산세리프"}
{"timestamp": "2026-05-18T10:32:12.732443", "level": "INFO", "logger": "NameTag.BrandGenerator", "message": "     font_reference: 기하학적 산세리프"}
{"timestamp": "2026-05-18T10:32:12.732689", "level": "INFO", "logger": "NameTag.BrandGenerator", "message": "     font_weight: Light"}
{"timestamp": "2026-05-18T10:32:12.732969", "level": "INFO", "logger": "NameTag.BrandGenerator", "message": "     brand_color: 세이지 그린 & 더스티 브라운"}
{"timestamp": "2026-05-18T10:32:12.733212", "level": "INFO", "logger": "NameTag.BrandGenerator", "message": "     logo_type: 엠블럼 형태"}
{"timestamp": "2026-05-18T10:32:12.733445", "level": "INFO", "logger": "NameTag.BrandGenerator", "message": "     background: 연한 민트"}
{"timestamp": "2026-05-18T10:32:12.733649", "level": "INFO", "logger": "NameTag.BrandGenerator", "message": "\n📝 BRAND 3: 피식상점 (Pishik Store)"}
{"timestamp": "2026-05-18T10:32:12.733881", "level": "INFO", "logger": "NameTag.BrandGenerator", "message": "  Meaning: 소품을 보는 순간 '피식'하고 웃음이 터지는 위트 있고 유머러스한 발견을 지향합니다."}
{"timestamp": "2026-05-18T10:32:12.734107", "level": "INFO", "logger": "NameTag.BrandGenerator", "message": "  Story: 어른이 되어버린 우리에게 필요한 건 아주 약간의 유머입니다. 뻔한 인테리어 소품 대신, 개성 넘치고 재치 있는 아이템으로 당신만의 공간에 유쾌한 활력을 더해보세요."}
{"timestamp": "2026-05-18T10:32:12.734354", "level": "INFO", "logger": "NameTag.BrandGenerator", "message": "  Slogan: 당신의 공간에 피식, 웃음을 배달합니다"}
{"timestamp": "2026-05-18T10:32:12.734557", "level": "INFO", "logger": "NameTag.BrandGenerator", "message": "  🔤 Typography:"}
{"timestamp": "2026-05-18T10:32:12.734864", "level": "INFO", "logger": "NameTag.BrandGenerator", "message": "     Korean: 배달의민족 주아체"}
{"timestamp": "2026-05-18T10:32:12.735275", "level": "INFO", "logger": "NameTag.BrandGenerator", "message": "     English: Fredoka One"}
{"timestamp": "2026-05-18T10:32:12.739059", "level": "INFO", "logger": "NameTag.BrandGenerator", "message": "     Reason: 둥글고 통통한 서체는 브랜드의 유머러스함과 친근함을 극대화하며 시각적인 즐거움을 줍니다."}
{"timestamp": "2026-05-18T10:32:12.739490", "level": "INFO", "logger": "NameTag.BrandGenerator", "message": "  🎭 Character:"}
{"timestamp": "2026-05-18T10:32:12.739926", "level": "INFO", "logger": "NameTag.BrandGenerator", "message": "     Name: 피식이"}
{"timestamp": "2026-05-18T10:32:12.740224", "level": "INFO", "logger": "NameTag.BrandGenerator", "message": "     Concept: 무표정인 듯하지만 한쪽 입꼬리만 올라간 장난꾸러기 고양이"}
{"timestamp": "2026-05-18T10:32:12.740501", "level": "INFO", "logger": "NameTag.BrandGenerator", "message": "     Personality: 엉뚱한, 위트 있는, 당당한"}
{"timestamp": "2026-05-18T10:32:12.740751", "level": "INFO", "logger": "NameTag.BrandGenerator", "message": "     Visual: 긴 팔다리를 가졌으며, 항상 엉뚱한 소품을 머리에 쓰고 있거나 우스꽝스러운 자세로 앉아 있는 노란 고양이입니다."}
{"timestamp": "2026-05-18T10:32:12.741107", "level": "INFO", "logger": "NameTag.BrandGenerator", "message": "  🎨 Logo Design:"}
{"timestamp": "2026-05-18T10:32:12.741452", "level": "INFO", "logger": "NameTag.BrandGenerator", "message": "     brand_name: 피식상점"}
{"timestamp": "2026-05-18T10:32:12.741719", "level": "INFO", "logger": "NameTag.BrandGenerator", "message": "     brand_topic: 위트 있는 유니크 소품샵"}
{"timestamp": "2026-05-18T10:32:12.742051", "level": "INFO", "logger": "NameTag.BrandGenerator", "message": "     core_value: 유머, 트렌디"}
{"timestamp": "2026-05-18T10:32:12.742342", "level": "INFO", "logger": "NameTag.BrandGenerator", "message": "     target_mood: 키치하고 유쾌한 분위기"}
{"timestamp": "2026-05-18T10:32:12.743387", "level": "INFO", "logger": "NameTag.BrandGenerator", "message": "     symbol_type: 위트 있는 캐릭터 얼굴"}
{"timestamp": "2026-05-18T10:32:12.743790", "level": "INFO", "logger": "NameTag.BrandGenerator", "message": "     font_style: 둥글고 볼륨감 있는 서체"}
{"timestamp": "2026-05-18T10:32:12.744207", "level": "INFO", "logger": "NameTag.BrandGenerator", "message": "     font_reference: 팝아트 타이포그래피"}
{"timestamp": "2026-05-18T10:32:12.744552", "level": "INFO", "logger": "NameTag.BrandGenerator", "message": "     font_weight: Bold"}
{"timestamp": "2026-05-18T10:32:12.744779", "level": "INFO", "logger": "NameTag.BrandGenerator", "message": "     brand_color: 머스터드 옐로우 & 차콜"}
{"timestamp": "2026-05-18T10:32:12.745103", "level": "INFO", "logger": "NameTag.BrandGenerator", "message": "     logo_type: 워드마크 중심형"}
{"timestamp": "2026-05-18T10:32:12.745495", "level": "INFO", "logger": "NameTag.BrandGenerator", "message": "     background: 화이트"}
{"timestamp": "2026-05-18T10:32:12.745805", "level": "INFO", "logger": "NameTag.BrandGenerator", "message": "================================================================================"}
{"timestamp": "2026-05-18T10:32:12.746023", "level": "INFO", "logger": "NameTag.BrandGenerator", "message": "✅ Brand identity generated successfully"}
{"timestamp": "2026-05-18T10:33:29.311403", "level": "INFO", "logger": "NameTag.Backend", "message": "👋 FastAPI backend shutting down..."}
{"timestamp": "2026-05-18T10:34:11.310864", "level": "INFO", "logger": "NameTag.Backend", "message": "🚀 Initializing FastAPI backend..."}
{"timestamp": "2026-05-18T10:34:11.319332", "level": "INFO", "logger": "NameTag.Backend", "message": "✅ FastAPI backend starting..."}
{"timestamp": "2026-05-18T10:34:26.308826", "level": "INFO", "logger": "NameTag.BrandGenerator", "message": "🚀 Starting brand identity generation (session: 6666ba03-90af-4760-98f5-012d5edb2030)"}
{"timestamp": "2026-05-18T10:34:36.901227", "level": "INFO", "logger": "NameTag.BrandGenerator", "message": "✅ Response saved:"}
{"timestamp": "2026-05-18T10:34:36.901476", "level": "INFO", "logger": "NameTag.BrandGenerator", "message": "   📄 TXT: /logs/ai_responses/brand_identity_20260518_103436_6666ba03.txt"}
{"timestamp": "2026-05-18T10:34:36.901732", "level": "INFO", "logger": "NameTag.BrandGenerator", "message": "   📋 JSON: /logs/ai_responses/brand_identity_20260518_103436_6666ba03.json"}
{"timestamp": "2026-05-18T10:34:36.901946", "level": "INFO", "logger": "NameTag.BrandGenerator", "message": "===================================================================================================="}
{"timestamp": "2026-05-18T10:34:36.902140", "level": "INFO", "logger": "NameTag.BrandGenerator", "message": "📨 AI FULL RESPONSE (AI 전체 응답)"}
{"timestamp": "2026-05-18T10:34:36.902373", "level": "INFO", "logger": "NameTag.BrandGenerator", "message": "===================================================================================================="}
{"timestamp": "2026-05-18T10:34:36.902746", "level": "INFO", "logger": "NameTag.BrandGenerator", "message": "{"}
{"timestamp": "2026-05-18T10:34:36.902951", "level": "INFO", "logger": "NameTag.BrandGenerator", "message": "  \"brands\": ["}
{"timestamp": "2026-05-18T10:34:36.903136", "level": "INFO", "logger": "NameTag.BrandGenerator", "message": "    {"}
{"timestamp": "2026-05-18T10:34:36.903347", "level": "INFO", "logger": "NameTag.BrandGenerator", "message": "      \"name\": \"모먼트 숲 (Moment Soop)\","}
{"timestamp": "2026-05-18T10:34:36.903613", "level": "INFO", "logger": "NameTag.BrandGenerator", "message": "      \"meaning\": \"지친 일상 속에서 발견하는 작은 숲이라는 뜻으로, '순간(Moment)'과 '숲(Soop)'의 합성어입니다.\","}
{"timestamp": "2026-05-18T10:34:36.903917", "level": "INFO", "logger": "NameTag.BrandGenerator", "message": "      \"story\": \"바쁜 직장 생활 끝에 돌아온 나만의 공간이 작은 숲이 되길 바랍니다. 자연의 질감을 닮은 소품들이 당신의 평범한 하루를 특별한 휴식으로 바꾸어 줄 거예요.\","}
{"timestamp": "2026-05-18T10:34:36.904165", "level": "INFO", "logger": "NameTag.BrandGenerator", "message": "      \"slogan\": \"당신의 방에 작은 숲을 들여놓으세요\","}
{"timestamp": "2026-05-18T10:34:36.904367", "level": "INFO", "logger": "NameTag.BrandGenerator", "message": "      \"typography\": {"}
{"timestamp": "2026-05-18T10:34:36.904608", "level": "INFO", "logger": "NameTag.BrandGenerator", "message": "        \"korean\": \"나눔명조\","}
{"timestamp": "2026-05-18T10:34:36.904803", "level": "INFO", "logger": "NameTag.BrandGenerator", "message": "        \"english\": \"Playfair Display\","}
{"timestamp": "2026-05-18T10:34:36.905031", "level": "INFO", "logger": "NameTag.BrandGenerator", "message": "        \"reason\": \"세리프가 있는 서체를 사용하여 따뜻하고 우아한 분위기를 연출하며, 자연 친화적인 감성을 강조했습니다.\""}
{"timestamp": "2026-05-18T10:34:36.905258", "level": "INFO", "logger": "NameTag.BrandGenerator", "message": "      },"}
{"timestamp": "2026-05-18T10:34:36.905487", "level": "INFO", "logger": "NameTag.BrandGenerator", "message": "      \"character\": {"}
{"timestamp": "2026-05-18T10:34:36.905721", "level": "INFO", "logger": "NameTag.BrandGenerator", "message": "        \"name\": \"모스(Moss)\","}
{"timestamp": "2026-05-18T10:34:36.905916", "level": "INFO", "logger": "NameTag.BrandGenerator", "message": "        \"concept\": \"이끼를 형상화한 둥글둥글하고 포근한 숲의 정령\","}
{"timestamp": "2026-05-18T10:34:36.906137", "level": "INFO", "logger": "NameTag.BrandGenerator", "message": "        \"personality\": \"느긋함, 세심함, 포용력\","}
{"timestamp": "2026-05-18T10:34:36.906367", "level": "INFO", "logger": "NameTag.BrandGenerator", "message": "        \"visual\": \"연한 초록색의 보들보들한 털 뭉치 형태를 하고 있으며, 항상 작은 나무 잎사귀를 머리에 얹고 다닙니다.\""}
{"timestamp": "2026-05-18T10:34:36.906636", "level": "INFO", "logger": "NameTag.BrandGenerator", "message": "      },"}
{"timestamp": "2026-05-18T10:34:36.906820", "level": "INFO", "logger": "NameTag.BrandGenerator", "message": "      \"logo_design\": {"}
{"timestamp": "2026-05-18T10:34:36.907009", "level": "INFO", "logger": "NameTag.BrandGenerator", "message": "        \"brand_name\": \"Moment Soop\","}
{"timestamp": "2026-05-18T10:34:36.907240", "level": "INFO", "logger": "NameTag.BrandGenerator", "message": "        \"brand_topic\": \"감성 인테리어 소품샵\","}
{"timestamp": "2026-05-18T10:34:36.907459", "level": "INFO", "logger": "NameTag.BrandGenerator", "message": "        \"core_value\": \"휴식, 자연\","}
{"timestamp": "2026-05-18T10:34:36.907740", "level": "INFO", "logger": "NameTag.BrandGenerator", "message": "        \"target_mood\": \"평온하고 고급스러운 내추럴 무드\","}
{"timestamp": "2026-05-18T10:34:36.907960", "level": "INFO", "logger": "NameTag.BrandGenerator", "message": "        \"symbol_type\": \"미니멀한 나뭇잎 라인 아트\","}
{"timestamp": "2026-05-18T10:34:36.908211", "level": "INFO", "logger": "NameTag.BrandGenerator", "message": "        \"font_style\": \"클래식하고 정갈한 세리프체\","}
{"timestamp": "2026-05-18T10:34:36.908396", "level": "INFO", "logger": "NameTag.BrandGenerator", "message": "        \"font_reference\": \"Lora\","}
{"timestamp": "2026-05-18T10:34:36.908607", "level": "INFO", "logger": "NameTag.BrandGenerator", "message": "        \"font_weight\": \"Medium\","}
{"timestamp": "2026-05-18T10:34:36.908821", "level": "INFO", "logger": "NameTag.BrandGenerator", "message": "        \"brand_color\": \"Sage Green (#87A96B)\","}
{"timestamp": "2026-05-18T10:34:36.909007", "level": "INFO", "logger": "NameTag.BrandGenerator", "message": "        \"logo_type\": \"심볼과 텍스트의 수평 조합\","}
{"timestamp": "2026-05-18T10:34:36.909193", "level": "INFO", "logger": "NameTag.BrandGenerator", "message": "        \"background\": \"Creamy White (#FFFDD0)\""}
{"timestamp": "2026-05-18T10:34:36.909378", "level": "INFO", "logger": "NameTag.BrandGenerator", "message": "      }"}
{"timestamp": "2026-05-18T10:34:36.909573", "level": "INFO", "logger": "NameTag.BrandGenerator", "message": "    },"}
{"timestamp": "2026-05-18T10:34:36.909796", "level": "INFO", "logger": "NameTag.BrandGenerator", "message": "    {"}
{"timestamp": "2026-05-18T10:34:36.910046", "level": "INFO", "logger": "NameTag.BrandGenerator", "message": "      \"name\": \"오후의 낄낄 (Afternoon Giggle)\","}
{"timestamp": "2026-05-18T10:34:36.910277", "level": "INFO", "logger": "NameTag.BrandGenerator", "message": "      \"meaning\": \"무료한 오후에 작은 웃음을 선사한다는 의미로, 위트 있는 소품을 제안하는 브랜드입니다.\","}
{"timestamp": "2026-05-18T10:34:36.910513", "level": "INFO", "logger": "NameTag.BrandGenerator", "message": "      \"story\": \"업무에 지친 오후 3시, 책상 위 귀여운 소품 하나가 당신을 미소 짓게 합니다. 엉뚱하지만 사랑스러운 발견이 일상의 원동력이 될 거예요.\","}
{"timestamp": "2026-05-18T10:34:36.910735", "level": "INFO", "logger": "NameTag.BrandGenerator", "message": "      \"slogan\": \"피식, 소소한 즐거움을 찾는 시간\","}
{"timestamp": "2026-05-18T10:34:36.910949", "level": "INFO", "logger": "NameTag.BrandGenerator", "message": "      \"typography\": {"}
{"timestamp": "2026-05-18T10:34:36.911163", "level": "INFO", "logger": "NameTag.BrandGenerator", "message": "        \"korean\": \"고도체\","}
{"timestamp": "2026-05-18T10:34:36.911380", "level": "INFO", "logger": "NameTag.BrandGenerator", "message": "        \"english\": \"Fredoka One\","}
{"timestamp": "2026-05-18T10:34:36.911572", "level": "INFO", "logger": "NameTag.BrandGenerator", "message": "        \"reason\": \"둥글고 볼륨감 있는 서체를 사용하여 유머러스하고 트렌디한 브랜드의 성격을 표현했습니다.\""}
{"timestamp": "2026-05-18T10:34:36.911767", "level": "INFO", "logger": "NameTag.BrandGenerator", "message": "      },"}
{"timestamp": "2026-05-18T10:34:36.911988", "level": "INFO", "logger": "NameTag.BrandGenerator", "message": "      \"character\": {"}
{"timestamp": "2026-05-18T10:34:36.912216", "level": "INFO", "logger": "NameTag.BrandGenerator", "message": "        \"name\": \"낄낄이\","}
{"timestamp": "2026-05-18T10:34:36.912449", "level": "INFO", "logger": "NameTag.BrandGenerator", "message": "        \"concept\": \"웃음소리를 형상화한 유연한 젤리 모양의 캐릭터\","}
{"timestamp": "2026-05-18T10:34:36.912659", "level": "INFO", "logger": "NameTag.BrandGenerator", "message": "        \"personality\": \"장난기 많음, 긍정적, 호기심\","}
{"timestamp": "2026-05-18T10:34:36.912920", "level": "INFO", "logger": "NameTag.BrandGenerator", "message": "        \"visual\": \"파스텔 옐로우 컬러의 말랑말랑한 몸체에 익살스러운 표정을 짓고 있으며 상황에 따라 몸의 형태가 자유롭게 변합니다.\""}
{"timestamp": "2026-05-18T10:34:36.913143", "level": "INFO", "logger": "NameTag.BrandGenerator", "message": "      },"}
{"timestamp": "2026-05-18T10:34:36.913325", "level": "INFO", "logger": "NameTag.BrandGenerator", "message": "      \"logo_design\": {"}
{"timestamp": "2026-05-18T10:34:36.913545", "level": "INFO", "logger": "NameTag.BrandGenerator", "message": "        \"brand_name\": \"Afternoon Giggle\","}
{"timestamp": "2026-05-18T10:34:36.913721", "level": "INFO", "logger": "NameTag.BrandGenerator", "message": "        \"brand_topic\": \"위트 있는 라이프스타일 큐레이션\","}
{"timestamp": "2026-05-18T10:34:36.913910", "level": "INFO", "logger": "NameTag.BrandGenerator", "message": "        \"core_value\": \"유머, 활력\","}
{"timestamp": "2026-05-18T10:34:36.914131", "level": "INFO", "logger": "NameTag.BrandGenerator", "message": "        \"target_mood\": \"키치하고 발랄한 팝 무드\","}
{"timestamp": "2026-05-18T10:34:36.914303", "level": "INFO", "logger": "NameTag.BrandGenerator", "message": "        \"symbol_type\": \"윙크하는 눈 모양을 결합한 스마일\","}
{"timestamp": "2026-05-18T10:34:36.914527", "level": "INFO", "logger": "NameTag.BrandGenerator", "message": "        \"font_style\": \"둥글고 두꺼운 라운드체\","}
{"timestamp": "2026-05-18T10:34:36.914708", "level": "INFO", "logger": "NameTag.BrandGenerator", "message": "        \"font_reference\": \"Comfortaa\","}
{"timestamp": "2026-05-18T10:34:36.914875", "level": "INFO", "logger": "NameTag.BrandGenerator", "message": "        \"font_weight\": \"Bold\","}
{"timestamp": "2026-05-18T10:34:36.915083", "level": "INFO", "logger": "NameTag.BrandGenerator", "message": "        \"brand_color\": \"Butter Yellow (#FFD700)\","}
{"timestamp": "2026-05-18T10:34:36.915285", "level": "INFO", "logger": "NameTag.BrandGenerator", "message": "        \"logo_type\": \"워드마크 중심의 로고\","}
{"timestamp": "2026-05-18T10:34:36.915488", "level": "INFO", "logger": "NameTag.BrandGenerator", "message": "        \"background\": \"Soft Lavender (#E6E6FA)\""}
{"timestamp": "2026-05-18T10:34:36.915697", "level": "INFO", "logger": "NameTag.BrandGenerator", "message": "      }"}
{"timestamp": "2026-05-18T10:34:36.915872", "level": "INFO", "logger": "NameTag.BrandGenerator", "message": "    },"}
{"timestamp": "2026-05-18T10:34:36.916072", "level": "INFO", "logger": "NameTag.BrandGenerator", "message": "    {"}
{"timestamp": "2026-05-18T10:34:36.916291", "level": "INFO", "logger": "NameTag.BrandGenerator", "message": "      \"name\": \"다정한 발견 (Gentle Find)\","}
{"timestamp": "2026-05-18T10:34:36.916469", "level": "INFO", "logger": "NameTag.BrandGenerator", "message": "      \"meaning\": \"일상 속에 숨겨진 따뜻한 가치를 찾아낸다는 의미로, 다정함을 주는 물건들을 소개합니다.\","}
{"timestamp": "2026-05-18T10:34:36.916689", "level": "INFO", "logger": "NameTag.BrandGenerator", "message": "      \"story\": \"우리는 당신의 취향이 머무는 곳을 주목합니다. 당신의 공간을 더 따뜻하게 채워줄, 마음이 담긴 소품들을 정성스럽게 골라 배달합니다.\","}
{"timestamp": "2026-05-18T10:34:36.916894", "level": "INFO", "logger": "NameTag.BrandGenerator", "message": "      \"slogan\": \"매일 만나는 따뜻한 취향의 조각들\","}
{"timestamp": "2026-05-18T10:34:36.917102", "level": "INFO", "logger": "NameTag.BrandGenerator", "message": "      \"typography\": {"}
{"timestamp": "2026-05-18T10:34:36.917347", "level": "INFO", "logger": "NameTag.BrandGenerator", "message": "        \"korean\": \"프리텐다드\","}
{"timestamp": "2026-05-18T10:34:36.917581", "level": "INFO", "logger": "NameTag.BrandGenerator", "message": "        \"english\": \"DM Sans\","}
{"timestamp": "2026-05-18T10:34:36.917787", "level": "INFO", "logger": "NameTag.BrandGenerator", "message": "        \"reason\": \"가독성이 높고 깔끔한 산세리프 서체를 사용하여 현대적이고 신뢰감 있는 셀렉샵 이미지를 구축했습니다.\""}
{"timestamp": "2026-05-18T10:34:36.917986", "level": "INFO", "logger": "NameTag.BrandGenerator", "message": "      },"}
{"timestamp": "2026-05-18T10:34:36.918172", "level": "INFO", "logger": "NameTag.BrandGenerator", "message": "      \"character\": {"}
{"timestamp": "2026-05-18T10:34:36.918364", "level": "INFO", "logger": "NameTag.BrandGenerator", "message": "        \"name\": \"다정씨\","}
{"timestamp": "2026-05-18T10:34:36.918592", "level": "INFO", "logger": "NameTag.BrandGenerator", "message": "        \"concept\": \"따뜻한 차 한 잔을 의인화한 포근한 캐릭터\","}
{"timestamp": "2026-05-18T10:34:36.918798", "level": "INFO", "logger": "NameTag.BrandGenerator", "message": "        \"personality\": \"다정다감함, 차분함, 꼼꼼함\","}
{"timestamp": "2026-05-18T10:34:36.918991", "level": "INFO", "logger": "NameTag.BrandGenerator", "message": "        \"visual\": \"머리 위로 따뜻한 김이 모락모락 올라오는 찻잔 모양을 하고 있으며, 항상 부드러운 미소를 짓고 있습니다.\""}
{"timestamp": "2026-05-18T10:34:36.919207", "level": "INFO", "logger": "NameTag.BrandGenerator", "message": "      },"}
{"timestamp": "2026-05-18T10:34:36.919402", "level": "INFO", "logger": "NameTag.BrandGenerator", "message": "      \"logo_design\": {"}
{"timestamp": "2026-05-18T10:34:36.919603", "level": "INFO", "logger": "NameTag.BrandGenerator", "message": "        \"brand_name\": \"다정한 발견\","}
{"timestamp": "2026-05-18T10:34:36.919825", "level": "INFO", "logger": "NameTag.BrandGenerator", "message": "        \"brand_topic\": \"온라인 셀렉샵\","}
{"timestamp": "2026-05-18T10:34:36.919999", "level": "INFO", "logger": "NameTag.BrandGenerator", "message": "        \"core_value\": \"일상, 발견\","}
{"timestamp": "2026-05-18T10:34:36.920177", "level": "INFO", "logger": "NameTag.BrandGenerator", "message": "        \"target_mood\": \"차분하고 정돈된 미니멀 무드\","}
{"timestamp": "2026-05-18T10:34:36.920378", "level": "INFO", "logger": "NameTag.BrandGenerator", "message": "        \"symbol_type\": \"돋보기와 하트가 결합된 형태\","}
{"timestamp": "2026-05-18T10:34:36.920581", "level": "INFO", "logger": "NameTag.BrandGenerator", "message": "        \"font_style\": \"모던하고 깔끔한 고딕체\","}
{"timestamp": "2026-05-18T10:34:36.920764", "level": "INFO", "logger": "NameTag.BrandGenerator", "message": "        \"font_reference\": \"Pretendard\","}
{"timestamp": "2026-05-18T10:34:36.920969", "level": "INFO", "logger": "NameTag.BrandGenerator", "message": "        \"font_weight\": \"Regular\","}
{"timestamp": "2026-05-18T10:34:36.921166", "level": "INFO", "logger": "NameTag.BrandGenerator", "message": "        \"brand_color\": \"Warm Terracotta (#E2725B)\","}
{"timestamp": "2026-05-18T10:34:36.921335", "level": "INFO", "logger": "NameTag.BrandGenerator", "message": "        \"logo_type\": \"심볼 상단, 텍스트 하단 배치\","}
{"timestamp": "2026-05-18T10:34:36.921548", "level": "INFO", "logger": "NameTag.BrandGenerator", "message": "        \"background\": \"Oatmeal Beige (#F5F5DC)\""}
{"timestamp": "2026-05-18T10:34:36.921739", "level": "INFO", "logger": "NameTag.BrandGenerator", "message": "      }"}
{"timestamp": "2026-05-18T10:34:36.921964", "level": "INFO", "logger": "NameTag.BrandGenerator", "message": "    }"}
{"timestamp": "2026-05-18T10:34:36.922156", "level": "INFO", "logger": "NameTag.BrandGenerator", "message": "  ]"}
{"timestamp": "2026-05-18T10:34:36.922330", "level": "INFO", "logger": "NameTag.BrandGenerator", "message": "}"}
{"timestamp": "2026-05-18T10:34:36.922595", "level": "INFO", "logger": "NameTag.BrandGenerator", "message": "===================================================================================================="}
{"timestamp": "2026-05-18T10:34:36.924103", "level": "DEBUG", "logger": "NameTag.Tracker", "message": "Variable set: BRAND_1_NAME", "variables": {"BRAND_1_NAME": "모먼트 숲 (Moment Soop)"}, "session_id": "6666ba03-90af-4760-98f5-012d5edb2030"}
{"timestamp": "2026-05-18T10:34:36.925347", "level": "DEBUG", "logger": "NameTag.Tracker", "message": "Variable set: BRAND_1_MEANING", "variables": {"BRAND_1_MEANING": "지친 일상 속에서 발견하는 작은 숲이라는 뜻으로, '순간(Moment)'과 '숲(Soop)'의 합성어입니다."}, "session_id": "6666ba03-90af-4760-98f5-012d5edb2030"}
{"timestamp": "2026-05-18T10:34:36.926480", "level": "DEBUG", "logger": "NameTag.Tracker", "message": "Variable set: BRAND_1_STORY", "variables": {"BRAND_1_STORY": "바쁜 직장 생활 끝에 돌아온 나만의 공간이 작은 숲이 되길 바랍니다. 자연의 질감을 닮은 소품들이 당신의 평범한 하루를 특별한 휴식으로 바꾸어 줄 거예요."}, "session_id": "6666ba03-90af-4760-98f5-012d5edb2030"}
{"timestamp": "2026-05-18T10:34:36.927618", "level": "DEBUG", "logger": "NameTag.Tracker", "message": "Variable set: BRAND_1_SLOGAN", "variables": {"BRAND_1_SLOGAN": "당신의 방에 작은 숲을 들여놓으세요"}, "session_id": "6666ba03-90af-4760-98f5-012d5edb2030"}
{"timestamp": "2026-05-18T10:34:36.928846", "level": "DEBUG", "logger": "NameTag.Tracker", "message": "Variable set: BRAND_1_TYPOGRAPHY_KOREAN", "variables": {"BRAND_1_TYPOGRAPHY_KOREAN": "나눔명조"}, "session_id": "6666ba03-90af-4760-98f5-012d5edb2030"}
{"timestamp": "2026-05-18T10:34:36.930028", "level": "DEBUG", "logger": "NameTag.Tracker", "message": "Variable set: BRAND_1_TYPOGRAPHY_ENGLISH", "variables": {"BRAND_1_TYPOGRAPHY_ENGLISH": "Playfair Display"}, "session_id": "6666ba03-90af-4760-98f5-012d5edb2030"}
{"timestamp": "2026-05-18T10:34:36.931408", "level": "DEBUG", "logger": "NameTag.Tracker", "message": "Variable set: BRAND_1_TYPOGRAPHY_REASON", "variables": {"BRAND_1_TYPOGRAPHY_REASON": "세리프가 있는 서체를 사용하여 따뜻하고 우아한 분위기를 연출하며, 자연 친화적인 감성을 강조했습니다."}, "session_id": "6666ba03-90af-4760-98f5-012d5edb2030"}
{"timestamp": "2026-05-18T10:34:36.932733", "level": "DEBUG", "logger": "NameTag.Tracker", "message": "Variable set: BRAND_1_CHARACTER_NAME", "variables": {"BRAND_1_CHARACTER_NAME": "모스(Moss)"}, "session_id": "6666ba03-90af-4760-98f5-012d5edb2030"}
{"timestamp": "2026-05-18T10:34:36.933918", "level": "DEBUG", "logger": "NameTag.Tracker", "message": "Variable set: BRAND_1_CHARACTER_CONCEPT", "variables": {"BRAND_1_CHARACTER_CONCEPT": "이끼를 형상화한 둥글둥글하고 포근한 숲의 정령"}, "session_id": "6666ba03-90af-4760-98f5-012d5edb2030"}
{"timestamp": "2026-05-18T10:34:36.935074", "level": "DEBUG", "logger": "NameTag.Tracker", "message": "Variable set: BRAND_1_CHARACTER_PERSONALITY", "variables": {"BRAND_1_CHARACTER_PERSONALITY": "느긋함, 세심함, 포용력"}, "session_id": "6666ba03-90af-4760-98f5-012d5edb2030"}
{"timestamp": "2026-05-18T10:34:36.936316", "level": "DEBUG", "logger": "NameTag.Tracker", "message": "Variable set: BRAND_1_CHARACTER_VISUAL", "variables": {"BRAND_1_CHARACTER_VISUAL": "연한 초록색의 보들보들한 털 뭉치 형태를 하고 있으며, 항상 작은 나무 잎사귀를 머리에 얹고 다닙니다."}, "session_id": "6666ba03-90af-4760-98f5-012d5edb2030"}
{"timestamp": "2026-05-18T10:34:36.937450", "level": "DEBUG", "logger": "NameTag.Tracker", "message": "Variable set: BRAND_1_LOGO_DESIGN_BRAND_NAME", "variables": {"BRAND_1_LOGO_DESIGN_BRAND_NAME": "Moment Soop"}, "session_id": "6666ba03-90af-4760-98f5-012d5edb2030"}
{"timestamp": "2026-05-18T10:34:36.938726", "level": "DEBUG", "logger": "NameTag.Tracker", "message": "Variable set: BRAND_1_LOGO_DESIGN_BRAND_TOPIC", "variables": {"BRAND_1_LOGO_DESIGN_BRAND_TOPIC": "감성 인테리어 소품샵"}, "session_id": "6666ba03-90af-4760-98f5-012d5edb2030"}
{"timestamp": "2026-05-18T10:34:36.939893", "level": "DEBUG", "logger": "NameTag.Tracker", "message": "Variable set: BRAND_1_LOGO_DESIGN_CORE_VALUE", "variables": {"BRAND_1_LOGO_DESIGN_CORE_VALUE": "휴식, 자연"}, "session_id": "6666ba03-90af-4760-98f5-012d5edb2030"}
{"timestamp": "2026-05-18T10:34:36.941033", "level": "DEBUG", "logger": "NameTag.Tracker", "message": "Variable set: BRAND_1_LOGO_DESIGN_TARGET_MOOD", "variables": {"BRAND_1_LOGO_DESIGN_TARGET_MOOD": "평온하고 고급스러운 내추럴 무드"}, "session_id": "6666ba03-90af-4760-98f5-012d5edb2030"}
{"timestamp": "2026-05-18T10:34:36.942173", "level": "DEBUG", "logger": "NameTag.Tracker", "message": "Variable set: BRAND_1_LOGO_DESIGN_SYMBOL_TYPE", "variables": {"BRAND_1_LOGO_DESIGN_SYMBOL_TYPE": "미니멀한 나뭇잎 라인 아트"}, "session_id": "6666ba03-90af-4760-98f5-012d5edb2030"}
{"timestamp": "2026-05-18T10:34:36.943325", "level": "DEBUG", "logger": "NameTag.Tracker", "message": "Variable set: BRAND_1_LOGO_DESIGN_FONT_STYLE", "variables": {"BRAND_1_LOGO_DESIGN_FONT_STYLE": "클래식하고 정갈한 세리프체"}, "session_id": "6666ba03-90af-4760-98f5-012d5edb2030"}
{"timestamp": "2026-05-18T10:34:36.944522", "level": "DEBUG", "logger": "NameTag.Tracker", "message": "Variable set: BRAND_1_LOGO_DESIGN_FONT_REFERENCE", "variables": {"BRAND_1_LOGO_DESIGN_FONT_REFERENCE": "Lora"}, "session_id": "6666ba03-90af-4760-98f5-012d5edb2030"}
{"timestamp": "2026-05-18T10:34:36.945804", "level": "DEBUG", "logger": "NameTag.Tracker", "message": "Variable set: BRAND_1_LOGO_DESIGN_FONT_WEIGHT", "variables": {"BRAND_1_LOGO_DESIGN_FONT_WEIGHT": "Medium"}, "session_id": "6666ba03-90af-4760-98f5-012d5edb2030"}
{"timestamp": "2026-05-18T10:34:36.946980", "level": "DEBUG", "logger": "NameTag.Tracker", "message": "Variable set: BRAND_1_LOGO_DESIGN_BRAND_COLOR", "variables": {"BRAND_1_LOGO_DESIGN_BRAND_COLOR": "Sage Green (#87A96B)"}, "session_id": "6666ba03-90af-4760-98f5-012d5edb2030"}
{"timestamp": "2026-05-18T10:34:36.948091", "level": "DEBUG", "logger": "NameTag.Tracker", "message": "Variable set: BRAND_1_LOGO_DESIGN_LOGO_TYPE", "variables": {"BRAND_1_LOGO_DESIGN_LOGO_TYPE": "심볼과 텍스트의 수평 조합"}, "session_id": "6666ba03-90af-4760-98f5-012d5edb2030"}
{"timestamp": "2026-05-18T10:34:36.949129", "level": "DEBUG", "logger": "NameTag.Tracker", "message": "Variable set: BRAND_1_LOGO_DESIGN_BACKGROUND", "variables": {"BRAND_1_LOGO_DESIGN_BACKGROUND": "Creamy White (#FFFDD0)"}, "session_id": "6666ba03-90af-4760-98f5-012d5edb2030"}
{"timestamp": "2026-05-18T10:34:36.950226", "level": "DEBUG", "logger": "NameTag.Tracker", "message": "Variable set: BRAND_2_NAME", "variables": {"BRAND_2_NAME": "오후의 낄낄 (Afternoon Giggle)"}, "session_id": "6666ba03-90af-4760-98f5-012d5edb2030"}
{"timestamp": "2026-05-18T10:34:36.951254", "level": "DEBUG", "logger": "NameTag.Tracker", "message": "Variable set: BRAND_2_MEANING", "variables": {"BRAND_2_MEANING": "무료한 오후에 작은 웃음을 선사한다는 의미로, 위트 있는 소품을 제안하는 브랜드입니다."}, "session_id": "6666ba03-90af-4760-98f5-012d5edb2030"}
{"timestamp": "2026-05-18T10:34:36.952575", "level": "DEBUG", "logger": "NameTag.Tracker", "message": "Variable set: BRAND_2_STORY", "variables": {"BRAND_2_STORY": "업무에 지친 오후 3시, 책상 위 귀여운 소품 하나가 당신을 미소 짓게 합니다. 엉뚱하지만 사랑스러운 발견이 일상의 원동력이 될 거예요."}, "session_id": "6666ba03-90af-4760-98f5-012d5edb2030"}
{"timestamp": "2026-05-18T10:34:36.953822", "level": "DEBUG", "logger": "NameTag.Tracker", "message": "Variable set: BRAND_2_SLOGAN", "variables": {"BRAND_2_SLOGAN": "피식, 소소한 즐거움을 찾는 시간"}, "session_id": "6666ba03-90af-4760-98f5-012d5edb2030"}
{"timestamp": "2026-05-18T10:34:36.955040", "level": "DEBUG", "logger": "NameTag.Tracker", "message": "Variable set: BRAND_2_TYPOGRAPHY_KOREAN", "variables": {"BRAND_2_TYPOGRAPHY_KOREAN": "고도체"}, "session_id": "6666ba03-90af-4760-98f5-012d5edb2030"}
{"timestamp": "2026-05-18T10:34:36.956175", "level": "DEBUG", "logger": "NameTag.Tracker", "message": "Variable set: BRAND_2_TYPOGRAPHY_ENGLISH", "variables": {"BRAND_2_TYPOGRAPHY_ENGLISH": "Fredoka One"}, "session_id": "6666ba03-90af-4760-98f5-012d5edb2030"}
{"timestamp": "2026-05-18T10:34:36.957228", "level": "DEBUG", "logger": "NameTag.Tracker", "message": "Variable set: BRAND_2_TYPOGRAPHY_REASON", "variables": {"BRAND_2_TYPOGRAPHY_REASON": "둥글고 볼륨감 있는 서체를 사용하여 유머러스하고 트렌디한 브랜드의 성격을 표현했습니다."}, "session_id": "6666ba03-90af-4760-98f5-012d5edb2030"}
{"timestamp": "2026-05-18T10:34:36.958336", "level": "DEBUG", "logger": "NameTag.Tracker", "message": "Variable set: BRAND_2_CHARACTER_NAME", "variables": {"BRAND_2_CHARACTER_NAME": "낄낄이"}, "session_id": "6666ba03-90af-4760-98f5-012d5edb2030"}
{"timestamp": "2026-05-18T10:34:36.959674", "level": "DEBUG", "logger": "NameTag.Tracker", "message": "Variable set: BRAND_2_CHARACTER_CONCEPT", "variables": {"BRAND_2_CHARACTER_CONCEPT": "웃음소리를 형상화한 유연한 젤리 모양의 캐릭터"}, "session_id": "6666ba03-90af-4760-98f5-012d5edb2030"}
{"timestamp": "2026-05-18T10:34:36.960844", "level": "DEBUG", "logger": "NameTag.Tracker", "message": "Variable set: BRAND_2_CHARACTER_PERSONALITY", "variables": {"BRAND_2_CHARACTER_PERSONALITY": "장난기 많음, 긍정적, 호기심"}, "session_id": "6666ba03-90af-4760-98f5-012d5edb2030"}
{"timestamp": "2026-05-18T10:34:36.961987", "level": "DEBUG", "logger": "NameTag.Tracker", "message": "Variable set: BRAND_2_CHARACTER_VISUAL", "variables": {"BRAND_2_CHARACTER_VISUAL": "파스텔 옐로우 컬러의 말랑말랑한 몸체에 익살스러운 표정을 짓고 있으며 상황에 따라 몸의 형태가 자유롭게 변합니다."}, "session_id": "6666ba03-90af-4760-98f5-012d5edb2030"}
{"timestamp": "2026-05-18T10:34:36.963349", "level": "DEBUG", "logger": "NameTag.Tracker", "message": "Variable set: BRAND_2_LOGO_DESIGN_BRAND_NAME", "variables": {"BRAND_2_LOGO_DESIGN_BRAND_NAME": "Afternoon Giggle"}, "session_id": "6666ba03-90af-4760-98f5-012d5edb2030"}
{"timestamp": "2026-05-18T10:34:36.964423", "level": "DEBUG", "logger": "NameTag.Tracker", "message": "Variable set: BRAND_2_LOGO_DESIGN_BRAND_TOPIC", "variables": {"BRAND_2_LOGO_DESIGN_BRAND_TOPIC": "위트 있는 라이프스타일 큐레이션"}, "session_id": "6666ba03-90af-4760-98f5-012d5edb2030"}
{"timestamp": "2026-05-18T10:34:36.965568", "level": "DEBUG", "logger": "NameTag.Tracker", "message": "Variable set: BRAND_2_LOGO_DESIGN_CORE_VALUE", "variables": {"BRAND_2_LOGO_DESIGN_CORE_VALUE": "유머, 활력"}, "session_id": "6666ba03-90af-4760-98f5-012d5edb2030"}
{"timestamp": "2026-05-18T10:34:36.966933", "level": "DEBUG", "logger": "NameTag.Tracker", "message": "Variable set: BRAND_2_LOGO_DESIGN_TARGET_MOOD", "variables": {"BRAND_2_LOGO_DESIGN_TARGET_MOOD": "키치하고 발랄한 팝 무드"}, "session_id": "6666ba03-90af-4760-98f5-012d5edb2030"}
{"timestamp": "2026-05-18T10:34:36.968140", "level": "DEBUG", "logger": "NameTag.Tracker", "message": "Variable set: BRAND_2_LOGO_DESIGN_SYMBOL_TYPE", "variables": {"BRAND_2_LOGO_DESIGN_SYMBOL_TYPE": "윙크하는 눈 모양을 결합한 스마일"}, "session_id": "6666ba03-90af-4760-98f5-012d5edb2030"}
{"timestamp": "2026-05-18T10:34:36.969337", "level": "DEBUG", "logger": "NameTag.Tracker", "message": "Variable set: BRAND_2_LOGO_DESIGN_FONT_STYLE", "variables": {"BRAND_2_LOGO_DESIGN_FONT_STYLE": "둥글고 두꺼운 라운드체"}, "session_id": "6666ba03-90af-4760-98f5-012d5edb2030"}
{"timestamp": "2026-05-18T10:34:36.970423", "level": "DEBUG", "logger": "NameTag.Tracker", "message": "Variable set: BRAND_2_LOGO_DESIGN_FONT_REFERENCE", "variables": {"BRAND_2_LOGO_DESIGN_FONT_REFERENCE": "Comfortaa"}, "session_id": "6666ba03-90af-4760-98f5-012d5edb2030"}
{"timestamp": "2026-05-18T10:34:36.971584", "level": "DEBUG", "logger": "NameTag.Tracker", "message": "Variable set: BRAND_2_LOGO_DESIGN_FONT_WEIGHT", "variables": {"BRAND_2_LOGO_DESIGN_FONT_WEIGHT": "Bold"}, "session_id": "6666ba03-90af-4760-98f5-012d5edb2030"}
{"timestamp": "2026-05-18T10:34:36.972794", "level": "DEBUG", "logger": "NameTag.Tracker", "message": "Variable set: BRAND_2_LOGO_DESIGN_BRAND_COLOR", "variables": {"BRAND_2_LOGO_DESIGN_BRAND_COLOR": "Butter Yellow (#FFD700)"}, "session_id": "6666ba03-90af-4760-98f5-012d5edb2030"}
{"timestamp": "2026-05-18T10:34:36.973957", "level": "DEBUG", "logger": "NameTag.Tracker", "message": "Variable set: BRAND_2_LOGO_DESIGN_LOGO_TYPE", "variables": {"BRAND_2_LOGO_DESIGN_LOGO_TYPE": "워드마크 중심의 로고"}, "session_id": "6666ba03-90af-4760-98f5-012d5edb2030"}
{"timestamp": "2026-05-18T10:34:36.975111", "level": "DEBUG", "logger": "NameTag.Tracker", "message": "Variable set: BRAND_2_LOGO_DESIGN_BACKGROUND", "variables": {"BRAND_2_LOGO_DESIGN_BACKGROUND": "Soft Lavender (#E6E6FA)"}, "session_id": "6666ba03-90af-4760-98f5-012d5edb2030"}
{"timestamp": "2026-05-18T10:34:36.976245", "level": "DEBUG", "logger": "NameTag.Tracker", "message": "Variable set: BRAND_3_NAME", "variables": {"BRAND_3_NAME": "다정한 발견 (Gentle Find)"}, "session_id": "6666ba03-90af-4760-98f5-012d5edb2030"}
{"timestamp": "2026-05-18T10:34:36.977305", "level": "DEBUG", "logger": "NameTag.Tracker", "message": "Variable set: BRAND_3_MEANING", "variables": {"BRAND_3_MEANING": "일상 속에 숨겨진 따뜻한 가치를 찾아낸다는 의미로, 다정함을 주는 물건들을 소개합니다."}, "session_id": "6666ba03-90af-4760-98f5-012d5edb2030"}
{"timestamp": "2026-05-18T10:34:36.978388", "level": "DEBUG", "logger": "NameTag.Tracker", "message": "Variable set: BRAND_3_STORY", "variables": {"BRAND_3_STORY": "우리는 당신의 취향이 머무는 곳을 주목합니다. 당신의 공간을 더 따뜻하게 채워줄, 마음이 담긴 소품들을 정성스럽게 골라 배달합니다."}, "session_id": "6666ba03-90af-4760-98f5-012d5edb2030"}
{"timestamp": "2026-05-18T10:34:36.979753", "level": "DEBUG", "logger": "NameTag.Tracker", "message": "Variable set: BRAND_3_SLOGAN", "variables": {"BRAND_3_SLOGAN": "매일 만나는 따뜻한 취향의 조각들"}, "session_id": "6666ba03-90af-4760-98f5-012d5edb2030"}
{"timestamp": "2026-05-18T10:34:36.981061", "level": "DEBUG", "logger": "NameTag.Tracker", "message": "Variable set: BRAND_3_TYPOGRAPHY_KOREAN", "variables": {"BRAND_3_TYPOGRAPHY_KOREAN": "프리텐다드"}, "session_id": "6666ba03-90af-4760-98f5-012d5edb2030"}
{"timestamp": "2026-05-18T10:34:36.982173", "level": "DEBUG", "logger": "NameTag.Tracker", "message": "Variable set: BRAND_3_TYPOGRAPHY_ENGLISH", "variables": {"BRAND_3_TYPOGRAPHY_ENGLISH": "DM Sans"}, "session_id": "6666ba03-90af-4760-98f5-012d5edb2030"}
{"timestamp": "2026-05-18T10:34:36.983383", "level": "DEBUG", "logger": "NameTag.Tracker", "message": "Variable set: BRAND_3_TYPOGRAPHY_REASON", "variables": {"BRAND_3_TYPOGRAPHY_REASON": "가독성이 높고 깔끔한 산세리프 서체를 사용하여 현대적이고 신뢰감 있는 셀렉샵 이미지를 구축했습니다."}, "session_id": "6666ba03-90af-4760-98f5-012d5edb2030"}
{"timestamp": "2026-05-18T10:34:36.984594", "level": "DEBUG", "logger": "NameTag.Tracker", "message": "Variable set: BRAND_3_CHARACTER_NAME", "variables": {"BRAND_3_CHARACTER_NAME": "다정씨"}, "session_id": "6666ba03-90af-4760-98f5-012d5edb2030"}
{"timestamp": "2026-05-18T10:34:36.985962", "level": "DEBUG", "logger": "NameTag.Tracker", "message": "Variable set: BRAND_3_CHARACTER_CONCEPT", "variables": {"BRAND_3_CHARACTER_CONCEPT": "따뜻한 차 한 잔을 의인화한 포근한 캐릭터"}, "session_id": "6666ba03-90af-4760-98f5-012d5edb2030"}
{"timestamp": "2026-05-18T10:34:36.987417", "level": "DEBUG", "logger": "NameTag.Tracker", "message": "Variable set: BRAND_3_CHARACTER_PERSONALITY", "variables": {"BRAND_3_CHARACTER_PERSONALITY": "다정다감함, 차분함, 꼼꼼함"}, "session_id": "6666ba03-90af-4760-98f5-012d5edb2030"}
{"timestamp": "2026-05-18T10:34:36.988768", "level": "DEBUG", "logger": "NameTag.Tracker", "message": "Variable set: BRAND_3_CHARACTER_VISUAL", "variables": {"BRAND_3_CHARACTER_VISUAL": "머리 위로 따뜻한 김이 모락모락 올라오는 찻잔 모양을 하고 있으며, 항상 부드러운 미소를 짓고 있습니다."}, "session_id": "6666ba03-90af-4760-98f5-012d5edb2030"}
{"timestamp": "2026-05-18T10:34:36.989987", "level": "DEBUG", "logger": "NameTag.Tracker", "message": "Variable set: BRAND_3_LOGO_DESIGN_BRAND_NAME", "variables": {"BRAND_3_LOGO_DESIGN_BRAND_NAME": "다정한 발견"}, "session_id": "6666ba03-90af-4760-98f5-012d5edb2030"}
{"timestamp": "2026-05-18T10:34:36.991365", "level": "DEBUG", "logger": "NameTag.Tracker", "message": "Variable set: BRAND_3_LOGO_DESIGN_BRAND_TOPIC", "variables": {"BRAND_3_LOGO_DESIGN_BRAND_TOPIC": "온라인 셀렉샵"}, "session_id": "6666ba03-90af-4760-98f5-012d5edb2030"}
{"timestamp": "2026-05-18T10:34:36.992651", "level": "DEBUG", "logger": "NameTag.Tracker", "message": "Variable set: BRAND_3_LOGO_DESIGN_CORE_VALUE", "variables": {"BRAND_3_LOGO_DESIGN_CORE_VALUE": "일상, 발견"}, "session_id": "6666ba03-90af-4760-98f5-012d5edb2030"}
{"timestamp": "2026-05-18T10:34:36.993911", "level": "DEBUG", "logger": "NameTag.Tracker", "message": "Variable set: BRAND_3_LOGO_DESIGN_TARGET_MOOD", "variables": {"BRAND_3_LOGO_DESIGN_TARGET_MOOD": "차분하고 정돈된 미니멀 무드"}, "session_id": "6666ba03-90af-4760-98f5-012d5edb2030"}
{"timestamp": "2026-05-18T10:34:36.995319", "level": "DEBUG", "logger": "NameTag.Tracker", "message": "Variable set: BRAND_3_LOGO_DESIGN_SYMBOL_TYPE", "variables": {"BRAND_3_LOGO_DESIGN_SYMBOL_TYPE": "돋보기와 하트가 결합된 형태"}, "session_id": "6666ba03-90af-4760-98f5-012d5edb2030"}
{"timestamp": "2026-05-18T10:34:36.996675", "level": "DEBUG", "logger": "NameTag.Tracker", "message": "Variable set: BRAND_3_LOGO_DESIGN_FONT_STYLE", "variables": {"BRAND_3_LOGO_DESIGN_FONT_STYLE": "모던하고 깔끔한 고딕체"}, "session_id": "6666ba03-90af-4760-98f5-012d5edb2030"}
{"timestamp": "2026-05-18T10:34:36.997830", "level": "DEBUG", "logger": "NameTag.Tracker", "message": "Variable set: BRAND_3_LOGO_DESIGN_FONT_REFERENCE", "variables": {"BRAND_3_LOGO_DESIGN_FONT_REFERENCE": "Pretendard"}, "session_id": "6666ba03-90af-4760-98f5-012d5edb2030"}
{"timestamp": "2026-05-18T10:34:36.998994", "level": "DEBUG", "logger": "NameTag.Tracker", "message": "Variable set: BRAND_3_LOGO_DESIGN_FONT_WEIGHT", "variables": {"BRAND_3_LOGO_DESIGN_FONT_WEIGHT": "Regular"}, "session_id": "6666ba03-90af-4760-98f5-012d5edb2030"}
{"timestamp": "2026-05-18T10:34:37.000440", "level": "DEBUG", "logger": "NameTag.Tracker", "message": "Variable set: BRAND_3_LOGO_DESIGN_BRAND_COLOR", "variables": {"BRAND_3_LOGO_DESIGN_BRAND_COLOR": "Warm Terracotta (#E2725B)"}, "session_id": "6666ba03-90af-4760-98f5-012d5edb2030"}
{"timestamp": "2026-05-18T10:34:37.002042", "level": "DEBUG", "logger": "NameTag.Tracker", "message": "Variable set: BRAND_3_LOGO_DESIGN_LOGO_TYPE", "variables": {"BRAND_3_LOGO_DESIGN_LOGO_TYPE": "심볼 상단, 텍스트 하단 배치"}, "session_id": "6666ba03-90af-4760-98f5-012d5edb2030"}
{"timestamp": "2026-05-18T10:34:37.003267", "level": "DEBUG", "logger": "NameTag.Tracker", "message": "Variable set: BRAND_3_LOGO_DESIGN_BACKGROUND", "variables": {"BRAND_3_LOGO_DESIGN_BACKGROUND": "Oatmeal Beige (#F5F5DC)"}, "session_id": "6666ba03-90af-4760-98f5-012d5edb2030"}
{"timestamp": "2026-05-18T10:34:37.003481", "level": "INFO", "logger": "NameTag.BrandGenerator", "message": "================================================================================"}
{"timestamp": "2026-05-18T10:34:37.003704", "level": "INFO", "logger": "NameTag.BrandGenerator", "message": "✅ PARSED RESULT (파싱된 결과)"}
{"timestamp": "2026-05-18T10:34:37.003959", "level": "INFO", "logger": "NameTag.BrandGenerator", "message": "================================================================================"}
{"timestamp": "2026-05-18T10:34:37.004256", "level": "INFO", "logger": "NameTag.BrandGenerator", "message": "\n📝 BRAND 1: 모먼트 숲 (Moment Soop)"}
{"timestamp": "2026-05-18T10:34:37.004575", "level": "INFO", "logger": "NameTag.BrandGenerator", "message": "  Meaning: 지친 일상 속에서 발견하는 작은 숲이라는 뜻으로, '순간(Moment)'과 '숲(Soop)'의 합성어입니다."}
{"timestamp": "2026-05-18T10:34:37.004866", "level": "INFO", "logger": "NameTag.BrandGenerator", "message": "  Story: 바쁜 직장 생활 끝에 돌아온 나만의 공간이 작은 숲이 되길 바랍니다. 자연의 질감을 닮은 소품들이 당신의 평범한 하루를 특별한 휴식으로 바꾸어 줄 거예요."}
{"timestamp": "2026-05-18T10:34:37.005101", "level": "INFO", "logger": "NameTag.BrandGenerator", "message": "  Slogan: 당신의 방에 작은 숲을 들여놓으세요"}
{"timestamp": "2026-05-18T10:34:37.005303", "level": "INFO", "logger": "NameTag.BrandGenerator", "message": "  🔤 Typography:"}
{"timestamp": "2026-05-18T10:34:37.005502", "level": "INFO", "logger": "NameTag.BrandGenerator", "message": "     Korean: 나눔명조"}
{"timestamp": "2026-05-18T10:34:37.005719", "level": "INFO", "logger": "NameTag.BrandGenerator", "message": "     English: Playfair Display"}
{"timestamp": "2026-05-18T10:34:37.005939", "level": "INFO", "logger": "NameTag.BrandGenerator", "message": "     Reason: 세리프가 있는 서체를 사용하여 따뜻하고 우아한 분위기를 연출하며, 자연 친화적인 감성을 강조했습니다."}
{"timestamp": "2026-05-18T10:34:37.006198", "level": "INFO", "logger": "NameTag.BrandGenerator", "message": "  🎭 Character:"}
{"timestamp": "2026-05-18T10:34:37.006404", "level": "INFO", "logger": "NameTag.BrandGenerator", "message": "     Name: 모스(Moss)"}
{"timestamp": "2026-05-18T10:34:37.006619", "level": "INFO", "logger": "NameTag.BrandGenerator", "message": "     Concept: 이끼를 형상화한 둥글둥글하고 포근한 숲의 정령"}
{"timestamp": "2026-05-18T10:34:37.006882", "level": "INFO", "logger": "NameTag.BrandGenerator", "message": "     Personality: 느긋함, 세심함, 포용력"}
{"timestamp": "2026-05-18T10:34:37.007088", "level": "INFO", "logger": "NameTag.BrandGenerator", "message": "     Visual: 연한 초록색의 보들보들한 털 뭉치 형태를 하고 있으며, 항상 작은 나무 잎사귀를 머리에 얹고 다닙니다."}
{"timestamp": "2026-05-18T10:34:37.007407", "level": "INFO", "logger": "NameTag.BrandGenerator", "message": "  🎨 Logo Design:"}
{"timestamp": "2026-05-18T10:34:37.007710", "level": "INFO", "logger": "NameTag.BrandGenerator", "message": "     brand_name: Moment Soop"}
{"timestamp": "2026-05-18T10:34:37.007984", "level": "INFO", "logger": "NameTag.BrandGenerator", "message": "     brand_topic: 감성 인테리어 소품샵"}
{"timestamp": "2026-05-18T10:34:37.008273", "level": "INFO", "logger": "NameTag.BrandGenerator", "message": "     core_value: 휴식, 자연"}
{"timestamp": "2026-05-18T10:34:37.008478", "level": "INFO", "logger": "NameTag.BrandGenerator", "message": "     target_mood: 평온하고 고급스러운 내추럴 무드"}
{"timestamp": "2026-05-18T10:34:37.008707", "level": "INFO", "logger": "NameTag.BrandGenerator", "message": "     symbol_type: 미니멀한 나뭇잎 라인 아트"}
{"timestamp": "2026-05-18T10:34:37.008980", "level": "INFO", "logger": "NameTag.BrandGenerator", "message": "     font_style: 클래식하고 정갈한 세리프체"}
{"timestamp": "2026-05-18T10:34:37.009218", "level": "INFO", "logger": "NameTag.BrandGenerator", "message": "     font_reference: Lora"}
{"timestamp": "2026-05-18T10:34:37.009512", "level": "INFO", "logger": "NameTag.BrandGenerator", "message": "     font_weight: Medium"}
{"timestamp": "2026-05-18T10:34:37.009733", "level": "INFO", "logger": "NameTag.BrandGenerator", "message": "     brand_color: Sage Green (#87A96B)"}
{"timestamp": "2026-05-18T10:34:37.009969", "level": "INFO", "logger": "NameTag.BrandGenerator", "message": "     logo_type: 심볼과 텍스트의 수평 조합"}
{"timestamp": "2026-05-18T10:34:37.010204", "level": "INFO", "logger": "NameTag.BrandGenerator", "message": "     background: Creamy White (#FFFDD0)"}
{"timestamp": "2026-05-18T10:34:37.010456", "level": "INFO", "logger": "NameTag.BrandGenerator", "message": "\n📝 BRAND 2: 오후의 낄낄 (Afternoon Giggle)"}
{"timestamp": "2026-05-18T10:34:37.010680", "level": "INFO", "logger": "NameTag.BrandGenerator", "message": "  Meaning: 무료한 오후에 작은 웃음을 선사한다는 의미로, 위트 있는 소품을 제안하는 브랜드입니다."}
{"timestamp": "2026-05-18T10:34:37.010893", "level": "INFO", "logger": "NameTag.BrandGenerator", "message": "  Story: 업무에 지친 오후 3시, 책상 위 귀여운 소품 하나가 당신을 미소 짓게 합니다. 엉뚱하지만 사랑스러운 발견이 일상의 원동력이 될 거예요."}
{"timestamp": "2026-05-18T10:34:37.011110", "level": "INFO", "logger": "NameTag.BrandGenerator", "message": "  Slogan: 피식, 소소한 즐거움을 찾는 시간"}
{"timestamp": "2026-05-18T10:34:37.011307", "level": "INFO", "logger": "NameTag.BrandGenerator", "message": "  🔤 Typography:"}
{"timestamp": "2026-05-18T10:34:37.011516", "level": "INFO", "logger": "NameTag.BrandGenerator", "message": "     Korean: 고도체"}
{"timestamp": "2026-05-18T10:34:37.011722", "level": "INFO", "logger": "NameTag.BrandGenerator", "message": "     English: Fredoka One"}
{"timestamp": "2026-05-18T10:34:37.011920", "level": "INFO", "logger": "NameTag.BrandGenerator", "message": "     Reason: 둥글고 볼륨감 있는 서체를 사용하여 유머러스하고 트렌디한 브랜드의 성격을 표현했습니다."}
{"timestamp": "2026-05-18T10:34:37.012128", "level": "INFO", "logger": "NameTag.BrandGenerator", "message": "  🎭 Character:"}
{"timestamp": "2026-05-18T10:34:37.012344", "level": "INFO", "logger": "NameTag.BrandGenerator", "message": "     Name: 낄낄이"}
{"timestamp": "2026-05-18T10:34:37.012573", "level": "INFO", "logger": "NameTag.BrandGenerator", "message": "     Concept: 웃음소리를 형상화한 유연한 젤리 모양의 캐릭터"}
{"timestamp": "2026-05-18T10:34:37.012760", "level": "INFO", "logger": "NameTag.BrandGenerator", "message": "     Personality: 장난기 많음, 긍정적, 호기심"}
{"timestamp": "2026-05-18T10:34:37.013102", "level": "INFO", "logger": "NameTag.BrandGenerator", "message": "     Visual: 파스텔 옐로우 컬러의 말랑말랑한 몸체에 익살스러운 표정을 짓고 있으며 상황에 따라 몸의 형태가 자유롭게 변합니다."}
{"timestamp": "2026-05-18T10:34:37.013281", "level": "INFO", "logger": "NameTag.BrandGenerator", "message": "  🎨 Logo Design:"}
{"timestamp": "2026-05-18T10:34:37.013473", "level": "INFO", "logger": "NameTag.BrandGenerator", "message": "     brand_name: Afternoon Giggle"}
{"timestamp": "2026-05-18T10:34:37.013689", "level": "INFO", "logger": "NameTag.BrandGenerator", "message": "     brand_topic: 위트 있는 라이프스타일 큐레이션"}
{"timestamp": "2026-05-18T10:34:37.013899", "level": "INFO", "logger": "NameTag.BrandGenerator", "message": "     core_value: 유머, 활력"}
{"timestamp": "2026-05-18T10:34:37.014149", "level": "INFO", "logger": "NameTag.BrandGenerator", "message": "     target_mood: 키치하고 발랄한 팝 무드"}
{"timestamp": "2026-05-18T10:34:37.014392", "level": "INFO", "logger": "NameTag.BrandGenerator", "message": "     symbol_type: 윙크하는 눈 모양을 결합한 스마일"}
{"timestamp": "2026-05-18T10:34:37.014674", "level": "INFO", "logger": "NameTag.BrandGenerator", "message": "     font_style: 둥글고 두꺼운 라운드체"}
{"timestamp": "2026-05-18T10:34:37.014953", "level": "INFO", "logger": "NameTag.BrandGenerator", "message": "     font_reference: Comfortaa"}
{"timestamp": "2026-05-18T10:34:37.015190", "level": "INFO", "logger": "NameTag.BrandGenerator", "message": "     font_weight: Bold"}
{"timestamp": "2026-05-18T10:34:37.015462", "level": "INFO", "logger": "NameTag.BrandGenerator", "message": "     brand_color: Butter Yellow (#FFD700)"}
{"timestamp": "2026-05-18T10:34:37.015705", "level": "INFO", "logger": "NameTag.BrandGenerator", "message": "     logo_type: 워드마크 중심의 로고"}
{"timestamp": "2026-05-18T10:34:37.015925", "level": "INFO", "logger": "NameTag.BrandGenerator", "message": "     background: Soft Lavender (#E6E6FA)"}
{"timestamp": "2026-05-18T10:34:37.016115", "level": "INFO", "logger": "NameTag.BrandGenerator", "message": "\n📝 BRAND 3: 다정한 발견 (Gentle Find)"}
{"timestamp": "2026-05-18T10:34:37.016341", "level": "INFO", "logger": "NameTag.BrandGenerator", "message": "  Meaning: 일상 속에 숨겨진 따뜻한 가치를 찾아낸다는 의미로, 다정함을 주는 물건들을 소개합니다."}
{"timestamp": "2026-05-18T10:34:37.016536", "level": "INFO", "logger": "NameTag.BrandGenerator", "message": "  Story: 우리는 당신의 취향이 머무는 곳을 주목합니다. 당신의 공간을 더 따뜻하게 채워줄, 마음이 담긴 소품들을 정성스럽게 골라 배달합니다."}
{"timestamp": "2026-05-18T10:34:37.016719", "level": "INFO", "logger": "NameTag.BrandGenerator", "message": "  Slogan: 매일 만나는 따뜻한 취향의 조각들"}
{"timestamp": "2026-05-18T10:34:37.016928", "level": "INFO", "logger": "NameTag.BrandGenerator", "message": "  🔤 Typography:"}
{"timestamp": "2026-05-18T10:34:37.017136", "level": "INFO", "logger": "NameTag.BrandGenerator", "message": "     Korean: 프리텐다드"}
{"timestamp": "2026-05-18T10:34:37.017367", "level": "INFO", "logger": "NameTag.BrandGenerator", "message": "     English: DM Sans"}
{"timestamp": "2026-05-18T10:34:37.017548", "level": "INFO", "logger": "NameTag.BrandGenerator", "message": "     Reason: 가독성이 높고 깔끔한 산세리프 서체를 사용하여 현대적이고 신뢰감 있는 셀렉샵 이미지를 구축했습니다."}
{"timestamp": "2026-05-18T10:34:37.017734", "level": "INFO", "logger": "NameTag.BrandGenerator", "message": "  🎭 Character:"}
{"timestamp": "2026-05-18T10:34:37.017944", "level": "INFO", "logger": "NameTag.BrandGenerator", "message": "     Name: 다정씨"}
{"timestamp": "2026-05-18T10:34:37.018129", "level": "INFO", "logger": "NameTag.BrandGenerator", "message": "     Concept: 따뜻한 차 한 잔을 의인화한 포근한 캐릭터"}
{"timestamp": "2026-05-18T10:34:37.018318", "level": "INFO", "logger": "NameTag.BrandGenerator", "message": "     Personality: 다정다감함, 차분함, 꼼꼼함"}
{"timestamp": "2026-05-18T10:34:37.018541", "level": "INFO", "logger": "NameTag.BrandGenerator", "message": "     Visual: 머리 위로 따뜻한 김이 모락모락 올라오는 찻잔 모양을 하고 있으며, 항상 부드러운 미소를 짓고 있습니다."}
{"timestamp": "2026-05-18T10:34:37.018756", "level": "INFO", "logger": "NameTag.BrandGenerator", "message": "  🎨 Logo Design:"}
{"timestamp": "2026-05-18T10:34:37.018984", "level": "INFO", "logger": "NameTag.BrandGenerator", "message": "     brand_name: 다정한 발견"}
{"timestamp": "2026-05-18T10:34:37.019151", "level": "INFO", "logger": "NameTag.BrandGenerator", "message": "     brand_topic: 온라인 셀렉샵"}
{"timestamp": "2026-05-18T10:34:37.019351", "level": "INFO", "logger": "NameTag.BrandGenerator", "message": "     core_value: 일상, 발견"}
{"timestamp": "2026-05-18T10:34:37.019560", "level": "INFO", "logger": "NameTag.BrandGenerator", "message": "     target_mood: 차분하고 정돈된 미니멀 무드"}
{"timestamp": "2026-05-18T10:34:37.019750", "level": "INFO", "logger": "NameTag.BrandGenerator", "message": "     symbol_type: 돋보기와 하트가 결합된 형태"}
{"timestamp": "2026-05-18T10:34:37.019941", "level": "INFO", "logger": "NameTag.BrandGenerator", "message": "     font_style: 모던하고 깔끔한 고딕체"}
{"timestamp": "2026-05-18T10:34:37.020169", "level": "INFO", "logger": "NameTag.BrandGenerator", "message": "     font_reference: Pretendard"}
{"timestamp": "2026-05-18T10:34:37.020375", "level": "INFO", "logger": "NameTag.BrandGenerator", "message": "     font_weight: Regular"}
{"timestamp": "2026-05-18T10:34:37.020575", "level": "INFO", "logger": "NameTag.BrandGenerator", "message": "     brand_color: Warm Terracotta (#E2725B)"}
{"timestamp": "2026-05-18T10:34:37.020776", "level": "INFO", "logger": "NameTag.BrandGenerator", "message": "     logo_type: 심볼 상단, 텍스트 하단 배치"}
{"timestamp": "2026-05-18T10:34:37.020994", "level": "INFO", "logger": "NameTag.BrandGenerator", "message": "     background: Oatmeal Beige (#F5F5DC)"}
{"timestamp": "2026-05-18T10:34:37.021269", "level": "INFO", "logger": "NameTag.BrandGenerator", "message": "================================================================================"}
{"timestamp": "2026-05-18T10:34:37.021485", "level": "INFO", "logger": "NameTag.BrandGenerator", "message": "✅ Brand identity generated successfully"}
{"timestamp": "2026-05-18T19:58:11.312640", "level": "INFO", "logger": "NameTag.BrandGenerator", "message": "🚀 Starting brand identity generation (session: 62a042c4-7804-43e5-aa7d-0745953663c2)"}
{"timestamp": "2026-05-18T19:58:11.312640", "level": "ERROR", "logger": "NameTag.App", "message": "❌ Generation error: GEMINI_API_KEY가 설정되지 않았습니다. .env 파일을 확인하세요.", "exception": "Traceback (most recent call last):\n  File \"F:\\workspace\\Name_Tag\\app.py\", line 83, in run_generation\n    result = cached_generate(\n             ^^^^^^^^^^^^^^^^\n  File \"F:\\workspace\\Name_Tag\\.venv\\Lib\\site-packages\\streamlit\\runtime\\caching\\cache_utils.py\", line 280, in __call__\n    return self._get_or_create_cached_value(args, kwargs, spinner_message)\n           ^^^^^^^^^^^^^^^^^^^^^^^^^^^^^^^^^^^^^^^^^^^^^^^^^^^^^^^^^^^^^^^\n  File \"F:\\workspace\\Name_Tag\\.venv\\Lib\\site-packages\\streamlit\\runtime\\caching\\cache_utils.py\", line 325, in _get_or_create_cached_value\n    return self._handle_cache_miss(cache, value_key, func_args, func_kwargs)\n           ^^^^^^^^^^^^^^^^^^^^^^^^^^^^^^^^^^^^^^^^^^^^^^^^^^^^^^^^^^^^^^^^^\n  File \"F:\\workspace\\Name_Tag\\.venv\\Lib\\site-packages\\streamlit\\runtime\\caching\\cache_utils.py\", line 384, in _handle_cache_miss\n    computed_value = self._info.func(*func_args, **func_kwargs)\n                     ^^^^^^^^^^^^^^^^^^^^^^^^^^^^^^^^^^^^^^^^^^\n  File \"F:\\workspace\\Name_Tag\\app.py\", line 65, in cached_generate\n    return generate_brand_identity(business_type, list(vibes_tuple), target, keywords, session_id=session_id)\n           ^^^^^^^^^^^^^^^^^^^^^^^^^^^^^^^^^^^^^^^^^^^^^^^^^^^^^^^^^^^^^^^^^^^^^^^^^^^^^^^^^^^^^^^^^^^^^^^^^^\n  File \"F:\\workspace\\Name_Tag\\services\\brand_generator.py\", line 362, in generate_brand_identity\n    client, model_name = _get_model()\n                         ^^^^^^^^^^^^\n  File \"F:\\workspace\\Name_Tag\\services\\brand_generator.py\", line 212, in _get_model\n    raise RuntimeError(\"GEMINI_API_KEY가 설정되지 않았습니다. .env 파일을 확인하세요.\")\nRuntimeError: GEMINI_API_KEY가 설정되지 않았습니다. .env 파일을 확인하세요."}
{"timestamp": "2026-05-18T19:59:15.104022", "level": "INFO", "logger": "NameTag.BrandGenerator", "message": "🚀 Starting brand identity generation (session: d06a59e2-f12e-4b2a-9e9c-c6a842e186ce)"}
{"timestamp": "2026-05-18T19:59:30.410876", "level": "INFO", "logger": "NameTag.BrandGenerator", "message": "✅ Response saved:"}
{"timestamp": "2026-05-18T19:59:30.410876", "level": "INFO", "logger": "NameTag.BrandGenerator", "message": "   📄 TXT: F:\\workspace\\Name_Tag\\logs\\ai_responses\\brand_identity_20260518_195930_d06a59e2.txt"}
{"timestamp": "2026-05-18T19:59:30.410876", "level": "INFO", "logger": "NameTag.BrandGenerator", "message": "   📋 JSON: F:\\workspace\\Name_Tag\\logs\\ai_responses\\brand_identity_20260518_195930_d06a59e2.json"}
{"timestamp": "2026-05-18T19:59:30.410876", "level": "INFO", "logger": "NameTag.BrandGenerator", "message": "===================================================================================================="}
{"timestamp": "2026-05-18T19:59:30.410876", "level": "INFO", "logger": "NameTag.BrandGenerator", "message": "📨 AI FULL RESPONSE (AI 전체 응답)"}
{"timestamp": "2026-05-18T19:59:30.410876", "level": "INFO", "logger": "NameTag.BrandGenerator", "message": "===================================================================================================="}
{"timestamp": "2026-05-18T19:59:30.411876", "level": "INFO", "logger": "NameTag.BrandGenerator", "message": "{"}
{"timestamp": "2026-05-18T19:59:30.411876", "level": "INFO", "logger": "NameTag.BrandGenerator", "message": "  \"brands\": ["}
{"timestamp": "2026-05-18T19:59:30.411876", "level": "INFO", "logger": "NameTag.BrandGenerator", "message": "    {"}
{"timestamp": "2026-05-18T19:59:30.411876", "level": "INFO", "logger": "NameTag.BrandGenerator", "message": "      \"name\": \"온온 (ONON)\","}
{"timestamp": "2026-05-18T19:59:30.411876", "level": "INFO", "logger": "NameTag.BrandGenerator", "message": "      \"meaning\": \"따뜻할 '온(溫)'을 겹친 이름으로, 공간에 겹겹이 쌓이는 온기와 일상의 다정함을 의미합니다.\","}
{"timestamp": "2026-05-18T19:59:30.411876", "level": "INFO", "logger": "NameTag.BrandGenerator", "message": "      \"story\": \"지친 퇴근길, 문을 열었을 때 나를 반겨주는 작은 소품 하나가 주는 위로에 주목합니다. 바쁜 30대 여성의 일상 속에 스며들어 가장 편안한 온도를 찾아주는 큐레이션을 지향합니다.\","}
{"timestamp": "2026-05-18T19:59:30.411876", "level": "INFO", "logger": "NameTag.BrandGenerator", "message": "      \"slogan\": \"당신의 일상에 머무는 가장 다정한 온도\","}
{"timestamp": "2026-05-18T19:59:30.411876", "level": "INFO", "logger": "NameTag.BrandGenerator", "message": "      \"typography\": {"}
{"timestamp": "2026-05-18T19:59:30.411876", "level": "INFO", "logger": "NameTag.BrandGenerator", "message": "        \"korean\": \"나눔명조\","}
{"timestamp": "2026-05-18T19:59:30.412878", "level": "INFO", "logger": "NameTag.BrandGenerator", "message": "        \"english\": \"Cormorant Garamond\","}
{"timestamp": "2026-05-18T19:59:30.412878", "level": "INFO", "logger": "NameTag.BrandGenerator", "message": "        \"reason\": \"고전적인 명조체의 우아함이 브랜드의 진지함을 보여주며, 세리프가 강조된 영문 폰트로 따뜻하고 클래식한 분위기를 연출합니다.\""}
{"timestamp": "2026-05-18T19:59:30.412878", "level": "INFO", "logger": "NameTag.BrandGenerator", "message": "      },"}
{"timestamp": "2026-05-18T19:59:30.412878", "level": "INFO", "logger": "NameTag.BrandGenerator", "message": "      \"character\": {"}
{"timestamp": "2026-05-18T19:59:30.412878", "level": "INFO", "logger": "NameTag.BrandGenerator", "message": "        \"name\": \"오니(Oni)\","}
{"timestamp": "2026-05-18T19:59:30.412878", "level": "INFO", "logger": "NameTag.BrandGenerator", "message": "        \"concept\": \"따뜻한 조명을 형상화한 작은 빛의 요정\","}
{"timestamp": "2026-05-18T19:59:30.412878", "level": "INFO", "logger": "NameTag.BrandGenerator", "message": "        \"personality\": \"차분한, 배려심 깊은, 조용한\","}
{"timestamp": "2026-05-18T19:59:30.412878", "level": "INFO", "logger": "NameTag.BrandGenerator", "message": "        \"visual\": \"둥근 전구 모양의 머리에 은은한 노란색 빛을 내며, 포근한 니트 소재의 옷을 입고 있는 귀여운 실루엣입니다.\""}
{"timestamp": "2026-05-18T19:59:30.412878", "level": "INFO", "logger": "NameTag.BrandGenerator", "message": "      },"}
{"timestamp": "2026-05-18T19:59:30.412878", "level": "INFO", "logger": "NameTag.BrandGenerator", "message": "      \"logo_design\": {"}
{"timestamp": "2026-05-18T19:59:30.413875", "level": "INFO", "logger": "NameTag.BrandGenerator", "message": "        \"brand_name\": \"온온 (ONON)\","}
{"timestamp": "2026-05-18T19:59:30.413875", "level": "INFO", "logger": "NameTag.BrandGenerator", "message": "        \"brand_topic\": \"감성 인테리어 소품 셀렉샵\","}
{"timestamp": "2026-05-18T19:59:30.413875", "level": "INFO", "logger": "NameTag.BrandGenerator", "message": "        \"core_value\": \"따뜻함, 일상의 위로\","}
{"timestamp": "2026-05-18T19:59:30.413875", "level": "INFO", "logger": "NameTag.BrandGenerator", "message": "        \"target_mood\": \"포근하고 클래식한 감성\","}
{"timestamp": "2026-05-18T19:59:30.413875", "level": "INFO", "logger": "NameTag.BrandGenerator", "message": "        \"symbol_type\": \"미니멀한 등불 아이콘\","}
{"timestamp": "2026-05-18T19:59:30.413875", "level": "INFO", "logger": "NameTag.BrandGenerator", "message": "        \"font_style\": \"우아한 세리프체\","}
{"timestamp": "2026-05-18T19:59:30.413875", "level": "INFO", "logger": "NameTag.BrandGenerator", "message": "        \"font_reference\": \"명조 계열 폰트\","}
{"timestamp": "2026-05-18T19:59:30.413875", "level": "INFO", "logger": "NameTag.BrandGenerator", "message": "        \"font_weight\": \"Medium\","}
{"timestamp": "2026-05-18T19:59:30.413875", "level": "INFO", "logger": "NameTag.BrandGenerator", "message": "        \"brand_color\": \"웜 베이지, 뮤트 오렌지\","}
{"timestamp": "2026-05-18T19:59:30.413875", "level": "INFO", "logger": "NameTag.BrandGenerator", "message": "        \"logo_type\": \"심볼과 텍스트의 조합형\","}
{"timestamp": "2026-05-18T19:59:30.414877", "level": "INFO", "logger": "NameTag.BrandGenerator", "message": "        \"background\": \"아이보리\""}
{"timestamp": "2026-05-18T19:59:30.414877", "level": "INFO", "logger": "NameTag.BrandGenerator", "message": "      }"}
{"timestamp": "2026-05-18T19:59:30.414877", "level": "INFO", "logger": "NameTag.BrandGenerator", "message": "    },"}
{"timestamp": "2026-05-18T19:59:30.414877", "level": "INFO", "logger": "NameTag.BrandGenerator", "message": "    {"}
{"timestamp": "2026-05-18T19:59:30.414877", "level": "INFO", "logger": "NameTag.BrandGenerator", "message": "      \"name\": \"아카이브 쉼 (Archive Shim)\","}
{"timestamp": "2026-05-18T19:59:30.414877", "level": "INFO", "logger": "NameTag.BrandGenerator", "message": "      \"meaning\": \"나만의 취향을 수집하는 '기록소(Archive)'와 온전한 휴식을 뜻하는 '쉼'의 합성어입니다.\","}
{"timestamp": "2026-05-18T19:59:30.414877", "level": "INFO", "logger": "NameTag.BrandGenerator", "message": "      \"story\": \"소소한 취미가 일상의 보물이 되는 순간을 제안합니다. 단순히 물건을 파는 것이 아니라, 30대 여성이 자신만의 공간에서 꿈꾸는 고요한 휴식을 큐레이팅합니다.\","}
{"timestamp": "2026-05-18T19:59:30.414877", "level": "INFO", "logger": "NameTag.BrandGenerator", "message": "      \"slogan\": \"취향으로 채우는 나만의 고요한 시간\","}
{"timestamp": "2026-05-18T19:59:30.414877", "level": "INFO", "logger": "NameTag.BrandGenerator", "message": "      \"typography\": {"}
{"timestamp": "2026-05-18T19:59:30.414877", "level": "INFO", "logger": "NameTag.BrandGenerator", "message": "        \"korean\": \"본명조\","}
{"timestamp": "2026-05-18T19:59:30.414877", "level": "INFO", "logger": "NameTag.BrandGenerator", "message": "        \"english\": \"Playfair Display\","}
{"timestamp": "2026-05-18T19:59:30.415874", "level": "INFO", "logger": "NameTag.BrandGenerator", "message": "        \"reason\": \"정갈하고 정직한 느낌의 본명조로 브랜드의 진지한 태도를 담고, 화려한 Playfair Display로 클래식한 감성을 더했습니다.\""}
{"timestamp": "2026-05-18T19:59:30.415874", "level": "INFO", "logger": "NameTag.BrandGenerator", "message": "      },"}
{"timestamp": "2026-05-18T19:59:30.415874", "level": "INFO", "logger": "NameTag.BrandGenerator", "message": "      \"character\": {"}
{"timestamp": "2026-05-18T19:59:30.415874", "level": "INFO", "logger": "NameTag.BrandGenerator", "message": "        \"name\": \"시우(Siwoo)\","}
{"timestamp": "2026-05-18T19:59:30.415874", "level": "INFO", "logger": "NameTag.BrandGenerator", "message": "        \"concept\": \"책 읽기를 좋아하는 갈색 털을 가진 지혜로운 다람쥐\","}
{"timestamp": "2026-05-18T19:59:30.415874", "level": "INFO", "logger": "NameTag.BrandGenerator", "message": "        \"personality\": \"신중한, 지적인, 수집가\","}
{"timestamp": "2026-05-18T19:59:30.415874", "level": "INFO", "logger": "NameTag.BrandGenerator", "message": "        \"visual\": \"작은 안경을 쓰고 있으며, 양손에는 항상 작은 인테리어 소품이나 책을 소중하게 들고 있는 모습입니다.\""}
{"timestamp": "2026-05-18T19:59:30.415874", "level": "INFO", "logger": "NameTag.BrandGenerator", "message": "      },"}
{"timestamp": "2026-05-18T19:59:30.415874", "level": "INFO", "logger": "NameTag.BrandGenerator", "message": "      \"logo_design\": {"}
{"timestamp": "2026-05-18T19:59:30.415874", "level": "INFO", "logger": "NameTag.BrandGenerator", "message": "        \"brand_name\": \"아카이브 쉼\","}
{"timestamp": "2026-05-18T19:59:30.415874", "level": "INFO", "logger": "NameTag.BrandGenerator", "message": "        \"brand_topic\": \"빈티지 & 클래식 소품 샵\","}
{"timestamp": "2026-05-18T19:59:30.416876", "level": "INFO", "logger": "NameTag.BrandGenerator", "message": "        \"core_value\": \"발견, 정서적 안정\","}
{"timestamp": "2026-05-18T19:59:30.416876", "level": "INFO", "logger": "NameTag.BrandGenerator", "message": "        \"target_mood\": \"진지하고 고급스러운 분위기\","}
{"timestamp": "2026-05-18T19:59:30.416876", "level": "INFO", "logger": "NameTag.BrandGenerator", "message": "        \"symbol_type\": \"열린 책과 잎사귀 심볼\","}
{"timestamp": "2026-05-18T19:59:30.416876", "level": "INFO", "logger": "NameTag.BrandGenerator", "message": "        \"font_style\": \"전통적인 클래식 서체\","}
{"timestamp": "2026-05-18T19:59:30.416876", "level": "INFO", "logger": "NameTag.BrandGenerator", "message": "        \"font_reference\": \"Bodoni\","}
{"timestamp": "2026-05-18T19:59:30.416876", "level": "INFO", "logger": "NameTag.BrandGenerator", "message": "        \"font_weight\": \"Semi-Bold\","}
{"timestamp": "2026-05-18T19:59:30.416876", "level": "INFO", "logger": "NameTag.BrandGenerator", "message": "        \"brand_color\": \"딥 그린, 차콜 그레이\","}
{"timestamp": "2026-05-18T19:59:30.416876", "level": "INFO", "logger": "NameTag.BrandGenerator", "message": "        \"logo_type\": \"엠블럼 형태\","}
{"timestamp": "2026-05-18T19:59:30.416876", "level": "INFO", "logger": "NameTag.BrandGenerator", "message": "        \"background\": \"라이트 그레이\""}
{"timestamp": "2026-05-18T19:59:30.416876", "level": "INFO", "logger": "NameTag.BrandGenerator", "message": "      }"}
{"timestamp": "2026-05-18T19:59:30.417876", "level": "INFO", "logger": "NameTag.BrandGenerator", "message": "    },"}
{"timestamp": "2026-05-18T19:59:30.417876", "level": "INFO", "logger": "NameTag.BrandGenerator", "message": "    {"}
{"timestamp": "2026-05-18T19:59:30.417876", "level": "INFO", "logger": "NameTag.BrandGenerator", "message": "      \"name\": \"디웰 (Dwell)\","}
{"timestamp": "2026-05-18T19:59:30.417876", "level": "INFO", "logger": "NameTag.BrandGenerator", "message": "      \"meaning\": \"거주하다, 머무르다라는 뜻의 영단어에서 착안하여 공간에 머무는 가치를 탐구한다는 의미를 담았습니다.\","}
{"timestamp": "2026-05-18T19:59:30.417876", "level": "INFO", "logger": "NameTag.BrandGenerator", "message": "      \"story\": \"무심코 지나쳤던 일상의 구석구석에서 새로운 아름다움을 발견합니다. 미니멀한 디자인 속에 담긴 깊이 있는 스토리를 통해 당신의 공간을 더욱 가치 있게 만듭니다.\","}
{"timestamp": "2026-05-18T19:59:30.417876", "level": "INFO", "logger": "NameTag.BrandGenerator", "message": "      \"slogan\": \"머무는 곳마다 발견하는 일상의 조각\","}
{"timestamp": "2026-05-18T19:59:30.417876", "level": "INFO", "logger": "NameTag.BrandGenerator", "message": "      \"typography\": {"}
{"timestamp": "2026-05-18T19:59:30.417876", "level": "INFO", "logger": "NameTag.BrandGenerator", "message": "        \"korean\": \"프리텐다드\","}
{"timestamp": "2026-05-18T19:59:30.417876", "level": "INFO", "logger": "NameTag.BrandGenerator", "message": "        \"english\": \"Montserrat\","}
{"timestamp": "2026-05-18T19:59:30.417876", "level": "INFO", "logger": "NameTag.BrandGenerator", "message": "        \"reason\": \"깔끔하고 가독성이 높은 고딕체를 사용하여 미니멀리즘을 극대화하고 현대적인 감각을 전달합니다.\""}
{"timestamp": "2026-05-18T19:59:30.417876", "level": "INFO", "logger": "NameTag.BrandGenerator", "message": "      },"}
{"timestamp": "2026-05-18T19:59:30.418876", "level": "INFO", "logger": "NameTag.BrandGenerator", "message": "      \"character\": {"}
{"timestamp": "2026-05-18T19:59:30.418876", "level": "INFO", "logger": "NameTag.BrandGenerator", "message": "        \"name\": \"웰리(Welly)\","}
{"timestamp": "2026-05-18T19:59:30.418876", "level": "INFO", "logger": "NameTag.BrandGenerator", "message": "        \"concept\": \"말랑말랑한 리넨 천의 질감을 가진 구름 모양 캐릭터\","}
{"timestamp": "2026-05-18T19:59:30.418876", "level": "INFO", "logger": "NameTag.BrandGenerator", "message": "        \"personality\": \"유연한, 깔끔한, 호기심 많은\","}
{"timestamp": "2026-05-18T19:59:30.418876", "level": "INFO", "logger": "NameTag.BrandGenerator", "message": "        \"visual\": \"형태가 정해져 있지 않은 부드러운 곡선의 실루엣으로, 깨끗한 화이트 톤에 은은한 그림자가 있는 형태입니다.\""}
{"timestamp": "2026-05-18T19:59:30.418876", "level": "INFO", "logger": "NameTag.BrandGenerator", "message": "      },"}
{"timestamp": "2026-05-18T19:59:30.418876", "level": "INFO", "logger": "NameTag.BrandGenerator", "message": "      \"logo_design\": {"}
{"timestamp": "2026-05-18T19:59:30.418876", "level": "INFO", "logger": "NameTag.BrandGenerator", "message": "        \"brand_name\": \"디웰 (Dwell)\","}
{"timestamp": "2026-05-18T19:59:30.418876", "level": "INFO", "logger": "NameTag.BrandGenerator", "message": "        \"brand_topic\": \"미니멀 라이프스타일 편집숍\","}
{"timestamp": "2026-05-18T19:59:30.418876", "level": "INFO", "logger": "NameTag.BrandGenerator", "message": "        \"core_value\": \"미니멀리즘, 본질적인 미\","}
{"timestamp": "2026-05-18T19:59:30.419876", "level": "INFO", "logger": "NameTag.BrandGenerator", "message": "        \"target_mood\": \"정돈되고 현대적인 느낌\","}
{"timestamp": "2026-05-18T19:59:30.419876", "level": "INFO", "logger": "NameTag.BrandGenerator", "message": "        \"symbol_type\": \"추상적인 공간의 선\","}
{"timestamp": "2026-05-18T19:59:30.419876", "level": "INFO", "logger": "NameTag.BrandGenerator", "message": "        \"font_style\": \"모던한 산세리프체\","}
{"timestamp": "2026-05-18T19:59:30.419876", "level": "INFO", "logger": "NameTag.BrandGenerator", "message": "        \"font_reference\": \"Futura\","}
{"timestamp": "2026-05-18T19:59:30.419876", "level": "INFO", "logger": "NameTag.BrandGenerator", "message": "        \"font_weight\": \"Light\","}
{"timestamp": "2026-05-18T19:59:30.419876", "level": "INFO", "logger": "NameTag.BrandGenerator", "message": "        \"brand_color\": \"샌드 베이지, 소프트 화이트\","}
{"timestamp": "2026-05-18T19:59:30.419876", "level": "INFO", "logger": "NameTag.BrandGenerator", "message": "        \"logo_type\": \"워드마크 중심\","}
{"timestamp": "2026-05-18T19:59:30.419876", "level": "INFO", "logger": "NameTag.BrandGenerator", "message": "        \"background\": \"화이트\""}
{"timestamp": "2026-05-18T19:59:30.419876", "level": "INFO", "logger": "NameTag.BrandGenerator", "message": "      }"}
{"timestamp": "2026-05-18T19:59:30.419876", "level": "INFO", "logger": "NameTag.BrandGenerator", "message": "    }"}
{"timestamp": "2026-05-18T19:59:30.420877", "level": "INFO", "logger": "NameTag.BrandGenerator", "message": "  ]"}
{"timestamp": "2026-05-18T19:59:30.420877", "level": "INFO", "logger": "NameTag.BrandGenerator", "message": "}"}
{"timestamp": "2026-05-18T19:59:30.420877", "level": "INFO", "logger": "NameTag.BrandGenerator", "message": "===================================================================================================="}
{"timestamp": "2026-05-18T19:59:30.420877", "level": "DEBUG", "logger": "NameTag.Tracker", "message": "Variable set: BRAND_1_NAME", "variables": {"BRAND_1_NAME": "온온 (ONON)"}, "session_id": "d06a59e2-f12e-4b2a-9e9c-c6a842e186ce"}
{"timestamp": "2026-05-18T19:59:30.421877", "level": "DEBUG", "logger": "NameTag.Tracker", "message": "Variable set: BRAND_1_MEANING", "variables": {"BRAND_1_MEANING": "따뜻할 '온(溫)'을 겹친 이름으로, 공간에 겹겹이 쌓이는 온기와 일상의 다정함을 의미합니다."}, "session_id": "d06a59e2-f12e-4b2a-9e9c-c6a842e186ce"}
{"timestamp": "2026-05-18T19:59:30.421877", "level": "DEBUG", "logger": "NameTag.Tracker", "message": "Variable set: BRAND_1_STORY", "variables": {"BRAND_1_STORY": "지친 퇴근길, 문을 열었을 때 나를 반겨주는 작은 소품 하나가 주는 위로에 주목합니다. 바쁜 30대 여성의 일상 속에 스며들어 가장 편안한 온도를 찾아주는 큐레이션을 지향합니다."}, "session_id": "d06a59e2-f12e-4b2a-9e9c-c6a842e186ce"}
{"timestamp": "2026-05-18T19:59:30.422878", "level": "DEBUG", "logger": "NameTag.Tracker", "message": "Variable set: BRAND_1_SLOGAN", "variables": {"BRAND_1_SLOGAN": "당신의 일상에 머무는 가장 다정한 온도"}, "session_id": "d06a59e2-f12e-4b2a-9e9c-c6a842e186ce"}
{"timestamp": "2026-05-18T19:59:30.422878", "level": "DEBUG", "logger": "NameTag.Tracker", "message": "Variable set: BRAND_1_TYPOGRAPHY_KOREAN", "variables": {"BRAND_1_TYPOGRAPHY_KOREAN": "나눔명조"}, "session_id": "d06a59e2-f12e-4b2a-9e9c-c6a842e186ce"}
{"timestamp": "2026-05-18T19:59:30.422878", "level": "DEBUG", "logger": "NameTag.Tracker", "message": "Variable set: BRAND_1_TYPOGRAPHY_ENGLISH", "variables": {"BRAND_1_TYPOGRAPHY_ENGLISH": "Cormorant Garamond"}, "session_id": "d06a59e2-f12e-4b2a-9e9c-c6a842e186ce"}
{"timestamp": "2026-05-18T19:59:30.423876", "level": "DEBUG", "logger": "NameTag.Tracker", "message": "Variable set: BRAND_1_TYPOGRAPHY_REASON", "variables": {"BRAND_1_TYPOGRAPHY_REASON": "고전적인 명조체의 우아함이 브랜드의 진지함을 보여주며, 세리프가 강조된 영문 폰트로 따뜻하고 클래식한 분위기를 연출합니다."}, "session_id": "d06a59e2-f12e-4b2a-9e9c-c6a842e186ce"}
{"timestamp": "2026-05-18T19:59:30.423876", "level": "DEBUG", "logger": "NameTag.Tracker", "message": "Variable set: BRAND_1_CHARACTER_NAME", "variables": {"BRAND_1_CHARACTER_NAME": "오니(Oni)"}, "session_id": "d06a59e2-f12e-4b2a-9e9c-c6a842e186ce"}
{"timestamp": "2026-05-18T19:59:30.424878", "level": "DEBUG", "logger": "NameTag.Tracker", "message": "Variable set: BRAND_1_CHARACTER_CONCEPT", "variables": {"BRAND_1_CHARACTER_CONCEPT": "따뜻한 조명을 형상화한 작은 빛의 요정"}, "session_id": "d06a59e2-f12e-4b2a-9e9c-c6a842e186ce"}
{"timestamp": "2026-05-18T19:59:30.424878", "level": "DEBUG", "logger": "NameTag.Tracker", "message": "Variable set: BRAND_1_CHARACTER_PERSONALITY", "variables": {"BRAND_1_CHARACTER_PERSONALITY": "차분한, 배려심 깊은, 조용한"}, "session_id": "d06a59e2-f12e-4b2a-9e9c-c6a842e186ce"}
{"timestamp": "2026-05-18T19:59:30.424878", "level": "DEBUG", "logger": "NameTag.Tracker", "message": "Variable set: BRAND_1_CHARACTER_VISUAL", "variables": {"BRAND_1_CHARACTER_VISUAL": "둥근 전구 모양의 머리에 은은한 노란색 빛을 내며, 포근한 니트 소재의 옷을 입고 있는 귀여운 실루엣입니다."}, "session_id": "d06a59e2-f12e-4b2a-9e9c-c6a842e186ce"}
{"timestamp": "2026-05-18T19:59:30.425879", "level": "DEBUG", "logger": "NameTag.Tracker", "message": "Variable set: BRAND_1_LOGO_DESIGN_BRAND_NAME", "variables": {"BRAND_1_LOGO_DESIGN_BRAND_NAME": "온온 (ONON)"}, "session_id": "d06a59e2-f12e-4b2a-9e9c-c6a842e186ce"}
{"timestamp": "2026-05-18T19:59:30.425879", "level": "DEBUG", "logger": "NameTag.Tracker", "message": "Variable set: BRAND_1_LOGO_DESIGN_BRAND_TOPIC", "variables": {"BRAND_1_LOGO_DESIGN_BRAND_TOPIC": "감성 인테리어 소품 셀렉샵"}, "session_id": "d06a59e2-f12e-4b2a-9e9c-c6a842e186ce"}
{"timestamp": "2026-05-18T19:59:30.425879", "level": "DEBUG", "logger": "NameTag.Tracker", "message": "Variable set: BRAND_1_LOGO_DESIGN_CORE_VALUE", "variables": {"BRAND_1_LOGO_DESIGN_CORE_VALUE": "따뜻함, 일상의 위로"}, "session_id": "d06a59e2-f12e-4b2a-9e9c-c6a842e186ce"}
{"timestamp": "2026-05-18T19:59:30.426877", "level": "DEBUG", "logger": "NameTag.Tracker", "message": "Variable set: BRAND_1_LOGO_DESIGN_TARGET_MOOD", "variables": {"BRAND_1_LOGO_DESIGN_TARGET_MOOD": "포근하고 클래식한 감성"}, "session_id": "d06a59e2-f12e-4b2a-9e9c-c6a842e186ce"}
{"timestamp": "2026-05-18T19:59:30.426877", "level": "DEBUG", "logger": "NameTag.Tracker", "message": "Variable set: BRAND_1_LOGO_DESIGN_SYMBOL_TYPE", "variables": {"BRAND_1_LOGO_DESIGN_SYMBOL_TYPE": "미니멀한 등불 아이콘"}, "session_id": "d06a59e2-f12e-4b2a-9e9c-c6a842e186ce"}
{"timestamp": "2026-05-18T19:59:30.426877", "level": "DEBUG", "logger": "NameTag.Tracker", "message": "Variable set: BRAND_1_LOGO_DESIGN_FONT_STYLE", "variables": {"BRAND_1_LOGO_DESIGN_FONT_STYLE": "우아한 세리프체"}, "session_id": "d06a59e2-f12e-4b2a-9e9c-c6a842e186ce"}
{"timestamp": "2026-05-18T19:59:30.427875", "level": "DEBUG", "logger": "NameTag.Tracker", "message": "Variable set: BRAND_1_LOGO_DESIGN_FONT_REFERENCE", "variables": {"BRAND_1_LOGO_DESIGN_FONT_REFERENCE": "명조 계열 폰트"}, "session_id": "d06a59e2-f12e-4b2a-9e9c-c6a842e186ce"}
{"timestamp": "2026-05-18T19:59:30.427875", "level": "DEBUG", "logger": "NameTag.Tracker", "message": "Variable set: BRAND_1_LOGO_DESIGN_FONT_WEIGHT", "variables": {"BRAND_1_LOGO_DESIGN_FONT_WEIGHT": "Medium"}, "session_id": "d06a59e2-f12e-4b2a-9e9c-c6a842e186ce"}
{"timestamp": "2026-05-18T19:59:30.428875", "level": "DEBUG", "logger": "NameTag.Tracker", "message": "Variable set: BRAND_1_LOGO_DESIGN_BRAND_COLOR", "variables": {"BRAND_1_LOGO_DESIGN_BRAND_COLOR": "웜 베이지, 뮤트 오렌지"}, "session_id": "d06a59e2-f12e-4b2a-9e9c-c6a842e186ce"}
{"timestamp": "2026-05-18T19:59:30.428875", "level": "DEBUG", "logger": "NameTag.Tracker", "message": "Variable set: BRAND_1_LOGO_DESIGN_LOGO_TYPE", "variables": {"BRAND_1_LOGO_DESIGN_LOGO_TYPE": "심볼과 텍스트의 조합형"}, "session_id": "d06a59e2-f12e-4b2a-9e9c-c6a842e186ce"}
{"timestamp": "2026-05-18T19:59:30.428875", "level": "DEBUG", "logger": "NameTag.Tracker", "message": "Variable set: BRAND_1_LOGO_DESIGN_BACKGROUND", "variables": {"BRAND_1_LOGO_DESIGN_BACKGROUND": "아이보리"}, "session_id": "d06a59e2-f12e-4b2a-9e9c-c6a842e186ce"}
{"timestamp": "2026-05-18T19:59:30.429875", "level": "DEBUG", "logger": "NameTag.Tracker", "message": "Variable set: BRAND_2_NAME", "variables": {"BRAND_2_NAME": "아카이브 쉼 (Archive Shim)"}, "session_id": "d06a59e2-f12e-4b2a-9e9c-c6a842e186ce"}
{"timestamp": "2026-05-18T19:59:30.429875", "level": "DEBUG", "logger": "NameTag.Tracker", "message": "Variable set: BRAND_2_MEANING", "variables": {"BRAND_2_MEANING": "나만의 취향을 수집하는 '기록소(Archive)'와 온전한 휴식을 뜻하는 '쉼'의 합성어입니다."}, "session_id": "d06a59e2-f12e-4b2a-9e9c-c6a842e186ce"}
{"timestamp": "2026-05-18T19:59:30.429875", "level": "DEBUG", "logger": "NameTag.Tracker", "message": "Variable set: BRAND_2_STORY", "variables": {"BRAND_2_STORY": "소소한 취미가 일상의 보물이 되는 순간을 제안합니다. 단순히 물건을 파는 것이 아니라, 30대 여성이 자신만의 공간에서 꿈꾸는 고요한 휴식을 큐레이팅합니다."}, "session_id": "d06a59e2-f12e-4b2a-9e9c-c6a842e186ce"}
{"timestamp": "2026-05-18T19:59:30.430877", "level": "DEBUG", "logger": "NameTag.Tracker", "message": "Variable set: BRAND_2_SLOGAN", "variables": {"BRAND_2_SLOGAN": "취향으로 채우는 나만의 고요한 시간"}, "session_id": "d06a59e2-f12e-4b2a-9e9c-c6a842e186ce"}
{"timestamp": "2026-05-18T19:59:30.430877", "level": "DEBUG", "logger": "NameTag.Tracker", "message": "Variable set: BRAND_2_TYPOGRAPHY_KOREAN", "variables": {"BRAND_2_TYPOGRAPHY_KOREAN": "본명조"}, "session_id": "d06a59e2-f12e-4b2a-9e9c-c6a842e186ce"}
{"timestamp": "2026-05-18T19:59:30.430877", "level": "DEBUG", "logger": "NameTag.Tracker", "message": "Variable set: BRAND_2_TYPOGRAPHY_ENGLISH", "variables": {"BRAND_2_TYPOGRAPHY_ENGLISH": "Playfair Display"}, "session_id": "d06a59e2-f12e-4b2a-9e9c-c6a842e186ce"}
{"timestamp": "2026-05-18T19:59:30.431877", "level": "DEBUG", "logger": "NameTag.Tracker", "message": "Variable set: BRAND_2_TYPOGRAPHY_REASON", "variables": {"BRAND_2_TYPOGRAPHY_REASON": "정갈하고 정직한 느낌의 본명조로 브랜드의 진지한 태도를 담고, 화려한 Playfair Display로 클래식한 감성을 더했습니다."}, "session_id": "d06a59e2-f12e-4b2a-9e9c-c6a842e186ce"}
{"timestamp": "2026-05-18T19:59:30.431877", "level": "DEBUG", "logger": "NameTag.Tracker", "message": "Variable set: BRAND_2_CHARACTER_NAME", "variables": {"BRAND_2_CHARACTER_NAME": "시우(Siwoo)"}, "session_id": "d06a59e2-f12e-4b2a-9e9c-c6a842e186ce"}
{"timestamp": "2026-05-18T19:59:30.432875", "level": "DEBUG", "logger": "NameTag.Tracker", "message": "Variable set: BRAND_2_CHARACTER_CONCEPT", "variables": {"BRAND_2_CHARACTER_CONCEPT": "책 읽기를 좋아하는 갈색 털을 가진 지혜로운 다람쥐"}, "session_id": "d06a59e2-f12e-4b2a-9e9c-c6a842e186ce"}
{"timestamp": "2026-05-18T19:59:30.432875", "level": "DEBUG", "logger": "NameTag.Tracker", "message": "Variable set: BRAND_2_CHARACTER_PERSONALITY", "variables": {"BRAND_2_CHARACTER_PERSONALITY": "신중한, 지적인, 수집가"}, "session_id": "d06a59e2-f12e-4b2a-9e9c-c6a842e186ce"}
{"timestamp": "2026-05-18T19:59:30.432875", "level": "DEBUG", "logger": "NameTag.Tracker", "message": "Variable set: BRAND_2_CHARACTER_VISUAL", "variables": {"BRAND_2_CHARACTER_VISUAL": "작은 안경을 쓰고 있으며, 양손에는 항상 작은 인테리어 소품이나 책을 소중하게 들고 있는 모습입니다."}, "session_id": "d06a59e2-f12e-4b2a-9e9c-c6a842e186ce"}
{"timestamp": "2026-05-18T19:59:30.433875", "level": "DEBUG", "logger": "NameTag.Tracker", "message": "Variable set: BRAND_2_LOGO_DESIGN_BRAND_NAME", "variables": {"BRAND_2_LOGO_DESIGN_BRAND_NAME": "아카이브 쉼"}, "session_id": "d06a59e2-f12e-4b2a-9e9c-c6a842e186ce"}
{"timestamp": "2026-05-18T19:59:30.433875", "level": "DEBUG", "logger": "NameTag.Tracker", "message": "Variable set: BRAND_2_LOGO_DESIGN_BRAND_TOPIC", "variables": {"BRAND_2_LOGO_DESIGN_BRAND_TOPIC": "빈티지 & 클래식 소품 샵"}, "session_id": "d06a59e2-f12e-4b2a-9e9c-c6a842e186ce"}
{"timestamp": "2026-05-18T19:59:30.433875", "level": "DEBUG", "logger": "NameTag.Tracker", "message": "Variable set: BRAND_2_LOGO_DESIGN_CORE_VALUE", "variables": {"BRAND_2_LOGO_DESIGN_CORE_VALUE": "발견, 정서적 안정"}, "session_id": "d06a59e2-f12e-4b2a-9e9c-c6a842e186ce"}
{"timestamp": "2026-05-18T19:59:30.434878", "level": "DEBUG", "logger": "NameTag.Tracker", "message": "Variable set: BRAND_2_LOGO_DESIGN_TARGET_MOOD", "variables": {"BRAND_2_LOGO_DESIGN_TARGET_MOOD": "진지하고 고급스러운 분위기"}, "session_id": "d06a59e2-f12e-4b2a-9e9c-c6a842e186ce"}
{"timestamp": "2026-05-18T19:59:30.434878", "level": "DEBUG", "logger": "NameTag.Tracker", "message": "Variable set: BRAND_2_LOGO_DESIGN_SYMBOL_TYPE", "variables": {"BRAND_2_LOGO_DESIGN_SYMBOL_TYPE": "열린 책과 잎사귀 심볼"}, "session_id": "d06a59e2-f12e-4b2a-9e9c-c6a842e186ce"}
{"timestamp": "2026-05-18T19:59:30.434878", "level": "DEBUG", "logger": "NameTag.Tracker", "message": "Variable set: BRAND_2_LOGO_DESIGN_FONT_STYLE", "variables": {"BRAND_2_LOGO_DESIGN_FONT_STYLE": "전통적인 클래식 서체"}, "session_id": "d06a59e2-f12e-4b2a-9e9c-c6a842e186ce"}
{"timestamp": "2026-05-18T19:59:30.435876", "level": "DEBUG", "logger": "NameTag.Tracker", "message": "Variable set: BRAND_2_LOGO_DESIGN_FONT_REFERENCE", "variables": {"BRAND_2_LOGO_DESIGN_FONT_REFERENCE": "Bodoni"}, "session_id": "d06a59e2-f12e-4b2a-9e9c-c6a842e186ce"}
{"timestamp": "2026-05-18T19:59:30.435876", "level": "DEBUG", "logger": "NameTag.Tracker", "message": "Variable set: BRAND_2_LOGO_DESIGN_FONT_WEIGHT", "variables": {"BRAND_2_LOGO_DESIGN_FONT_WEIGHT": "Semi-Bold"}, "session_id": "d06a59e2-f12e-4b2a-9e9c-c6a842e186ce"}
{"timestamp": "2026-05-18T19:59:30.435876", "level": "DEBUG", "logger": "NameTag.Tracker", "message": "Variable set: BRAND_2_LOGO_DESIGN_BRAND_COLOR", "variables": {"BRAND_2_LOGO_DESIGN_BRAND_COLOR": "딥 그린, 차콜 그레이"}, "session_id": "d06a59e2-f12e-4b2a-9e9c-c6a842e186ce"}
{"timestamp": "2026-05-18T19:59:30.436875", "level": "DEBUG", "logger": "NameTag.Tracker", "message": "Variable set: BRAND_2_LOGO_DESIGN_LOGO_TYPE", "variables": {"BRAND_2_LOGO_DESIGN_LOGO_TYPE": "엠블럼 형태"}, "session_id": "d06a59e2-f12e-4b2a-9e9c-c6a842e186ce"}
{"timestamp": "2026-05-18T19:59:30.436875", "level": "DEBUG", "logger": "NameTag.Tracker", "message": "Variable set: BRAND_2_LOGO_DESIGN_BACKGROUND", "variables": {"BRAND_2_LOGO_DESIGN_BACKGROUND": "라이트 그레이"}, "session_id": "d06a59e2-f12e-4b2a-9e9c-c6a842e186ce"}
{"timestamp": "2026-05-18T19:59:30.436875", "level": "DEBUG", "logger": "NameTag.Tracker", "message": "Variable set: BRAND_3_NAME", "variables": {"BRAND_3_NAME": "디웰 (Dwell)"}, "session_id": "d06a59e2-f12e-4b2a-9e9c-c6a842e186ce"}
{"timestamp": "2026-05-18T19:59:30.437875", "level": "DEBUG", "logger": "NameTag.Tracker", "message": "Variable set: BRAND_3_MEANING", "variables": {"BRAND_3_MEANING": "거주하다, 머무르다라는 뜻의 영단어에서 착안하여 공간에 머무는 가치를 탐구한다는 의미를 담았습니다."}, "session_id": "d06a59e2-f12e-4b2a-9e9c-c6a842e186ce"}
{"timestamp": "2026-05-18T19:59:30.437875", "level": "DEBUG", "logger": "NameTag.Tracker", "message": "Variable set: BRAND_3_STORY", "variables": {"BRAND_3_STORY": "무심코 지나쳤던 일상의 구석구석에서 새로운 아름다움을 발견합니다. 미니멀한 디자인 속에 담긴 깊이 있는 스토리를 통해 당신의 공간을 더욱 가치 있게 만듭니다."}, "session_id": "d06a59e2-f12e-4b2a-9e9c-c6a842e186ce"}
{"timestamp": "2026-05-18T19:59:30.437875", "level": "DEBUG", "logger": "NameTag.Tracker", "message": "Variable set: BRAND_3_SLOGAN", "variables": {"BRAND_3_SLOGAN": "머무는 곳마다 발견하는 일상의 조각"}, "session_id": "d06a59e2-f12e-4b2a-9e9c-c6a842e186ce"}
{"timestamp": "2026-05-18T19:59:30.438876", "level": "DEBUG", "logger": "NameTag.Tracker", "message": "Variable set: BRAND_3_TYPOGRAPHY_KOREAN", "variables": {"BRAND_3_TYPOGRAPHY_KOREAN": "프리텐다드"}, "session_id": "d06a59e2-f12e-4b2a-9e9c-c6a842e186ce"}
{"timestamp": "2026-05-18T19:59:30.438876", "level": "DEBUG", "logger": "NameTag.Tracker", "message": "Variable set: BRAND_3_TYPOGRAPHY_ENGLISH", "variables": {"BRAND_3_TYPOGRAPHY_ENGLISH": "Montserrat"}, "session_id": "d06a59e2-f12e-4b2a-9e9c-c6a842e186ce"}
{"timestamp": "2026-05-18T19:59:30.438876", "level": "DEBUG", "logger": "NameTag.Tracker", "message": "Variable set: BRAND_3_TYPOGRAPHY_REASON", "variables": {"BRAND_3_TYPOGRAPHY_REASON": "깔끔하고 가독성이 높은 고딕체를 사용하여 미니멀리즘을 극대화하고 현대적인 감각을 전달합니다."}, "session_id": "d06a59e2-f12e-4b2a-9e9c-c6a842e186ce"}
{"timestamp": "2026-05-18T19:59:30.439876", "level": "DEBUG", "logger": "NameTag.Tracker", "message": "Variable set: BRAND_3_CHARACTER_NAME", "variables": {"BRAND_3_CHARACTER_NAME": "웰리(Welly)"}, "session_id": "d06a59e2-f12e-4b2a-9e9c-c6a842e186ce"}
{"timestamp": "2026-05-18T19:59:30.439876", "level": "DEBUG", "logger": "NameTag.Tracker", "message": "Variable set: BRAND_3_CHARACTER_CONCEPT", "variables": {"BRAND_3_CHARACTER_CONCEPT": "말랑말랑한 리넨 천의 질감을 가진 구름 모양 캐릭터"}, "session_id": "d06a59e2-f12e-4b2a-9e9c-c6a842e186ce"}
{"timestamp": "2026-05-18T19:59:30.439876", "level": "DEBUG", "logger": "NameTag.Tracker", "message": "Variable set: BRAND_3_CHARACTER_PERSONALITY", "variables": {"BRAND_3_CHARACTER_PERSONALITY": "유연한, 깔끔한, 호기심 많은"}, "session_id": "d06a59e2-f12e-4b2a-9e9c-c6a842e186ce"}
{"timestamp": "2026-05-18T19:59:30.440876", "level": "DEBUG", "logger": "NameTag.Tracker", "message": "Variable set: BRAND_3_CHARACTER_VISUAL", "variables": {"BRAND_3_CHARACTER_VISUAL": "형태가 정해져 있지 않은 부드러운 곡선의 실루엣으로, 깨끗한 화이트 톤에 은은한 그림자가 있는 형태입니다."}, "session_id": "d06a59e2-f12e-4b2a-9e9c-c6a842e186ce"}
{"timestamp": "2026-05-18T19:59:30.440876", "level": "DEBUG", "logger": "NameTag.Tracker", "message": "Variable set: BRAND_3_LOGO_DESIGN_BRAND_NAME", "variables": {"BRAND_3_LOGO_DESIGN_BRAND_NAME": "디웰 (Dwell)"}, "session_id": "d06a59e2-f12e-4b2a-9e9c-c6a842e186ce"}
{"timestamp": "2026-05-18T19:59:30.441875", "level": "DEBUG", "logger": "NameTag.Tracker", "message": "Variable set: BRAND_3_LOGO_DESIGN_BRAND_TOPIC", "variables": {"BRAND_3_LOGO_DESIGN_BRAND_TOPIC": "미니멀 라이프스타일 편집숍"}, "session_id": "d06a59e2-f12e-4b2a-9e9c-c6a842e186ce"}
{"timestamp": "2026-05-18T19:59:30.441875", "level": "DEBUG", "logger": "NameTag.Tracker", "message": "Variable set: BRAND_3_LOGO_DESIGN_CORE_VALUE", "variables": {"BRAND_3_LOGO_DESIGN_CORE_VALUE": "미니멀리즘, 본질적인 미"}, "session_id": "d06a59e2-f12e-4b2a-9e9c-c6a842e186ce"}
{"timestamp": "2026-05-18T19:59:30.441875", "level": "DEBUG", "logger": "NameTag.Tracker", "message": "Variable set: BRAND_3_LOGO_DESIGN_TARGET_MOOD", "variables": {"BRAND_3_LOGO_DESIGN_TARGET_MOOD": "정돈되고 현대적인 느낌"}, "session_id": "d06a59e2-f12e-4b2a-9e9c-c6a842e186ce"}
{"timestamp": "2026-05-18T19:59:30.442903", "level": "DEBUG", "logger": "NameTag.Tracker", "message": "Variable set: BRAND_3_LOGO_DESIGN_SYMBOL_TYPE", "variables": {"BRAND_3_LOGO_DESIGN_SYMBOL_TYPE": "추상적인 공간의 선"}, "session_id": "d06a59e2-f12e-4b2a-9e9c-c6a842e186ce"}
{"timestamp": "2026-05-18T19:59:30.443410", "level": "DEBUG", "logger": "NameTag.Tracker", "message": "Variable set: BRAND_3_LOGO_DESIGN_FONT_STYLE", "variables": {"BRAND_3_LOGO_DESIGN_FONT_STYLE": "모던한 산세리프체"}, "session_id": "d06a59e2-f12e-4b2a-9e9c-c6a842e186ce"}
{"timestamp": "2026-05-18T19:59:30.443410", "level": "DEBUG", "logger": "NameTag.Tracker", "message": "Variable set: BRAND_3_LOGO_DESIGN_FONT_REFERENCE", "variables": {"BRAND_3_LOGO_DESIGN_FONT_REFERENCE": "Futura"}, "session_id": "d06a59e2-f12e-4b2a-9e9c-c6a842e186ce"}
{"timestamp": "2026-05-18T19:59:30.443410", "level": "DEBUG", "logger": "NameTag.Tracker", "message": "Variable set: BRAND_3_LOGO_DESIGN_FONT_WEIGHT", "variables": {"BRAND_3_LOGO_DESIGN_FONT_WEIGHT": "Light"}, "session_id": "d06a59e2-f12e-4b2a-9e9c-c6a842e186ce"}
{"timestamp": "2026-05-18T19:59:30.444418", "level": "DEBUG", "logger": "NameTag.Tracker", "message": "Variable set: BRAND_3_LOGO_DESIGN_BRAND_COLOR", "variables": {"BRAND_3_LOGO_DESIGN_BRAND_COLOR": "샌드 베이지, 소프트 화이트"}, "session_id": "d06a59e2-f12e-4b2a-9e9c-c6a842e186ce"}
{"timestamp": "2026-05-18T19:59:30.444418", "level": "DEBUG", "logger": "NameTag.Tracker", "message": "Variable set: BRAND_3_LOGO_DESIGN_LOGO_TYPE", "variables": {"BRAND_3_LOGO_DESIGN_LOGO_TYPE": "워드마크 중심"}, "session_id": "d06a59e2-f12e-4b2a-9e9c-c6a842e186ce"}
{"timestamp": "2026-05-18T19:59:30.444418", "level": "DEBUG", "logger": "NameTag.Tracker", "message": "Variable set: BRAND_3_LOGO_DESIGN_BACKGROUND", "variables": {"BRAND_3_LOGO_DESIGN_BACKGROUND": "화이트"}, "session_id": "d06a59e2-f12e-4b2a-9e9c-c6a842e186ce"}
{"timestamp": "2026-05-18T19:59:30.444418", "level": "INFO", "logger": "NameTag.BrandGenerator", "message": "================================================================================"}
{"timestamp": "2026-05-18T19:59:30.445419", "level": "INFO", "logger": "NameTag.BrandGenerator", "message": "✅ PARSED RESULT (파싱된 결과)"}
{"timestamp": "2026-05-18T19:59:30.445419", "level": "INFO", "logger": "NameTag.BrandGenerator", "message": "================================================================================"}
{"timestamp": "2026-05-18T19:59:30.445419", "level": "INFO", "logger": "NameTag.BrandGenerator", "message": "\n📝 BRAND 1: 온온 (ONON)"}
{"timestamp": "2026-05-18T19:59:30.445419", "level": "INFO", "logger": "NameTag.BrandGenerator", "message": "  Meaning: 따뜻할 '온(溫)'을 겹친 이름으로, 공간에 겹겹이 쌓이는 온기와 일상의 다정함을 의미합니다."}
{"timestamp": "2026-05-18T19:59:30.445419", "level": "INFO", "logger": "NameTag.BrandGenerator", "message": "  Story: 지친 퇴근길, 문을 열었을 때 나를 반겨주는 작은 소품 하나가 주는 위로에 주목합니다. 바쁜 30대 여성의 일상 속에 스며들어 가장 편안한 온도를 찾아주는 큐레이션을 지향합니다."}
{"timestamp": "2026-05-18T19:59:30.445419", "level": "INFO", "logger": "NameTag.BrandGenerator", "message": "  Slogan: 당신의 일상에 머무는 가장 다정한 온도"}
{"timestamp": "2026-05-18T19:59:30.445419", "level": "INFO", "logger": "NameTag.BrandGenerator", "message": "  🔤 Typography:"}
{"timestamp": "2026-05-18T19:59:30.445419", "level": "INFO", "logger": "NameTag.BrandGenerator", "message": "     Korean: 나눔명조"}
{"timestamp": "2026-05-18T19:59:30.446420", "level": "INFO", "logger": "NameTag.BrandGenerator", "message": "     English: Cormorant Garamond"}
{"timestamp": "2026-05-18T19:59:30.446420", "level": "INFO", "logger": "NameTag.BrandGenerator", "message": "     Reason: 고전적인 명조체의 우아함이 브랜드의 진지함을 보여주며, 세리프가 강조된 영문 폰트로 따뜻하고 클래식한 분위기를 연출합니다."}
{"timestamp": "2026-05-18T19:59:30.446420", "level": "INFO", "logger": "NameTag.BrandGenerator", "message": "  🎭 Character:"}
{"timestamp": "2026-05-18T19:59:30.446420", "level": "INFO", "logger": "NameTag.BrandGenerator", "message": "     Name: 오니(Oni)"}
{"timestamp": "2026-05-18T19:59:30.446420", "level": "INFO", "logger": "NameTag.BrandGenerator", "message": "     Concept: 따뜻한 조명을 형상화한 작은 빛의 요정"}
{"timestamp": "2026-05-18T19:59:30.446420", "level": "INFO", "logger": "NameTag.BrandGenerator", "message": "     Personality: 차분한, 배려심 깊은, 조용한"}
{"timestamp": "2026-05-18T19:59:30.446420", "level": "INFO", "logger": "NameTag.BrandGenerator", "message": "     Visual: 둥근 전구 모양의 머리에 은은한 노란색 빛을 내며, 포근한 니트 소재의 옷을 입고 있는 귀여운 실루엣입니다."}
{"timestamp": "2026-05-18T19:59:30.446420", "level": "INFO", "logger": "NameTag.BrandGenerator", "message": "  🎨 Logo Design:"}
{"timestamp": "2026-05-18T19:59:30.446420", "level": "INFO", "logger": "NameTag.BrandGenerator", "message": "     brand_name: 온온 (ONON)"}
{"timestamp": "2026-05-18T19:59:30.446420", "level": "INFO", "logger": "NameTag.BrandGenerator", "message": "     brand_topic: 감성 인테리어 소품 셀렉샵"}
{"timestamp": "2026-05-18T19:59:30.447419", "level": "INFO", "logger": "NameTag.BrandGenerator", "message": "     core_value: 따뜻함, 일상의 위로"}
{"timestamp": "2026-05-18T19:59:30.447419", "level": "INFO", "logger": "NameTag.BrandGenerator", "message": "     target_mood: 포근하고 클래식한 감성"}
{"timestamp": "2026-05-18T19:59:30.447419", "level": "INFO", "logger": "NameTag.BrandGenerator", "message": "     symbol_type: 미니멀한 등불 아이콘"}
{"timestamp": "2026-05-18T19:59:30.447419", "level": "INFO", "logger": "NameTag.BrandGenerator", "message": "     font_style: 우아한 세리프체"}
{"timestamp": "2026-05-18T19:59:30.447419", "level": "INFO", "logger": "NameTag.BrandGenerator", "message": "     font_reference: 명조 계열 폰트"}
{"timestamp": "2026-05-18T19:59:30.447419", "level": "INFO", "logger": "NameTag.BrandGenerator", "message": "     font_weight: Medium"}
{"timestamp": "2026-05-18T19:59:30.447419", "level": "INFO", "logger": "NameTag.BrandGenerator", "message": "     brand_color: 웜 베이지, 뮤트 오렌지"}
{"timestamp": "2026-05-18T19:59:30.447419", "level": "INFO", "logger": "NameTag.BrandGenerator", "message": "     logo_type: 심볼과 텍스트의 조합형"}
{"timestamp": "2026-05-18T19:59:30.447419", "level": "INFO", "logger": "NameTag.BrandGenerator", "message": "     background: 아이보리"}
{"timestamp": "2026-05-18T19:59:30.447419", "level": "INFO", "logger": "NameTag.BrandGenerator", "message": "\n📝 BRAND 2: 아카이브 쉼 (Archive Shim)"}
{"timestamp": "2026-05-18T19:59:30.447419", "level": "INFO", "logger": "NameTag.BrandGenerator", "message": "  Meaning: 나만의 취향을 수집하는 '기록소(Archive)'와 온전한 휴식을 뜻하는 '쉼'의 합성어입니다."}
{"timestamp": "2026-05-18T19:59:30.448420", "level": "INFO", "logger": "NameTag.BrandGenerator", "message": "  Story: 소소한 취미가 일상의 보물이 되는 순간을 제안합니다. 단순히 물건을 파는 것이 아니라, 30대 여성이 자신만의 공간에서 꿈꾸는 고요한 휴식을 큐레이팅합니다."}
{"timestamp": "2026-05-18T19:59:30.448420", "level": "INFO", "logger": "NameTag.BrandGenerator", "message": "  Slogan: 취향으로 채우는 나만의 고요한 시간"}
{"timestamp": "2026-05-18T19:59:30.448420", "level": "INFO", "logger": "NameTag.BrandGenerator", "message": "  🔤 Typography:"}
{"timestamp": "2026-05-18T19:59:30.448420", "level": "INFO", "logger": "NameTag.BrandGenerator", "message": "     Korean: 본명조"}
{"timestamp": "2026-05-18T19:59:30.448420", "level": "INFO", "logger": "NameTag.BrandGenerator", "message": "     English: Playfair Display"}
{"timestamp": "2026-05-18T19:59:30.448420", "level": "INFO", "logger": "NameTag.BrandGenerator", "message": "     Reason: 정갈하고 정직한 느낌의 본명조로 브랜드의 진지한 태도를 담고, 화려한 Playfair Display로 클래식한 감성을 더했습니다."}
{"timestamp": "2026-05-18T19:59:30.448420", "level": "INFO", "logger": "NameTag.BrandGenerator", "message": "  🎭 Character:"}
{"timestamp": "2026-05-18T19:59:30.448420", "level": "INFO", "logger": "NameTag.BrandGenerator", "message": "     Name: 시우(Siwoo)"}
{"timestamp": "2026-05-18T19:59:30.448420", "level": "INFO", "logger": "NameTag.BrandGenerator", "message": "     Concept: 책 읽기를 좋아하는 갈색 털을 가진 지혜로운 다람쥐"}
{"timestamp": "2026-05-18T19:59:30.449418", "level": "INFO", "logger": "NameTag.BrandGenerator", "message": "     Personality: 신중한, 지적인, 수집가"}
{"timestamp": "2026-05-18T19:59:30.449418", "level": "INFO", "logger": "NameTag.BrandGenerator", "message": "     Visual: 작은 안경을 쓰고 있으며, 양손에는 항상 작은 인테리어 소품이나 책을 소중하게 들고 있는 모습입니다."}
{"timestamp": "2026-05-18T19:59:30.449418", "level": "INFO", "logger": "NameTag.BrandGenerator", "message": "  🎨 Logo Design:"}
{"timestamp": "2026-05-18T19:59:30.449418", "level": "INFO", "logger": "NameTag.BrandGenerator", "message": "     brand_name: 아카이브 쉼"}
{"timestamp": "2026-05-18T19:59:30.449418", "level": "INFO", "logger": "NameTag.BrandGenerator", "message": "     brand_topic: 빈티지 & 클래식 소품 샵"}
{"timestamp": "2026-05-18T19:59:30.449418", "level": "INFO", "logger": "NameTag.BrandGenerator", "message": "     core_value: 발견, 정서적 안정"}
{"timestamp": "2026-05-18T19:59:30.449418", "level": "INFO", "logger": "NameTag.BrandGenerator", "message": "     target_mood: 진지하고 고급스러운 분위기"}
{"timestamp": "2026-05-18T19:59:30.449418", "level": "INFO", "logger": "NameTag.BrandGenerator", "message": "     symbol_type: 열린 책과 잎사귀 심볼"}
{"timestamp": "2026-05-18T19:59:30.449418", "level": "INFO", "logger": "NameTag.BrandGenerator", "message": "     font_style: 전통적인 클래식 서체"}
{"timestamp": "2026-05-18T19:59:30.449418", "level": "INFO", "logger": "NameTag.BrandGenerator", "message": "     font_reference: Bodoni"}
{"timestamp": "2026-05-18T19:59:30.449418", "level": "INFO", "logger": "NameTag.BrandGenerator", "message": "     font_weight: Semi-Bold"}
{"timestamp": "2026-05-18T19:59:30.450419", "level": "INFO", "logger": "NameTag.BrandGenerator", "message": "     brand_color: 딥 그린, 차콜 그레이"}
{"timestamp": "2026-05-18T19:59:30.450419", "level": "INFO", "logger": "NameTag.BrandGenerator", "message": "     logo_type: 엠블럼 형태"}
{"timestamp": "2026-05-18T19:59:30.450419", "level": "INFO", "logger": "NameTag.BrandGenerator", "message": "     background: 라이트 그레이"}
{"timestamp": "2026-05-18T19:59:30.450419", "level": "INFO", "logger": "NameTag.BrandGenerator", "message": "\n📝 BRAND 3: 디웰 (Dwell)"}
{"timestamp": "2026-05-18T19:59:30.450419", "level": "INFO", "logger": "NameTag.BrandGenerator", "message": "  Meaning: 거주하다, 머무르다라는 뜻의 영단어에서 착안하여 공간에 머무는 가치를 탐구한다는 의미를 담았습니다."}
{"timestamp": "2026-05-18T19:59:30.450419", "level": "INFO", "logger": "NameTag.BrandGenerator", "message": "  Story: 무심코 지나쳤던 일상의 구석구석에서 새로운 아름다움을 발견합니다. 미니멀한 디자인 속에 담긴 깊이 있는 스토리를 통해 당신의 공간을 더욱 가치 있게 만듭니다."}
{"timestamp": "2026-05-18T19:59:30.450419", "level": "INFO", "logger": "NameTag.BrandGenerator", "message": "  Slogan: 머무는 곳마다 발견하는 일상의 조각"}
{"timestamp": "2026-05-18T19:59:30.450419", "level": "INFO", "logger": "NameTag.BrandGenerator", "message": "  🔤 Typography:"}
{"timestamp": "2026-05-18T19:59:30.450419", "level": "INFO", "logger": "NameTag.BrandGenerator", "message": "     Korean: 프리텐다드"}
{"timestamp": "2026-05-18T19:59:30.451418", "level": "INFO", "logger": "NameTag.BrandGenerator", "message": "     English: Montserrat"}
{"timestamp": "2026-05-18T19:59:30.451418", "level": "INFO", "logger": "NameTag.BrandGenerator", "message": "     Reason: 깔끔하고 가독성이 높은 고딕체를 사용하여 미니멀리즘을 극대화하고 현대적인 감각을 전달합니다."}
{"timestamp": "2026-05-18T19:59:30.451418", "level": "INFO", "logger": "NameTag.BrandGenerator", "message": "  🎭 Character:"}
{"timestamp": "2026-05-18T19:59:30.451418", "level": "INFO", "logger": "NameTag.BrandGenerator", "message": "     Name: 웰리(Welly)"}
{"timestamp": "2026-05-18T19:59:30.451418", "level": "INFO", "logger": "NameTag.BrandGenerator", "message": "     Concept: 말랑말랑한 리넨 천의 질감을 가진 구름 모양 캐릭터"}
{"timestamp": "2026-05-18T19:59:30.451418", "level": "INFO", "logger": "NameTag.BrandGenerator", "message": "     Personality: 유연한, 깔끔한, 호기심 많은"}
{"timestamp": "2026-05-18T19:59:30.451418", "level": "INFO", "logger": "NameTag.BrandGenerator", "message": "     Visual: 형태가 정해져 있지 않은 부드러운 곡선의 실루엣으로, 깨끗한 화이트 톤에 은은한 그림자가 있는 형태입니다."}
{"timestamp": "2026-05-18T19:59:30.451418", "level": "INFO", "logger": "NameTag.BrandGenerator", "message": "  🎨 Logo Design:"}
{"timestamp": "2026-05-18T19:59:30.451418", "level": "INFO", "logger": "NameTag.BrandGenerator", "message": "     brand_name: 디웰 (Dwell)"}
{"timestamp": "2026-05-18T19:59:30.451418", "level": "INFO", "logger": "NameTag.BrandGenerator", "message": "     brand_topic: 미니멀 라이프스타일 편집숍"}
{"timestamp": "2026-05-18T19:59:30.452420", "level": "INFO", "logger": "NameTag.BrandGenerator", "message": "     core_value: 미니멀리즘, 본질적인 미"}
{"timestamp": "2026-05-18T19:59:30.452420", "level": "INFO", "logger": "NameTag.BrandGenerator", "message": "     target_mood: 정돈되고 현대적인 느낌"}
{"timestamp": "2026-05-18T19:59:30.452420", "level": "INFO", "logger": "NameTag.BrandGenerator", "message": "     symbol_type: 추상적인 공간의 선"}
{"timestamp": "2026-05-18T19:59:30.452420", "level": "INFO", "logger": "NameTag.BrandGenerator", "message": "     font_style: 모던한 산세리프체"}
{"timestamp": "2026-05-18T19:59:30.452420", "level": "INFO", "logger": "NameTag.BrandGenerator", "message": "     font_reference: Futura"}
{"timestamp": "2026-05-18T19:59:30.452420", "level": "INFO", "logger": "NameTag.BrandGenerator", "message": "     font_weight: Light"}
{"timestamp": "2026-05-18T19:59:30.452420", "level": "INFO", "logger": "NameTag.BrandGenerator", "message": "     brand_color: 샌드 베이지, 소프트 화이트"}
{"timestamp": "2026-05-18T19:59:30.452420", "level": "INFO", "logger": "NameTag.BrandGenerator", "message": "     logo_type: 워드마크 중심"}
{"timestamp": "2026-05-18T19:59:30.452420", "level": "INFO", "logger": "NameTag.BrandGenerator", "message": "     background: 화이트"}
{"timestamp": "2026-05-18T19:59:30.453421", "level": "INFO", "logger": "NameTag.BrandGenerator", "message": "================================================================================"}
{"timestamp": "2026-05-18T19:59:30.453421", "level": "INFO", "logger": "NameTag.BrandGenerator", "message": "✅ Brand identity generated successfully"}
{"timestamp": "2026-05-18T19:59:30.455420", "level": "INFO", "logger": "NameTag.BrandGenerator", "message": "🚀 Starting logo variable generation (session: d06a59e2-f12e-4b2a-9e9c-c6a842e186ce)"}
{"timestamp": "2026-05-18T19:59:30.455420", "level": "INFO", "logger": "NameTag.Tracker", "message": "Step: init_logo_variables", "variables": {"business_type": "20대를 위한 감성 소품 온라인 셀렉샵", "vibes": ["따뜻한", "클래식한", "미니멀한", "진지한"], "target": "30대 직장 여성, 소소한 취미생활을 즐기고 자신만의 공간을 꾸미는 것에 관심 있는 분들"}, "step": "init_logo_variables", "session_id": "d06a59e2-f12e-4b2a-9e9c-c6a842e186ce"}
{"timestamp": "2026-05-18T19:59:31.046166", "level": "INFO", "logger": "NameTag.BrandGenerator", "message": "📝 Requesting logo variables from AI..."}
{"timestamp": "2026-05-18T19:59:31.047164", "level": "INFO", "logger": "NameTag.Tracker", "message": "Step: ai_request", "variables": {"model": "gemini-3-flash-preview"}, "step": "ai_request", "session_id": "d06a59e2-f12e-4b2a-9e9c-c6a842e186ce"}
{"timestamp": "2026-05-18T19:59:39.185584", "level": "INFO", "logger": "NameTag.BrandGenerator", "message": "✅ Response saved:"}
{"timestamp": "2026-05-18T19:59:39.186584", "level": "INFO", "logger": "NameTag.BrandGenerator", "message": "   📄 TXT: F:\\workspace\\Name_Tag\\logs\\ai_responses\\logo_variables_20260518_195939_d06a59e2.txt"}
{"timestamp": "2026-05-18T19:59:39.186584", "level": "INFO", "logger": "NameTag.BrandGenerator", "message": "   📋 JSON: F:\\workspace\\Name_Tag\\logs\\ai_responses\\logo_variables_20260518_195939_d06a59e2.json"}
{"timestamp": "2026-05-18T19:59:39.186584", "level": "INFO", "logger": "NameTag.BrandGenerator", "message": "===================================================================================================="}
{"timestamp": "2026-05-18T19:59:39.186584", "level": "INFO", "logger": "NameTag.BrandGenerator", "message": "📨 AI FULL RESPONSE (AI 전체 응답)"}
{"timestamp": "2026-05-18T19:59:39.186584", "level": "INFO", "logger": "NameTag.BrandGenerator", "message": "===================================================================================================="}
{"timestamp": "2026-05-18T19:59:39.186584", "level": "INFO", "logger": "NameTag.BrandGenerator", "message": "{"}
{"timestamp": "2026-05-18T19:59:39.186584", "level": "INFO", "logger": "NameTag.BrandGenerator", "message": "  \"brand_identity\": {"}
{"timestamp": "2026-05-18T19:59:39.186584", "level": "INFO", "logger": "NameTag.BrandGenerator", "message": "    \"brand_name\": \"오브제 드 캄 (Objet de Calme)\","}
{"timestamp": "2026-05-18T19:59:39.187584", "level": "INFO", "logger": "NameTag.BrandGenerator", "message": "    \"brand_name_meaning\": \"'평온의 사물'이라는 뜻으로, 일상의 소란함 속에서 찾은 따뜻하고 평온한 조각들을 제안한다는 의미입니다.\","}
{"timestamp": "2026-05-18T19:59:39.187584", "level": "INFO", "logger": "NameTag.BrandGenerator", "message": "    \"brand_topic\": \"30대 직장 여성을 위한 클래식하고 따뜻한 무드의 감성 소품 셀렉샵\","}
{"timestamp": "2026-05-18T19:59:39.187584", "level": "INFO", "logger": "NameTag.BrandGenerator", "message": "    \"core_value\": \"일상의 발견, 클래식한 평온\","}
{"timestamp": "2026-05-18T19:59:39.187584", "level": "INFO", "logger": "NameTag.BrandGenerator", "message": "    \"slogan\": \"당신의 일상에 머무는 가장 따뜻한 발견\""}
{"timestamp": "2026-05-18T19:59:39.187584", "level": "INFO", "logger": "NameTag.BrandGenerator", "message": "  },"}
{"timestamp": "2026-05-18T19:59:39.187584", "level": "INFO", "logger": "NameTag.BrandGenerator", "message": "  \"logo_variables\": {"}
{"timestamp": "2026-05-18T19:59:39.187584", "level": "INFO", "logger": "NameTag.BrandGenerator", "message": "    \"target_mood\": \"미니멀 & 프리미엄\","}
{"timestamp": "2026-05-18T19:59:39.187584", "level": "INFO", "logger": "NameTag.BrandGenerator", "message": "    \"brand_color\": \"샌드 베이지(#D6CFC7)와 딥 에스프레소(#3E3631)\","}
{"timestamp": "2026-05-18T19:59:39.187584", "level": "INFO", "logger": "NameTag.BrandGenerator", "message": "    \"font_style\": \"클래식 세리프\","}
{"timestamp": "2026-05-18T19:59:39.187584", "level": "INFO", "logger": "NameTag.BrandGenerator", "message": "    \"symbol_type\": \"추상적\","}
{"timestamp": "2026-05-18T19:59:39.187584", "level": "INFO", "logger": "NameTag.BrandGenerator", "message": "    \"logo_type\": \"심볼+텍스트 조합\","}
{"timestamp": "2026-05-18T19:59:39.188583", "level": "INFO", "logger": "NameTag.BrandGenerator", "message": "    \"background\": \"흰색\""}
{"timestamp": "2026-05-18T19:59:39.188583", "level": "INFO", "logger": "NameTag.BrandGenerator", "message": "  },"}
{"timestamp": "2026-05-18T19:59:39.188583", "level": "INFO", "logger": "NameTag.BrandGenerator", "message": "  \"recommendations_reason\": \"30대 타겟의 성숙함과 '진지한' 감성을 반영하기 위해 클래식한 세리프 폰트를 선정하였으며, '따뜻함'을 시각화하기 위해 베이지 톤의 컬러 팔레트를 제안했습니다. 미니멀한 추상 심볼은 사용자만의 공간에 자연스럽게 스며드는 브랜드의 지향점을 나타냅니다.\""}
{"timestamp": "2026-05-18T19:59:39.188583", "level": "INFO", "logger": "NameTag.BrandGenerator", "message": "}"}
{"timestamp": "2026-05-18T19:59:39.188583", "level": "INFO", "logger": "NameTag.BrandGenerator", "message": "===================================================================================================="}
{"timestamp": "2026-05-18T19:59:39.188583", "level": "DEBUG", "logger": "NameTag.Tracker", "message": "Variable set: BRAND_BRAND_NAME", "variables": {"BRAND_BRAND_NAME": "오브제 드 캄 (Objet de Calme)"}, "session_id": "d06a59e2-f12e-4b2a-9e9c-c6a842e186ce"}
{"timestamp": "2026-05-18T19:59:39.189582", "level": "DEBUG", "logger": "NameTag.Tracker", "message": "Variable set: BRAND_BRAND_NAME_MEANING", "variables": {"BRAND_BRAND_NAME_MEANING": "'평온의 사물'이라는 뜻으로, 일상의 소란함 속에서 찾은 따뜻하고 평온한 조각들을 제안한다는 의미입니다."}, "session_id": "d06a59e2-f12e-4b2a-9e9c-c6a842e186ce"}
{"timestamp": "2026-05-18T19:59:39.189582", "level": "DEBUG", "logger": "NameTag.Tracker", "message": "Variable set: BRAND_BRAND_TOPIC", "variables": {"BRAND_BRAND_TOPIC": "30대 직장 여성을 위한 클래식하고 따뜻한 무드의 감성 소품 셀렉샵"}, "session_id": "d06a59e2-f12e-4b2a-9e9c-c6a842e186ce"}
{"timestamp": "2026-05-18T19:59:39.189582", "level": "DEBUG", "logger": "NameTag.Tracker", "message": "Variable set: BRAND_CORE_VALUE", "variables": {"BRAND_CORE_VALUE": "일상의 발견, 클래식한 평온"}, "session_id": "d06a59e2-f12e-4b2a-9e9c-c6a842e186ce"}
{"timestamp": "2026-05-18T19:59:39.190583", "level": "DEBUG", "logger": "NameTag.Tracker", "message": "Variable set: BRAND_SLOGAN", "variables": {"BRAND_SLOGAN": "당신의 일상에 머무는 가장 따뜻한 발견"}, "session_id": "d06a59e2-f12e-4b2a-9e9c-c6a842e186ce"}
{"timestamp": "2026-05-18T19:59:39.190583", "level": "DEBUG", "logger": "NameTag.Tracker", "message": "Variable set: LOGO_TARGET_MOOD", "variables": {"LOGO_TARGET_MOOD": "미니멀 & 프리미엄"}, "session_id": "d06a59e2-f12e-4b2a-9e9c-c6a842e186ce"}
{"timestamp": "2026-05-18T19:59:39.190583", "level": "DEBUG", "logger": "NameTag.Tracker", "message": "Variable set: LOGO_BRAND_COLOR", "variables": {"LOGO_BRAND_COLOR": "샌드 베이지(#D6CFC7)와 딥 에스프레소(#3E3631)"}, "session_id": "d06a59e2-f12e-4b2a-9e9c-c6a842e186ce"}
{"timestamp": "2026-05-18T19:59:39.191582", "level": "DEBUG", "logger": "NameTag.Tracker", "message": "Variable set: LOGO_FONT_STYLE", "variables": {"LOGO_FONT_STYLE": "클래식 세리프"}, "session_id": "d06a59e2-f12e-4b2a-9e9c-c6a842e186ce"}
{"timestamp": "2026-05-18T19:59:39.191582", "level": "DEBUG", "logger": "NameTag.Tracker", "message": "Variable set: LOGO_SYMBOL_TYPE", "variables": {"LOGO_SYMBOL_TYPE": "추상적"}, "session_id": "d06a59e2-f12e-4b2a-9e9c-c6a842e186ce"}
{"timestamp": "2026-05-18T19:59:39.191582", "level": "DEBUG", "logger": "NameTag.Tracker", "message": "Variable set: LOGO_LOGO_TYPE", "variables": {"LOGO_LOGO_TYPE": "심볼+텍스트 조합"}, "session_id": "d06a59e2-f12e-4b2a-9e9c-c6a842e186ce"}
{"timestamp": "2026-05-18T19:59:39.192584", "level": "DEBUG", "logger": "NameTag.Tracker", "message": "Variable set: LOGO_BACKGROUND", "variables": {"LOGO_BACKGROUND": "흰색"}, "session_id": "d06a59e2-f12e-4b2a-9e9c-c6a842e186ce"}
{"timestamp": "2026-05-18T19:59:39.192584", "level": "INFO", "logger": "NameTag.BrandGenerator", "message": "✅ Mood-based defaults applied for: 미니멀 & 프리미엄"}
{"timestamp": "2026-05-18T19:59:39.192584", "level": "INFO", "logger": "NameTag.Tracker", "message": "Step: variables_compiled", "variables": {"brand_variables": 5, "logo_variables": 6}, "step": "variables_compiled", "session_id": "d06a59e2-f12e-4b2a-9e9c-c6a842e186ce"}
{"timestamp": "2026-05-18T19:59:39.192584", "level": "INFO", "logger": "NameTag.BrandGenerator", "message": "✅ Logo variables generated successfully"}
{"timestamp": "2026-05-18T19:59:39.192584", "level": "INFO", "logger": "NameTag.BrandGenerator", "message": "📊 Tracked Variables: {'BRAND_1_NAME': '온온 (ONON)', 'BRAND_1_MEANING': \"따뜻할 '온(溫)'을 겹친 이름으로, 공간에 겹겹이 쌓이는 온기와 일상의 다정함을 의미합니다.\", 'BRAND_1_STORY': '지친 퇴근길, 문을 열었을 때 나를 반겨주는 작은 소품 하나가 주는 위로에 주목합니다. 바쁜 30대 여성의 일상 속에 스며들어 가장 편안한 온도를 찾아주는 큐레이션을 지향합니다.', 'BRAND_1_SLOGAN': '당신의 일상에 머무는 가장 다정한 온도', 'BRAND_1_TYPOGRAPHY_KOREAN': '나눔명조', 'BRAND_1_TYPOGRAPHY_ENGLISH': 'Cormorant Garamond', 'BRAND_1_TYPOGRAPHY_REASON': '고전적인 명조체의 우아함이 브랜드의 진지함을 보여주며, 세리프가 강조된 영문 폰트로 따뜻하고 클래식한 분위기를 연출합니다.', 'BRAND_1_CHARACTER_NAME': '오니(Oni)', 'BRAND_1_CHARACTER_CONCEPT': '따뜻한 조명을 형상화한 작은 빛의 요정', 'BRAND_1_CHARACTER_PERSONALITY': '차분한, 배려심 깊은, 조용한', 'BRAND_1_CHARACTER_VISUAL': '둥근 전구 모양의 머리에 은은한 노란색 빛을 내며, 포근한 니트 소재의 옷을 입고 있는 귀여운 실루엣입니다.', 'BRAND_1_LOGO_DESIGN_BRAND_NAME': '온온 (ONON)', 'BRAND_1_LOGO_DESIGN_BRAND_TOPIC': '감성 인테리어 소품 셀렉샵', 'BRAND_1_LOGO_DESIGN_CORE_VALUE': '따뜻함, 일상의 위로', 'BRAND_1_LOGO_DESIGN_TARGET_MOOD': '포근하고 클래식한 감성', 'BRAND_1_LOGO_DESIGN_SYMBOL_TYPE': '미니멀한 등불 아이콘', 'BRAND_1_LOGO_DESIGN_FONT_STYLE': '우아한 세리프체', 'BRAND_1_LOGO_DESIGN_FONT_REFERENCE': '명조 계열 폰트', 'BRAND_1_LOGO_DESIGN_FONT_WEIGHT': 'Medium', 'BRAND_1_LOGO_DESIGN_BRAND_COLOR': '웜 베이지, 뮤트 오렌지', 'BRAND_1_LOGO_DESIGN_LOGO_TYPE': '심볼과 텍스트의 조합형', 'BRAND_1_LOGO_DESIGN_BACKGROUND': '아이보리', 'BRAND_2_NAME': '아카이브 쉼 (Archive Shim)', 'BRAND_2_MEANING': \"나만의 취향을 수집하는 '기록소(Archive)'와 온전한 휴식을 뜻하는 '쉼'의 합성어입니다.\", 'BRAND_2_STORY': '소소한 취미가 일상의 보물이 되는 순간을 제안합니다. 단순히 물건을 파는 것이 아니라, 30대 여성이 자신만의 공간에서 꿈꾸는 고요한 휴식을 큐레이팅합니다.', 'BRAND_2_SLOGAN': '취향으로 채우는 나만의 고요한 시간', 'BRAND_2_TYPOGRAPHY_KOREAN': '본명조', 'BRAND_2_TYPOGRAPHY_ENGLISH': 'Playfair Display', 'BRAND_2_TYPOGRAPHY_REASON': '정갈하고 정직한 느낌의 본명조로 브랜드의 진지한 태도를 담고, 화려한 Playfair Display로 클래식한 감성을 더했습니다.', 'BRAND_2_CHARACTER_NAME': '시우(Siwoo)', 'BRAND_2_CHARACTER_CONCEPT': '책 읽기를 좋아하는 갈색 털을 가진 지혜로운 다람쥐', 'BRAND_2_CHARACTER_PERSONALITY': '신중한, 지적인, 수집가', 'BRAND_2_CHARACTER_VISUAL': '작은 안경을 쓰고 있으며, 양손에는 항상 작은 인테리어 소품이나 책을 소중하게 들고 있는 모습입니다.', 'BRAND_2_LOGO_DESIGN_BRAND_NAME': '아카이브 쉼', 'BRAND_2_LOGO_DESIGN_BRAND_TOPIC': '빈티지 & 클래식 소품 샵', 'BRAND_2_LOGO_DESIGN_CORE_VALUE': '발견, 정서적 안정', 'BRAND_2_LOGO_DESIGN_TARGET_MOOD': '진지하고 고급스러운 분위기', 'BRAND_2_LOGO_DESIGN_SYMBOL_TYPE': '열린 책과 잎사귀 심볼', 'BRAND_2_LOGO_DESIGN_FONT_STYLE': '전통적인 클래식 서체', 'BRAND_2_LOGO_DESIGN_FONT_REFERENCE': 'Bodoni', 'BRAND_2_LOGO_DESIGN_FONT_WEIGHT': 'Semi-Bold', 'BRAND_2_LOGO_DESIGN_BRAND_COLOR': '딥 그린, 차콜 그레이', 'BRAND_2_LOGO_DESIGN_LOGO_TYPE': '엠블럼 형태', 'BRAND_2_LOGO_DESIGN_BACKGROUND': '라이트 그레이', 'BRAND_3_NAME': '디웰 (Dwell)', 'BRAND_3_MEANING': '거주하다, 머무르다라는 뜻의 영단어에서 착안하여 공간에 머무는 가치를 탐구한다는 의미를 담았습니다.', 'BRAND_3_STORY': '무심코 지나쳤던 일상의 구석구석에서 새로운 아름다움을 발견합니다. 미니멀한 디자인 속에 담긴 깊이 있는 스토리를 통해 당신의 공간을 더욱 가치 있게 만듭니다.', 'BRAND_3_SLOGAN': '머무는 곳마다 발견하는 일상의 조각', 'BRAND_3_TYPOGRAPHY_KOREAN': '프리텐다드', 'BRAND_3_TYPOGRAPHY_ENGLISH': 'Montserrat', 'BRAND_3_TYPOGRAPHY_REASON': '깔끔하고 가독성이 높은 고딕체를 사용하여 미니멀리즘을 극대화하고 현대적인 감각을 전달합니다.', 'BRAND_3_CHARACTER_NAME': '웰리(Welly)', 'BRAND_3_CHARACTER_CONCEPT': '말랑말랑한 리넨 천의 질감을 가진 구름 모양 캐릭터', 'BRAND_3_CHARACTER_PERSONALITY': '유연한, 깔끔한, 호기심 많은', 'BRAND_3_CHARACTER_VISUAL': '형태가 정해져 있지 않은 부드러운 곡선의 실루엣으로, 깨끗한 화이트 톤에 은은한 그림자가 있는 형태입니다.', 'BRAND_3_LOGO_DESIGN_BRAND_NAME': '디웰 (Dwell)', 'BRAND_3_LOGO_DESIGN_BRAND_TOPIC': '미니멀 라이프스타일 편집숍', 'BRAND_3_LOGO_DESIGN_CORE_VALUE': '미니멀리즘, 본질적인 미', 'BRAND_3_LOGO_DESIGN_TARGET_MOOD': '정돈되고 현대적인 느낌', 'BRAND_3_LOGO_DESIGN_SYMBOL_TYPE': '추상적인 공간의 선', 'BRAND_3_LOGO_DESIGN_FONT_STYLE': '모던한 산세리프체', 'BRAND_3_LOGO_DESIGN_FONT_REFERENCE': 'Futura', 'BRAND_3_LOGO_DESIGN_FONT_WEIGHT': 'Light', 'BRAND_3_LOGO_DESIGN_BRAND_COLOR': '샌드 베이지, 소프트 화이트', 'BRAND_3_LOGO_DESIGN_LOGO_TYPE': '워드마크 중심', 'BRAND_3_LOGO_DESIGN_BACKGROUND': '화이트', 'BRAND_BRAND_NAME': '오브제 드 캄 (Objet de Calme)', 'BRAND_BRAND_NAME_MEANING': \"'평온의 사물'이라는 뜻으로, 일상의 소란함 속에서 찾은 따뜻하고 평온한 조각들을 제안한다는 의미입니다.\", 'BRAND_BRAND_TOPIC': '30대 직장 여성을 위한 클래식하고 따뜻한 무드의 감성 소품 셀렉샵', 'BRAND_CORE_VALUE': '일상의 발견, 클래식한 평온', 'BRAND_SLOGAN': '당신의 일상에 머무는 가장 따뜻한 발견', 'LOGO_TARGET_MOOD': '미니멀 & 프리미엄', 'LOGO_BRAND_COLOR': '샌드 베이지(#D6CFC7)와 딥 에스프레소(#3E3631)', 'LOGO_FONT_STYLE': '클래식 세리프', 'LOGO_SYMBOL_TYPE': '추상적', 'LOGO_LOGO_TYPE': '심볼+텍스트 조합', 'LOGO_BACKGROUND': '흰색'}"}
{"timestamp": "2026-05-18T19:59:39.194582", "level": "INFO", "logger": "NameTag.App", "message": "✅ Generation completed for session: d06a59e2-f12e-4b2a-9e9c-c6a842e186ce"}
{"timestamp": "2026-05-18T20:00:54.002837", "level": "INFO", "logger": "NameTag.BrandGenerator", "message": "🚀 Starting brand identity generation (session: 5531753a-cbae-4938-ba86-103a1f68ccf9)"}
{"timestamp": "2026-05-18T20:00:59.082062", "level": "ERROR", "logger": "NameTag.App", "message": "❌ Generation error: 503 UNAVAILABLE. {'error': {'code': 503, 'message': 'This model is currently experiencing high demand. Spikes in demand are usually temporary. Please try again later.', 'status': 'UNAVAILABLE'}}", "exception": "Traceback (most recent call last):\n  File \"F:\\workspace\\Name_Tag\\app.py\", line 130, in run_generation\n    result = cached_generate(\n             ^^^^^^^^^^^^^^^^\n  File \"F:\\workspace\\Name_Tag\\.venv\\Lib\\site-packages\\streamlit\\runtime\\caching\\cache_utils.py\", line 280, in __call__\n    return self._get_or_create_cached_value(args, kwargs, spinner_message)\n           ^^^^^^^^^^^^^^^^^^^^^^^^^^^^^^^^^^^^^^^^^^^^^^^^^^^^^^^^^^^^^^^\n  File \"F:\\workspace\\Name_Tag\\.venv\\Lib\\site-packages\\streamlit\\runtime\\caching\\cache_utils.py\", line 325, in _get_or_create_cached_value\n    return self._handle_cache_miss(cache, value_key, func_args, func_kwargs)\n           ^^^^^^^^^^^^^^^^^^^^^^^^^^^^^^^^^^^^^^^^^^^^^^^^^^^^^^^^^^^^^^^^^\n  File \"F:\\workspace\\Name_Tag\\.venv\\Lib\\site-packages\\streamlit\\runtime\\caching\\cache_utils.py\", line 384, in _handle_cache_miss\n    computed_value = self._info.func(*func_args, **func_kwargs)\n                     ^^^^^^^^^^^^^^^^^^^^^^^^^^^^^^^^^^^^^^^^^^\n  File \"F:\\workspace\\Name_Tag\\app.py\", line 112, in cached_generate\n    return generate_brand_identity(business_type, list(vibes_tuple), target, keywords, session_id=session_id)\n           ^^^^^^^^^^^^^^^^^^^^^^^^^^^^^^^^^^^^^^^^^^^^^^^^^^^^^^^^^^^^^^^^^^^^^^^^^^^^^^^^^^^^^^^^^^^^^^^^^^\n  File \"F:\\workspace\\Name_Tag\\services\\brand_generator.py\", line 363, in generate_brand_identity\n    response = client.models.generate_content(\n               ^^^^^^^^^^^^^^^^^^^^^^^^^^^^^^^\n  File \"F:\\workspace\\Name_Tag\\.venv\\Lib\\site-packages\\google\\genai\\models.py\", line 6405, in generate_content\n    response = self._generate_content(\n               ^^^^^^^^^^^^^^^^^^^^^^^\n  File \"F:\\workspace\\Name_Tag\\.venv\\Lib\\site-packages\\google\\genai\\models.py\", line 4841, in _generate_content\n    response = self._api_client.request(\n               ^^^^^^^^^^^^^^^^^^^^^^^^^\n  File \"F:\\workspace\\Name_Tag\\.venv\\Lib\\site-packages\\google\\genai\\_api_client.py\", line 1611, in request\n    response = self._request(http_request, http_options, stream=False)\n               ^^^^^^^^^^^^^^^^^^^^^^^^^^^^^^^^^^^^^^^^^^^^^^^^^^^^^^^\n  File \"F:\\workspace\\Name_Tag\\.venv\\Lib\\site-packages\\google\\genai\\_api_client.py\", line 1404, in _request\n    return self._retry(self._request_once, http_request, stream)  # type: ignore[no-any-return]\n           ^^^^^^^^^^^^^^^^^^^^^^^^^^^^^^^^^^^^^^^^^^^^^^^^^^^^^\n  File \"F:\\workspace\\Name_Tag\\.venv\\Lib\\site-packages\\tenacity\\__init__.py\", line 470, in __call__\n    do = self.iter(retry_state=retry_state)\n         ^^^^^^^^^^^^^^^^^^^^^^^^^^^^^^^^^^\n  File \"F:\\workspace\\Name_Tag\\.venv\\Lib\\site-packages\\tenacity\\__init__.py\", line 371, in iter\n    result = action(retry_state)\n             ^^^^^^^^^^^^^^^^^^^\n  File \"F:\\workspace\\Name_Tag\\.venv\\Lib\\site-packages\\tenacity\\__init__.py\", line 413, in exc_check\n    raise retry_exc.reraise()\n          ^^^^^^^^^^^^^^^^^^^\n  File \"F:\\workspace\\Name_Tag\\.venv\\Lib\\site-packages\\tenacity\\__init__.py\", line 184, in reraise\n    raise self.last_attempt.result()\n          ^^^^^^^^^^^^^^^^^^^^^^^^^^\n  File \"C:\\Users\\joyos\\AppData\\Local\\Programs\\Python\\Python312\\Lib\\concurrent\\futures\\_base.py\", line 449, in result\n    return self.__get_result()\n           ^^^^^^^^^^^^^^^^^^^\n  File \"C:\\Users\\joyos\\AppData\\Local\\Programs\\Python\\Python312\\Lib\\concurrent\\futures\\_base.py\", line 401, in __get_result\n    raise self._exception\n  File \"F:\\workspace\\Name_Tag\\.venv\\Lib\\site-packages\\tenacity\\__init__.py\", line 473, in __call__\n    result = fn(*args, **kwargs)\n             ^^^^^^^^^^^^^^^^^^^\n  File \"F:\\workspace\\Name_Tag\\.venv\\Lib\\site-packages\\google\\genai\\_api_client.py\", line 1381, in _request_once\n    errors.APIError.raise_for_response(response)\n  File \"F:\\workspace\\Name_Tag\\.venv\\Lib\\site-packages\\google\\genai\\errors.py\", line 155, in raise_for_response\n    cls.raise_error(response.status_code, response_json, response)\n  File \"F:\\workspace\\Name_Tag\\.venv\\Lib\\site-packages\\google\\genai\\errors.py\", line 186, in raise_error\n    raise ServerError(status_code, response_json, response)\ngoogle.genai.errors.ServerError: 503 UNAVAILABLE. {'error': {'code': 503, 'message': 'This model is currently experiencing high demand. Spikes in demand are usually temporary. Please try again later.', 'status': 'UNAVAILABLE'}}"}
{"timestamp": "2026-05-18T20:01:04.069980", "level": "INFO", "logger": "NameTag.BrandGenerator", "message": "🚀 Starting brand identity generation (session: 5531753a-cbae-4938-ba86-103a1f68ccf9)"}
{"timestamp": "2026-05-18T20:01:20.249870", "level": "INFO", "logger": "NameTag.BrandGenerator", "message": "✅ Response saved:"}
{"timestamp": "2026-05-18T20:01:20.249870", "level": "INFO", "logger": "NameTag.BrandGenerator", "message": "   📄 TXT: F:\\workspace\\Name_Tag\\logs\\ai_responses\\brand_identity_20260518_200120_5531753a.txt"}
{"timestamp": "2026-05-18T20:01:20.250871", "level": "INFO", "logger": "NameTag.BrandGenerator", "message": "   📋 JSON: F:\\workspace\\Name_Tag\\logs\\ai_responses\\brand_identity_20260518_200120_5531753a.json"}
{"timestamp": "2026-05-18T20:01:20.250871", "level": "INFO", "logger": "NameTag.BrandGenerator", "message": "===================================================================================================="}
{"timestamp": "2026-05-18T20:01:20.250871", "level": "INFO", "logger": "NameTag.BrandGenerator", "message": "📨 AI FULL RESPONSE (AI 전체 응답)"}
{"timestamp": "2026-05-18T20:01:20.250871", "level": "INFO", "logger": "NameTag.BrandGenerator", "message": "===================================================================================================="}
{"timestamp": "2026-05-18T20:01:20.250871", "level": "INFO", "logger": "NameTag.BrandGenerator", "message": "{"}
{"timestamp": "2026-05-18T20:01:20.250871", "level": "INFO", "logger": "NameTag.BrandGenerator", "message": "  \"brands\": ["}
{"timestamp": "2026-05-18T20:01:20.250871", "level": "INFO", "logger": "NameTag.BrandGenerator", "message": "    {"}
{"timestamp": "2026-05-18T20:01:20.251871", "level": "INFO", "logger": "NameTag.BrandGenerator", "message": "      \"name\": \"온실 (Onsil)\","}
{"timestamp": "2026-05-18T20:01:20.251871", "level": "INFO", "logger": "NameTag.BrandGenerator", "message": "      \"meaning\": \"따뜻할 온(溫)과 방 실(室)을 결합하여, 일상에 온기를 채우는 나만의 작은 방을 의미합니다.\","}
{"timestamp": "2026-05-18T20:01:20.251871", "level": "INFO", "logger": "NameTag.BrandGenerator", "message": "      \"story\": \"바쁜 업무를 마치고 돌아온 30대 여성의 공간에 따뜻한 햇살 같은 소품을 제안합니다. 우리가 직접 고른 물건들이 당신의 차가운 일상을 온화하게 변화시키기를 꿈꿉니다.\","}
{"timestamp": "2026-05-18T20:01:20.251871", "level": "INFO", "logger": "NameTag.BrandGenerator", "message": "      \"slogan\": \"당신의 공간에 온기를 채우는 사소한 발견\","}
{"timestamp": "2026-05-18T20:01:20.251871", "level": "INFO", "logger": "NameTag.BrandGenerator", "message": "      \"typography\": {"}
{"timestamp": "2026-05-18T20:01:20.251871", "level": "INFO", "logger": "NameTag.BrandGenerator", "message": "        \"korean\": \"나눔명조\","}
{"timestamp": "2026-05-18T20:01:20.251871", "level": "INFO", "logger": "NameTag.BrandGenerator", "message": "        \"english\": \"Lora\","}
{"timestamp": "2026-05-18T20:01:20.251871", "level": "INFO", "logger": "NameTag.BrandGenerator", "message": "        \"reason\": \"명조체의 클래식한 우아함과 부드러운 곡선이 브랜드의 따뜻하고 진지한 감성을 동시에 전달합니다.\""}
{"timestamp": "2026-05-18T20:01:20.251871", "level": "INFO", "logger": "NameTag.BrandGenerator", "message": "      },"}
{"timestamp": "2026-05-18T20:01:20.251871", "level": "INFO", "logger": "NameTag.BrandGenerator", "message": "      \"character\": {"}
{"timestamp": "2026-05-18T20:01:20.252869", "level": "INFO", "logger": "NameTag.BrandGenerator", "message": "        \"name\": \"온이 (Oni)\","}
{"timestamp": "2026-05-18T20:01:20.252869", "level": "INFO", "logger": "NameTag.BrandGenerator", "message": "        \"concept\": \"따뜻한 차가 담긴 찻잔에서 피어오른 작은 온기 요정\","}
{"timestamp": "2026-05-18T20:01:20.252869", "level": "INFO", "logger": "NameTag.BrandGenerator", "message": "        \"personality\": \"차분함, 사색적인, 다정한\","}
{"timestamp": "2026-05-18T20:01:20.252869", "level": "INFO", "logger": "NameTag.BrandGenerator", "message": "        \"visual\": \"아이보리색의 몽글몽글한 형체로, 머리 위에 작은 새싹이 돋아나 있습니다. 늘 따뜻한 김이 모락모락 피어오르는 듯한 부드러운 외곽선을 가졌습니다.\""}
{"timestamp": "2026-05-18T20:01:20.252869", "level": "INFO", "logger": "NameTag.BrandGenerator", "message": "      },"}
{"timestamp": "2026-05-18T20:01:20.252869", "level": "INFO", "logger": "NameTag.BrandGenerator", "message": "      \"logo_design\": {"}
{"timestamp": "2026-05-18T20:01:20.252869", "level": "INFO", "logger": "NameTag.BrandGenerator", "message": "        \"brand_name\": \"온실\","}
{"timestamp": "2026-05-18T20:01:20.252869", "level": "INFO", "logger": "NameTag.BrandGenerator", "message": "        \"brand_topic\": \"감성 소품 온라인 셀렉샵\","}
{"timestamp": "2026-05-18T20:01:20.252869", "level": "INFO", "logger": "NameTag.BrandGenerator", "message": "        \"core_value\": \"따뜻함, 안식\","}
{"timestamp": "2026-05-18T20:01:20.252869", "level": "INFO", "logger": "NameTag.BrandGenerator", "message": "        \"target_mood\": \"포근하고 차분한 무드\","}
{"timestamp": "2026-05-18T20:01:20.252869", "level": "INFO", "logger": "NameTag.BrandGenerator", "message": "        \"symbol_type\": \"창문과 식물을 결합한 미니멀한 라인 심볼\","}
{"timestamp": "2026-05-18T20:01:20.252869", "level": "INFO", "logger": "NameTag.BrandGenerator", "message": "        \"font_style\": \"부드러운 세리프체\","}
{"timestamp": "2026-05-18T20:01:20.253870", "level": "INFO", "logger": "NameTag.BrandGenerator", "message": "        \"font_reference\": \"Nanum Myeongjo\","}
{"timestamp": "2026-05-18T20:01:20.253870", "level": "INFO", "logger": "NameTag.BrandGenerator", "message": "        \"font_weight\": \"Medium\","}
{"timestamp": "2026-05-18T20:01:20.253870", "level": "INFO", "logger": "NameTag.BrandGenerator", "message": "        \"brand_color\": \"Warm Beige, Soft Terracotta\","}
{"timestamp": "2026-05-18T20:01:20.253870", "level": "INFO", "logger": "NameTag.BrandGenerator", "message": "        \"logo_type\": \"심볼형 로고 (Symbol + Wordmark)\","}
{"timestamp": "2026-05-18T20:01:20.253870", "level": "INFO", "logger": "NameTag.BrandGenerator", "message": "        \"background\": \"Cream White\""}
{"timestamp": "2026-05-18T20:01:20.253870", "level": "INFO", "logger": "NameTag.BrandGenerator", "message": "      }"}
{"timestamp": "2026-05-18T20:01:20.253870", "level": "INFO", "logger": "NameTag.BrandGenerator", "message": "    },"}
{"timestamp": "2026-05-18T20:01:20.253870", "level": "INFO", "logger": "NameTag.BrandGenerator", "message": "    {"}
{"timestamp": "2026-05-18T20:01:20.253870", "level": "INFO", "logger": "NameTag.BrandGenerator", "message": "      \"name\": \"아티크 (Atique)\","}
{"timestamp": "2026-05-18T20:01:20.253870", "level": "INFO", "logger": "NameTag.BrandGenerator", "message": "      \"meaning\": \"Archive(기록)와 Antique(고전적인)의 합성어로, 시간이 흘러도 변하지 않는 가치를 지닌 물건들을 수집한다는 뜻입니다.\","}
{"timestamp": "2026-05-18T20:01:20.253870", "level": "INFO", "logger": "NameTag.BrandGenerator", "message": "      \"story\": \"오래도록 곁에 두고 싶은 클래식한 취향을 가진 분들을 위해 선별했습니다. 서랍 속 깊이 간직하고 싶은 보물 같은 소품들을 통해 일상의 품격을 높여줍니다.\","}
{"timestamp": "2026-05-18T20:01:20.254869", "level": "INFO", "logger": "NameTag.BrandGenerator", "message": "      \"slogan\": \"시간이 지나도 변치 않는 취향의 기록\","}
{"timestamp": "2026-05-18T20:01:20.254869", "level": "INFO", "logger": "NameTag.BrandGenerator", "message": "      \"typography\": {"}
{"timestamp": "2026-05-18T20:01:20.254869", "level": "INFO", "logger": "NameTag.BrandGenerator", "message": "        \"korean\": \"경기바탕\","}
{"timestamp": "2026-05-18T20:01:20.254869", "level": "INFO", "logger": "NameTag.BrandGenerator", "message": "        \"english\": \"Playfair Display\","}
{"timestamp": "2026-05-18T20:01:20.254869", "level": "INFO", "logger": "NameTag.BrandGenerator", "message": "        \"reason\": \"높은 대비를 가진 클래식한 서체를 사용하여 30대 여성이 선호하는 고급스럽고 진지한 분위기를 강조합니다.\""}
{"timestamp": "2026-05-18T20:01:20.254869", "level": "INFO", "logger": "NameTag.BrandGenerator", "message": "      },"}
{"timestamp": "2026-05-18T20:01:20.254869", "level": "INFO", "logger": "NameTag.BrandGenerator", "message": "      \"character\": {"}
{"timestamp": "2026-05-18T20:01:20.254869", "level": "INFO", "logger": "NameTag.BrandGenerator", "message": "        \"name\": \"티크 (Tique)\","}
{"timestamp": "2026-05-18T20:01:20.254869", "level": "INFO", "logger": "NameTag.BrandGenerator", "message": "        \"concept\": \"오래된 서재의 책상에서 태어난 지혜로운 돋보기 요정\","}
{"timestamp": "2026-05-18T20:01:20.254869", "level": "INFO", "logger": "NameTag.BrandGenerator", "message": "        \"personality\": \"꼼꼼함, 클래식한 취향, 관찰력이 좋은\","}
{"timestamp": "2026-05-18T20:01:20.255872", "level": "INFO", "logger": "NameTag.BrandGenerator", "message": "        \"visual\": \"황동색 안경을 쓰고 체크무늬 베스트를 입은 작은 신사 모습입니다. 손에는 항상 보물을 발견하기 위한 작은 수첩을 들고 다닙니다.\""}
{"timestamp": "2026-05-18T20:01:20.255872", "level": "INFO", "logger": "NameTag.BrandGenerator", "message": "      },"}
{"timestamp": "2026-05-18T20:01:20.255872", "level": "INFO", "logger": "NameTag.BrandGenerator", "message": "      \"logo_design\": {"}
{"timestamp": "2026-05-18T20:01:20.255872", "level": "INFO", "logger": "NameTag.BrandGenerator", "message": "        \"brand_name\": \"ATIQUE\","}
{"timestamp": "2026-05-18T20:01:20.255872", "level": "INFO", "logger": "NameTag.BrandGenerator", "message": "        \"brand_topic\": \"클래식 소품 큐레이션\","}
{"timestamp": "2026-05-18T20:01:20.255872", "level": "INFO", "logger": "NameTag.BrandGenerator", "message": "        \"core_value\": \"헤리티지, 발견\","}
{"timestamp": "2026-05-18T20:01:20.255872", "level": "INFO", "logger": "NameTag.BrandGenerator", "message": "        \"target_mood\": \"고전적이고 지적인 무드\","}
{"timestamp": "2026-05-18T20:01:20.255872", "level": "INFO", "logger": "NameTag.BrandGenerator", "message": "        \"symbol_type\": \"열쇠 구멍 또는 깃펜 모티프의 엠블럼\","}
{"timestamp": "2026-05-18T20:01:20.255872", "level": "INFO", "logger": "NameTag.BrandGenerator", "message": "        \"font_style\": \"우아한 장식성이 있는 세리프\","}
{"timestamp": "2026-05-18T20:01:20.255872", "level": "INFO", "logger": "NameTag.BrandGenerator", "message": "        \"font_reference\": \"Playfair Display\","}
{"timestamp": "2026-05-18T20:01:20.256870", "level": "INFO", "logger": "NameTag.BrandGenerator", "message": "        \"font_weight\": \"Bold\","}
{"timestamp": "2026-05-18T20:01:20.256870", "level": "INFO", "logger": "NameTag.BrandGenerator", "message": "        \"brand_color\": \"Deep Forest Green, Antique Gold\","}
{"timestamp": "2026-05-18T20:01:20.256870", "level": "INFO", "logger": "NameTag.BrandGenerator", "message": "        \"logo_type\": \"엠블럼형 로고\","}
{"timestamp": "2026-05-18T20:01:20.256870", "level": "INFO", "logger": "NameTag.BrandGenerator", "message": "        \"background\": \"Deep Charcoal\""}
{"timestamp": "2026-05-18T20:01:20.256870", "level": "INFO", "logger": "NameTag.BrandGenerator", "message": "      }"}
{"timestamp": "2026-05-18T20:01:20.256870", "level": "INFO", "logger": "NameTag.BrandGenerator", "message": "    },"}
{"timestamp": "2026-05-18T20:01:20.256870", "level": "INFO", "logger": "NameTag.BrandGenerator", "message": "    {"}
{"timestamp": "2026-05-18T20:01:20.256870", "level": "INFO", "logger": "NameTag.BrandGenerator", "message": "      \"name\": \"고요 (Goyo)\","}
{"timestamp": "2026-05-18T20:01:20.256870", "level": "INFO", "logger": "NameTag.BrandGenerator", "message": "      \"meaning\": \"아무런 소리 없이 아주 잠잠한 상태를 뜻하며, 바쁜 일상 속에서 자신만의 고요한 시간을 즐기는 라이프스타일을 지향합니다.\","}
{"timestamp": "2026-05-18T20:01:20.256870", "level": "INFO", "logger": "NameTag.BrandGenerator", "message": "      \"story\": \"복잡한 세상을 잠시 잊고 나만의 작은 취미에 몰입하는 순간을 응원합니다. 미니멀하지만 깊은 감동을 주는 소품들이 당신의 고요한 휴식을 완성합니다.\","}
{"timestamp": "2026-05-18T20:01:20.256870", "level": "INFO", "logger": "NameTag.BrandGenerator", "message": "      \"slogan\": \"나에게 집중하는 고요한 순간\","}
{"timestamp": "2026-05-18T20:01:20.257870", "level": "INFO", "logger": "NameTag.BrandGenerator", "message": "      \"typography\": {"}
{"timestamp": "2026-05-18T20:01:20.257870", "level": "INFO", "logger": "NameTag.BrandGenerator", "message": "        \"korean\": \"프리텐다드 (Pretendard)\","}
{"timestamp": "2026-05-18T20:01:20.257870", "level": "INFO", "logger": "NameTag.BrandGenerator", "message": "        \"english\": \"DM Sans\","}
{"timestamp": "2026-05-18T20:01:20.257870", "level": "INFO", "logger": "NameTag.BrandGenerator", "message": "        \"reason\": \"장식을 배제한 미니멀한 산세리프 서체를 통해 현대적인 감각과 정갈한 진지함을 표현합니다.\""}
{"timestamp": "2026-05-18T20:01:20.257870", "level": "INFO", "logger": "NameTag.BrandGenerator", "message": "      },"}
{"timestamp": "2026-05-18T20:01:20.257870", "level": "INFO", "logger": "NameTag.BrandGenerator", "message": "      \"character\": {"}
{"timestamp": "2026-05-18T20:01:20.257870", "level": "INFO", "logger": "NameTag.BrandGenerator", "message": "        \"name\": \"요요 (Yoyo)\","}
{"timestamp": "2026-05-18T20:01:20.257870", "level": "INFO", "logger": "NameTag.BrandGenerator", "message": "        \"concept\": \"잔잔한 호수 위에 떠 있는 매끄러운 조약돌\","}
{"timestamp": "2026-05-18T20:01:20.257870", "level": "INFO", "logger": "NameTag.BrandGenerator", "message": "        \"personality\": \"침착함, 단순함, 평화로움\","}
{"timestamp": "2026-05-18T20:01:20.257870", "level": "INFO", "logger": "NameTag.BrandGenerator", "message": "        \"visual\": \"회색빛의 매끄러운 곡선 형태를 가진 타원형 캐릭터입니다. 눈은 평온하게 감겨 있으며 주변에 잔잔한 동심원 무늬가 형상화되어 있습니다.\""}
{"timestamp": "2026-05-18T20:01:20.257870", "level": "INFO", "logger": "NameTag.BrandGenerator", "message": "      },"}
{"timestamp": "2026-05-18T20:01:20.258870", "level": "INFO", "logger": "NameTag.BrandGenerator", "message": "      \"logo_design\": {"}
{"timestamp": "2026-05-18T20:01:20.258870", "level": "INFO", "logger": "NameTag.BrandGenerator", "message": "        \"brand_name\": \"고요\","}
{"timestamp": "2026-05-18T20:01:20.258870", "level": "INFO", "logger": "NameTag.BrandGenerator", "message": "        \"brand_topic\": \"미니멀 라이프스타일 샵\","}
{"timestamp": "2026-05-18T20:01:20.258870", "level": "INFO", "logger": "NameTag.BrandGenerator", "message": "        \"core_value\": \"비움, 몰입\","}
{"timestamp": "2026-05-18T20:01:20.258870", "level": "INFO", "logger": "NameTag.BrandGenerator", "message": "        \"target_mood\": \"정제되고 미니멀한 무드\","}
{"timestamp": "2026-05-18T20:01:20.258870", "level": "INFO", "logger": "NameTag.BrandGenerator", "message": "        \"symbol_type\": \"원을 활용한 추상적이고 간결한 기하학 심볼\","}
{"timestamp": "2026-05-18T20:01:20.258870", "level": "INFO", "logger": "NameTag.BrandGenerator", "message": "        \"font_style\": \"깔끔한 고딕/산세리프체\","}
{"timestamp": "2026-05-18T20:01:20.258870", "level": "INFO", "logger": "NameTag.BrandGenerator", "message": "        \"font_reference\": \"Pretendard\","}
{"timestamp": "2026-05-18T20:01:20.258870", "level": "INFO", "logger": "NameTag.BrandGenerator", "message": "        \"font_weight\": \"Light\","}
{"timestamp": "2026-05-18T20:01:20.258870", "level": "INFO", "logger": "NameTag.BrandGenerator", "message": "        \"brand_color\": \"Stone Grey, Muted Blue\","}
{"timestamp": "2026-05-18T20:01:20.258870", "level": "INFO", "logger": "NameTag.BrandGenerator", "message": "        \"logo_type\": \"워드마크 중심의 로고\","}
{"timestamp": "2026-05-18T20:01:20.258870", "level": "INFO", "logger": "NameTag.BrandGenerator", "message": "        \"background\": \"Light Grey\""}
{"timestamp": "2026-05-18T20:01:20.259871", "level": "INFO", "logger": "NameTag.BrandGenerator", "message": "      }"}
{"timestamp": "2026-05-18T20:01:20.259871", "level": "INFO", "logger": "NameTag.BrandGenerator", "message": "    }"}
{"timestamp": "2026-05-18T20:01:20.259871", "level": "INFO", "logger": "NameTag.BrandGenerator", "message": "  ]"}
{"timestamp": "2026-05-18T20:01:20.259871", "level": "INFO", "logger": "NameTag.BrandGenerator", "message": "}"}
{"timestamp": "2026-05-18T20:01:20.259871", "level": "INFO", "logger": "NameTag.BrandGenerator", "message": "===================================================================================================="}
{"timestamp": "2026-05-18T20:01:20.259871", "level": "DEBUG", "logger": "NameTag.Tracker", "message": "Variable set: BRAND_1_NAME", "variables": {"BRAND_1_NAME": "온실 (Onsil)"}, "session_id": "5531753a-cbae-4938-ba86-103a1f68ccf9"}
{"timestamp": "2026-05-18T20:01:20.260870", "level": "DEBUG", "logger": "NameTag.Tracker", "message": "Variable set: BRAND_1_MEANING", "variables": {"BRAND_1_MEANING": "따뜻할 온(溫)과 방 실(室)을 결합하여, 일상에 온기를 채우는 나만의 작은 방을 의미합니다."}, "session_id": "5531753a-cbae-4938-ba86-103a1f68ccf9"}
{"timestamp": "2026-05-18T20:01:20.260870", "level": "DEBUG", "logger": "NameTag.Tracker", "message": "Variable set: BRAND_1_STORY", "variables": {"BRAND_1_STORY": "바쁜 업무를 마치고 돌아온 30대 여성의 공간에 따뜻한 햇살 같은 소품을 제안합니다. 우리가 직접 고른 물건들이 당신의 차가운 일상을 온화하게 변화시키기를 꿈꿉니다."}, "session_id": "5531753a-cbae-4938-ba86-103a1f68ccf9"}
{"timestamp": "2026-05-18T20:01:20.261869", "level": "DEBUG", "logger": "NameTag.Tracker", "message": "Variable set: BRAND_1_SLOGAN", "variables": {"BRAND_1_SLOGAN": "당신의 공간에 온기를 채우는 사소한 발견"}, "session_id": "5531753a-cbae-4938-ba86-103a1f68ccf9"}
{"timestamp": "2026-05-18T20:01:20.261869", "level": "DEBUG", "logger": "NameTag.Tracker", "message": "Variable set: BRAND_1_TYPOGRAPHY_KOREAN", "variables": {"BRAND_1_TYPOGRAPHY_KOREAN": "나눔명조"}, "session_id": "5531753a-cbae-4938-ba86-103a1f68ccf9"}
{"timestamp": "2026-05-18T20:01:20.261869", "level": "DEBUG", "logger": "NameTag.Tracker", "message": "Variable set: BRAND_1_TYPOGRAPHY_ENGLISH", "variables": {"BRAND_1_TYPOGRAPHY_ENGLISH": "Lora"}, "session_id": "5531753a-cbae-4938-ba86-103a1f68ccf9"}
{"timestamp": "2026-05-18T20:01:20.262872", "level": "DEBUG", "logger": "NameTag.Tracker", "message": "Variable set: BRAND_1_TYPOGRAPHY_REASON", "variables": {"BRAND_1_TYPOGRAPHY_REASON": "명조체의 클래식한 우아함과 부드러운 곡선이 브랜드의 따뜻하고 진지한 감성을 동시에 전달합니다."}, "session_id": "5531753a-cbae-4938-ba86-103a1f68ccf9"}
{"timestamp": "2026-05-18T20:01:20.262872", "level": "DEBUG", "logger": "NameTag.Tracker", "message": "Variable set: BRAND_1_CHARACTER_NAME", "variables": {"BRAND_1_CHARACTER_NAME": "온이 (Oni)"}, "session_id": "5531753a-cbae-4938-ba86-103a1f68ccf9"}
{"timestamp": "2026-05-18T20:01:20.262872", "level": "DEBUG", "logger": "NameTag.Tracker", "message": "Variable set: BRAND_1_CHARACTER_CONCEPT", "variables": {"BRAND_1_CHARACTER_CONCEPT": "따뜻한 차가 담긴 찻잔에서 피어오른 작은 온기 요정"}, "session_id": "5531753a-cbae-4938-ba86-103a1f68ccf9"}
{"timestamp": "2026-05-18T20:01:20.263871", "level": "DEBUG", "logger": "NameTag.Tracker", "message": "Variable set: BRAND_1_CHARACTER_PERSONALITY", "variables": {"BRAND_1_CHARACTER_PERSONALITY": "차분함, 사색적인, 다정한"}, "session_id": "5531753a-cbae-4938-ba86-103a1f68ccf9"}
{"timestamp": "2026-05-18T20:01:20.263871", "level": "DEBUG", "logger": "NameTag.Tracker", "message": "Variable set: BRAND_1_CHARACTER_VISUAL", "variables": {"BRAND_1_CHARACTER_VISUAL": "아이보리색의 몽글몽글한 형체로, 머리 위에 작은 새싹이 돋아나 있습니다. 늘 따뜻한 김이 모락모락 피어오르는 듯한 부드러운 외곽선을 가졌습니다."}, "session_id": "5531753a-cbae-4938-ba86-103a1f68ccf9"}
{"timestamp": "2026-05-18T20:01:20.263871", "level": "DEBUG", "logger": "NameTag.Tracker", "message": "Variable set: BRAND_1_LOGO_DESIGN_BRAND_NAME", "variables": {"BRAND_1_LOGO_DESIGN_BRAND_NAME": "온실"}, "session_id": "5531753a-cbae-4938-ba86-103a1f68ccf9"}
{"timestamp": "2026-05-18T20:01:20.264869", "level": "DEBUG", "logger": "NameTag.Tracker", "message": "Variable set: BRAND_1_LOGO_DESIGN_BRAND_TOPIC", "variables": {"BRAND_1_LOGO_DESIGN_BRAND_TOPIC": "감성 소품 온라인 셀렉샵"}, "session_id": "5531753a-cbae-4938-ba86-103a1f68ccf9"}
{"timestamp": "2026-05-18T20:01:20.264869", "level": "DEBUG", "logger": "NameTag.Tracker", "message": "Variable set: BRAND_1_LOGO_DESIGN_CORE_VALUE", "variables": {"BRAND_1_LOGO_DESIGN_CORE_VALUE": "따뜻함, 안식"}, "session_id": "5531753a-cbae-4938-ba86-103a1f68ccf9"}
{"timestamp": "2026-05-18T20:01:20.264869", "level": "DEBUG", "logger": "NameTag.Tracker", "message": "Variable set: BRAND_1_LOGO_DESIGN_TARGET_MOOD", "variables": {"BRAND_1_LOGO_DESIGN_TARGET_MOOD": "포근하고 차분한 무드"}, "session_id": "5531753a-cbae-4938-ba86-103a1f68ccf9"}
{"timestamp": "2026-05-18T20:01:20.265869", "level": "DEBUG", "logger": "NameTag.Tracker", "message": "Variable set: BRAND_1_LOGO_DESIGN_SYMBOL_TYPE", "variables": {"BRAND_1_LOGO_DESIGN_SYMBOL_TYPE": "창문과 식물을 결합한 미니멀한 라인 심볼"}, "session_id": "5531753a-cbae-4938-ba86-103a1f68ccf9"}
{"timestamp": "2026-05-18T20:01:20.265869", "level": "DEBUG", "logger": "NameTag.Tracker", "message": "Variable set: BRAND_1_LOGO_DESIGN_FONT_STYLE", "variables": {"BRAND_1_LOGO_DESIGN_FONT_STYLE": "부드러운 세리프체"}, "session_id": "5531753a-cbae-4938-ba86-103a1f68ccf9"}
{"timestamp": "2026-05-18T20:01:20.265869", "level": "DEBUG", "logger": "NameTag.Tracker", "message": "Variable set: BRAND_1_LOGO_DESIGN_FONT_REFERENCE", "variables": {"BRAND_1_LOGO_DESIGN_FONT_REFERENCE": "Nanum Myeongjo"}, "session_id": "5531753a-cbae-4938-ba86-103a1f68ccf9"}
{"timestamp": "2026-05-18T20:01:20.266869", "level": "DEBUG", "logger": "NameTag.Tracker", "message": "Variable set: BRAND_1_LOGO_DESIGN_FONT_WEIGHT", "variables": {"BRAND_1_LOGO_DESIGN_FONT_WEIGHT": "Medium"}, "session_id": "5531753a-cbae-4938-ba86-103a1f68ccf9"}
{"timestamp": "2026-05-18T20:01:20.266869", "level": "DEBUG", "logger": "NameTag.Tracker", "message": "Variable set: BRAND_1_LOGO_DESIGN_BRAND_COLOR", "variables": {"BRAND_1_LOGO_DESIGN_BRAND_COLOR": "Warm Beige, Soft Terracotta"}, "session_id": "5531753a-cbae-4938-ba86-103a1f68ccf9"}
{"timestamp": "2026-05-18T20:01:20.266869", "level": "DEBUG", "logger": "NameTag.Tracker", "message": "Variable set: BRAND_1_LOGO_DESIGN_LOGO_TYPE", "variables": {"BRAND_1_LOGO_DESIGN_LOGO_TYPE": "심볼형 로고 (Symbol + Wordmark)"}, "session_id": "5531753a-cbae-4938-ba86-103a1f68ccf9"}
{"timestamp": "2026-05-18T20:01:20.267870", "level": "DEBUG", "logger": "NameTag.Tracker", "message": "Variable set: BRAND_1_LOGO_DESIGN_BACKGROUND", "variables": {"BRAND_1_LOGO_DESIGN_BACKGROUND": "Cream White"}, "session_id": "5531753a-cbae-4938-ba86-103a1f68ccf9"}
{"timestamp": "2026-05-18T20:01:20.267870", "level": "DEBUG", "logger": "NameTag.Tracker", "message": "Variable set: BRAND_2_NAME", "variables": {"BRAND_2_NAME": "아티크 (Atique)"}, "session_id": "5531753a-cbae-4938-ba86-103a1f68ccf9"}
{"timestamp": "2026-05-18T20:01:20.268869", "level": "DEBUG", "logger": "NameTag.Tracker", "message": "Variable set: BRAND_2_MEANING", "variables": {"BRAND_2_MEANING": "Archive(기록)와 Antique(고전적인)의 합성어로, 시간이 흘러도 변하지 않는 가치를 지닌 물건들을 수집한다는 뜻입니다."}, "session_id": "5531753a-cbae-4938-ba86-103a1f68ccf9"}
{"timestamp": "2026-05-18T20:01:20.268869", "level": "DEBUG", "logger": "NameTag.Tracker", "message": "Variable set: BRAND_2_STORY", "variables": {"BRAND_2_STORY": "오래도록 곁에 두고 싶은 클래식한 취향을 가진 분들을 위해 선별했습니다. 서랍 속 깊이 간직하고 싶은 보물 같은 소품들을 통해 일상의 품격을 높여줍니다."}, "session_id": "5531753a-cbae-4938-ba86-103a1f68ccf9"}
{"timestamp": "2026-05-18T20:01:20.268869", "level": "DEBUG", "logger": "NameTag.Tracker", "message": "Variable set: BRAND_2_SLOGAN", "variables": {"BRAND_2_SLOGAN": "시간이 지나도 변치 않는 취향의 기록"}, "session_id": "5531753a-cbae-4938-ba86-103a1f68ccf9"}
{"timestamp": "2026-05-18T20:01:20.269870", "level": "DEBUG", "logger": "NameTag.Tracker", "message": "Variable set: BRAND_2_TYPOGRAPHY_KOREAN", "variables": {"BRAND_2_TYPOGRAPHY_KOREAN": "경기바탕"}, "session_id": "5531753a-cbae-4938-ba86-103a1f68ccf9"}
{"timestamp": "2026-05-18T20:01:20.269870", "level": "DEBUG", "logger": "NameTag.Tracker", "message": "Variable set: BRAND_2_TYPOGRAPHY_ENGLISH", "variables": {"BRAND_2_TYPOGRAPHY_ENGLISH": "Playfair Display"}, "session_id": "5531753a-cbae-4938-ba86-103a1f68ccf9"}
{"timestamp": "2026-05-18T20:01:20.269870", "level": "DEBUG", "logger": "NameTag.Tracker", "message": "Variable set: BRAND_2_TYPOGRAPHY_REASON", "variables": {"BRAND_2_TYPOGRAPHY_REASON": "높은 대비를 가진 클래식한 서체를 사용하여 30대 여성이 선호하는 고급스럽고 진지한 분위기를 강조합니다."}, "session_id": "5531753a-cbae-4938-ba86-103a1f68ccf9"}
{"timestamp": "2026-05-18T20:01:20.270871", "level": "DEBUG", "logger": "NameTag.Tracker", "message": "Variable set: BRAND_2_CHARACTER_NAME", "variables": {"BRAND_2_CHARACTER_NAME": "티크 (Tique)"}, "session_id": "5531753a-cbae-4938-ba86-103a1f68ccf9"}
{"timestamp": "2026-05-18T20:01:20.270871", "level": "DEBUG", "logger": "NameTag.Tracker", "message": "Variable set: BRAND_2_CHARACTER_CONCEPT", "variables": {"BRAND_2_CHARACTER_CONCEPT": "오래된 서재의 책상에서 태어난 지혜로운 돋보기 요정"}, "session_id": "5531753a-cbae-4938-ba86-103a1f68ccf9"}
{"timestamp": "2026-05-18T20:01:20.270871", "level": "DEBUG", "logger": "NameTag.Tracker", "message": "Variable set: BRAND_2_CHARACTER_PERSONALITY", "variables": {"BRAND_2_CHARACTER_PERSONALITY": "꼼꼼함, 클래식한 취향, 관찰력이 좋은"}, "session_id": "5531753a-cbae-4938-ba86-103a1f68ccf9"}
{"timestamp": "2026-05-18T20:01:20.271870", "level": "DEBUG", "logger": "NameTag.Tracker", "message": "Variable set: BRAND_2_CHARACTER_VISUAL", "variables": {"BRAND_2_CHARACTER_VISUAL": "황동색 안경을 쓰고 체크무늬 베스트를 입은 작은 신사 모습입니다. 손에는 항상 보물을 발견하기 위한 작은 수첩을 들고 다닙니다."}, "session_id": "5531753a-cbae-4938-ba86-103a1f68ccf9"}
{"timestamp": "2026-05-18T20:01:20.271870", "level": "DEBUG", "logger": "NameTag.Tracker", "message": "Variable set: BRAND_2_LOGO_DESIGN_BRAND_NAME", "variables": {"BRAND_2_LOGO_DESIGN_BRAND_NAME": "ATIQUE"}, "session_id": "5531753a-cbae-4938-ba86-103a1f68ccf9"}
{"timestamp": "2026-05-18T20:01:20.272869", "level": "DEBUG", "logger": "NameTag.Tracker", "message": "Variable set: BRAND_2_LOGO_DESIGN_BRAND_TOPIC", "variables": {"BRAND_2_LOGO_DESIGN_BRAND_TOPIC": "클래식 소품 큐레이션"}, "session_id": "5531753a-cbae-4938-ba86-103a1f68ccf9"}
{"timestamp": "2026-05-18T20:01:20.272869", "level": "DEBUG", "logger": "NameTag.Tracker", "message": "Variable set: BRAND_2_LOGO_DESIGN_CORE_VALUE", "variables": {"BRAND_2_LOGO_DESIGN_CORE_VALUE": "헤리티지, 발견"}, "session_id": "5531753a-cbae-4938-ba86-103a1f68ccf9"}
{"timestamp": "2026-05-18T20:01:20.272869", "level": "DEBUG", "logger": "NameTag.Tracker", "message": "Variable set: BRAND_2_LOGO_DESIGN_TARGET_MOOD", "variables": {"BRAND_2_LOGO_DESIGN_TARGET_MOOD": "고전적이고 지적인 무드"}, "session_id": "5531753a-cbae-4938-ba86-103a1f68ccf9"}
{"timestamp": "2026-05-18T20:01:20.273869", "level": "DEBUG", "logger": "NameTag.Tracker", "message": "Variable set: BRAND_2_LOGO_DESIGN_SYMBOL_TYPE", "variables": {"BRAND_2_LOGO_DESIGN_SYMBOL_TYPE": "열쇠 구멍 또는 깃펜 모티프의 엠블럼"}, "session_id": "5531753a-cbae-4938-ba86-103a1f68ccf9"}
{"timestamp": "2026-05-18T20:01:20.273869", "level": "DEBUG", "logger": "NameTag.Tracker", "message": "Variable set: BRAND_2_LOGO_DESIGN_FONT_STYLE", "variables": {"BRAND_2_LOGO_DESIGN_FONT_STYLE": "우아한 장식성이 있는 세리프"}, "session_id": "5531753a-cbae-4938-ba86-103a1f68ccf9"}
{"timestamp": "2026-05-18T20:01:20.273869", "level": "DEBUG", "logger": "NameTag.Tracker", "message": "Variable set: BRAND_2_LOGO_DESIGN_FONT_REFERENCE", "variables": {"BRAND_2_LOGO_DESIGN_FONT_REFERENCE": "Playfair Display"}, "session_id": "5531753a-cbae-4938-ba86-103a1f68ccf9"}
{"timestamp": "2026-05-18T20:01:20.274870", "level": "DEBUG", "logger": "NameTag.Tracker", "message": "Variable set: BRAND_2_LOGO_DESIGN_FONT_WEIGHT", "variables": {"BRAND_2_LOGO_DESIGN_FONT_WEIGHT": "Bold"}, "session_id": "5531753a-cbae-4938-ba86-103a1f68ccf9"}
{"timestamp": "2026-05-18T20:01:20.274870", "level": "DEBUG", "logger": "NameTag.Tracker", "message": "Variable set: BRAND_2_LOGO_DESIGN_BRAND_COLOR", "variables": {"BRAND_2_LOGO_DESIGN_BRAND_COLOR": "Deep Forest Green, Antique Gold"}, "session_id": "5531753a-cbae-4938-ba86-103a1f68ccf9"}
{"timestamp": "2026-05-18T20:01:20.274870", "level": "DEBUG", "logger": "NameTag.Tracker", "message": "Variable set: BRAND_2_LOGO_DESIGN_LOGO_TYPE", "variables": {"BRAND_2_LOGO_DESIGN_LOGO_TYPE": "엠블럼형 로고"}, "session_id": "5531753a-cbae-4938-ba86-103a1f68ccf9"}
{"timestamp": "2026-05-18T20:01:20.275870", "level": "DEBUG", "logger": "NameTag.Tracker", "message": "Variable set: BRAND_2_LOGO_DESIGN_BACKGROUND", "variables": {"BRAND_2_LOGO_DESIGN_BACKGROUND": "Deep Charcoal"}, "session_id": "5531753a-cbae-4938-ba86-103a1f68ccf9"}
{"timestamp": "2026-05-18T20:01:20.275870", "level": "DEBUG", "logger": "NameTag.Tracker", "message": "Variable set: BRAND_3_NAME", "variables": {"BRAND_3_NAME": "고요 (Goyo)"}, "session_id": "5531753a-cbae-4938-ba86-103a1f68ccf9"}
{"timestamp": "2026-05-18T20:01:20.275870", "level": "DEBUG", "logger": "NameTag.Tracker", "message": "Variable set: BRAND_3_MEANING", "variables": {"BRAND_3_MEANING": "아무런 소리 없이 아주 잠잠한 상태를 뜻하며, 바쁜 일상 속에서 자신만의 고요한 시간을 즐기는 라이프스타일을 지향합니다."}, "session_id": "5531753a-cbae-4938-ba86-103a1f68ccf9"}
{"timestamp": "2026-05-18T20:01:20.276870", "level": "DEBUG", "logger": "NameTag.Tracker", "message": "Variable set: BRAND_3_STORY", "variables": {"BRAND_3_STORY": "복잡한 세상을 잠시 잊고 나만의 작은 취미에 몰입하는 순간을 응원합니다. 미니멀하지만 깊은 감동을 주는 소품들이 당신의 고요한 휴식을 완성합니다."}, "session_id": "5531753a-cbae-4938-ba86-103a1f68ccf9"}
{"timestamp": "2026-05-18T20:01:20.276870", "level": "DEBUG", "logger": "NameTag.Tracker", "message": "Variable set: BRAND_3_SLOGAN", "variables": {"BRAND_3_SLOGAN": "나에게 집중하는 고요한 순간"}, "session_id": "5531753a-cbae-4938-ba86-103a1f68ccf9"}
{"timestamp": "2026-05-18T20:01:20.277874", "level": "DEBUG", "logger": "NameTag.Tracker", "message": "Variable set: BRAND_3_TYPOGRAPHY_KOREAN", "variables": {"BRAND_3_TYPOGRAPHY_KOREAN": "프리텐다드 (Pretendard)"}, "session_id": "5531753a-cbae-4938-ba86-103a1f68ccf9"}
{"timestamp": "2026-05-18T20:01:20.277874", "level": "DEBUG", "logger": "NameTag.Tracker", "message": "Variable set: BRAND_3_TYPOGRAPHY_ENGLISH", "variables": {"BRAND_3_TYPOGRAPHY_ENGLISH": "DM Sans"}, "session_id": "5531753a-cbae-4938-ba86-103a1f68ccf9"}
{"timestamp": "2026-05-18T20:01:20.277874", "level": "DEBUG", "logger": "NameTag.Tracker", "message": "Variable set: BRAND_3_TYPOGRAPHY_REASON", "variables": {"BRAND_3_TYPOGRAPHY_REASON": "장식을 배제한 미니멀한 산세리프 서체를 통해 현대적인 감각과 정갈한 진지함을 표현합니다."}, "session_id": "5531753a-cbae-4938-ba86-103a1f68ccf9"}
{"timestamp": "2026-05-18T20:01:20.278869", "level": "DEBUG", "logger": "NameTag.Tracker", "message": "Variable set: BRAND_3_CHARACTER_NAME", "variables": {"BRAND_3_CHARACTER_NAME": "요요 (Yoyo)"}, "session_id": "5531753a-cbae-4938-ba86-103a1f68ccf9"}
{"timestamp": "2026-05-18T20:01:20.278869", "level": "DEBUG", "logger": "NameTag.Tracker", "message": "Variable set: BRAND_3_CHARACTER_CONCEPT", "variables": {"BRAND_3_CHARACTER_CONCEPT": "잔잔한 호수 위에 떠 있는 매끄러운 조약돌"}, "session_id": "5531753a-cbae-4938-ba86-103a1f68ccf9"}
{"timestamp": "2026-05-18T20:01:20.278869", "level": "DEBUG", "logger": "NameTag.Tracker", "message": "Variable set: BRAND_3_CHARACTER_PERSONALITY", "variables": {"BRAND_3_CHARACTER_PERSONALITY": "침착함, 단순함, 평화로움"}, "session_id": "5531753a-cbae-4938-ba86-103a1f68ccf9"}
{"timestamp": "2026-05-18T20:01:20.279870", "level": "DEBUG", "logger": "NameTag.Tracker", "message": "Variable set: BRAND_3_CHARACTER_VISUAL", "variables": {"BRAND_3_CHARACTER_VISUAL": "회색빛의 매끄러운 곡선 형태를 가진 타원형 캐릭터입니다. 눈은 평온하게 감겨 있으며 주변에 잔잔한 동심원 무늬가 형상화되어 있습니다."}, "session_id": "5531753a-cbae-4938-ba86-103a1f68ccf9"}
{"timestamp": "2026-05-18T20:01:20.279870", "level": "DEBUG", "logger": "NameTag.Tracker", "message": "Variable set: BRAND_3_LOGO_DESIGN_BRAND_NAME", "variables": {"BRAND_3_LOGO_DESIGN_BRAND_NAME": "고요"}, "session_id": "5531753a-cbae-4938-ba86-103a1f68ccf9"}
{"timestamp": "2026-05-18T20:01:20.279870", "level": "DEBUG", "logger": "NameTag.Tracker", "message": "Variable set: BRAND_3_LOGO_DESIGN_BRAND_TOPIC", "variables": {"BRAND_3_LOGO_DESIGN_BRAND_TOPIC": "미니멀 라이프스타일 샵"}, "session_id": "5531753a-cbae-4938-ba86-103a1f68ccf9"}
{"timestamp": "2026-05-18T20:01:20.280870", "level": "DEBUG", "logger": "NameTag.Tracker", "message": "Variable set: BRAND_3_LOGO_DESIGN_CORE_VALUE", "variables": {"BRAND_3_LOGO_DESIGN_CORE_VALUE": "비움, 몰입"}, "session_id": "5531753a-cbae-4938-ba86-103a1f68ccf9"}
{"timestamp": "2026-05-18T20:01:20.280870", "level": "DEBUG", "logger": "NameTag.Tracker", "message": "Variable set: BRAND_3_LOGO_DESIGN_TARGET_MOOD", "variables": {"BRAND_3_LOGO_DESIGN_TARGET_MOOD": "정제되고 미니멀한 무드"}, "session_id": "5531753a-cbae-4938-ba86-103a1f68ccf9"}
{"timestamp": "2026-05-18T20:01:20.280870", "level": "DEBUG", "logger": "NameTag.Tracker", "message": "Variable set: BRAND_3_LOGO_DESIGN_SYMBOL_TYPE", "variables": {"BRAND_3_LOGO_DESIGN_SYMBOL_TYPE": "원을 활용한 추상적이고 간결한 기하학 심볼"}, "session_id": "5531753a-cbae-4938-ba86-103a1f68ccf9"}
{"timestamp": "2026-05-18T20:01:20.281870", "level": "DEBUG", "logger": "NameTag.Tracker", "message": "Variable set: BRAND_3_LOGO_DESIGN_FONT_STYLE", "variables": {"BRAND_3_LOGO_DESIGN_FONT_STYLE": "깔끔한 고딕/산세리프체"}, "session_id": "5531753a-cbae-4938-ba86-103a1f68ccf9"}
{"timestamp": "2026-05-18T20:01:20.281870", "level": "DEBUG", "logger": "NameTag.Tracker", "message": "Variable set: BRAND_3_LOGO_DESIGN_FONT_REFERENCE", "variables": {"BRAND_3_LOGO_DESIGN_FONT_REFERENCE": "Pretendard"}, "session_id": "5531753a-cbae-4938-ba86-103a1f68ccf9"}
{"timestamp": "2026-05-18T20:01:20.281870", "level": "DEBUG", "logger": "NameTag.Tracker", "message": "Variable set: BRAND_3_LOGO_DESIGN_FONT_WEIGHT", "variables": {"BRAND_3_LOGO_DESIGN_FONT_WEIGHT": "Light"}, "session_id": "5531753a-cbae-4938-ba86-103a1f68ccf9"}
{"timestamp": "2026-05-18T20:01:20.282869", "level": "DEBUG", "logger": "NameTag.Tracker", "message": "Variable set: BRAND_3_LOGO_DESIGN_BRAND_COLOR", "variables": {"BRAND_3_LOGO_DESIGN_BRAND_COLOR": "Stone Grey, Muted Blue"}, "session_id": "5531753a-cbae-4938-ba86-103a1f68ccf9"}
{"timestamp": "2026-05-18T20:01:20.282869", "level": "DEBUG", "logger": "NameTag.Tracker", "message": "Variable set: BRAND_3_LOGO_DESIGN_LOGO_TYPE", "variables": {"BRAND_3_LOGO_DESIGN_LOGO_TYPE": "워드마크 중심의 로고"}, "session_id": "5531753a-cbae-4938-ba86-103a1f68ccf9"}
{"timestamp": "2026-05-18T20:01:20.282869", "level": "DEBUG", "logger": "NameTag.Tracker", "message": "Variable set: BRAND_3_LOGO_DESIGN_BACKGROUND", "variables": {"BRAND_3_LOGO_DESIGN_BACKGROUND": "Light Grey"}, "session_id": "5531753a-cbae-4938-ba86-103a1f68ccf9"}
{"timestamp": "2026-05-18T20:01:20.283869", "level": "INFO", "logger": "NameTag.BrandGenerator", "message": "================================================================================"}
{"timestamp": "2026-05-18T20:01:20.283869", "level": "INFO", "logger": "NameTag.BrandGenerator", "message": "✅ PARSED RESULT (파싱된 결과)"}
{"timestamp": "2026-05-18T20:01:20.283869", "level": "INFO", "logger": "NameTag.BrandGenerator", "message": "================================================================================"}
{"timestamp": "2026-05-18T20:01:20.283869", "level": "INFO", "logger": "NameTag.BrandGenerator", "message": "\n📝 BRAND 1: 온실 (Onsil)"}
{"timestamp": "2026-05-18T20:01:20.283869", "level": "INFO", "logger": "NameTag.BrandGenerator", "message": "  Meaning: 따뜻할 온(溫)과 방 실(室)을 결합하여, 일상에 온기를 채우는 나만의 작은 방을 의미합니다."}
{"timestamp": "2026-05-18T20:01:20.283869", "level": "INFO", "logger": "NameTag.BrandGenerator", "message": "  Story: 바쁜 업무를 마치고 돌아온 30대 여성의 공간에 따뜻한 햇살 같은 소품을 제안합니다. 우리가 직접 고른 물건들이 당신의 차가운 일상을 온화하게 변화시키기를 꿈꿉니다."}
{"timestamp": "2026-05-18T20:01:20.283869", "level": "INFO", "logger": "NameTag.BrandGenerator", "message": "  Slogan: 당신의 공간에 온기를 채우는 사소한 발견"}
{"timestamp": "2026-05-18T20:01:20.283869", "level": "INFO", "logger": "NameTag.BrandGenerator", "message": "  🔤 Typography:"}
{"timestamp": "2026-05-18T20:01:20.283869", "level": "INFO", "logger": "NameTag.BrandGenerator", "message": "     Korean: 나눔명조"}
{"timestamp": "2026-05-18T20:01:20.284870", "level": "INFO", "logger": "NameTag.BrandGenerator", "message": "     English: Lora"}
{"timestamp": "2026-05-18T20:01:20.284870", "level": "INFO", "logger": "NameTag.BrandGenerator", "message": "     Reason: 명조체의 클래식한 우아함과 부드러운 곡선이 브랜드의 따뜻하고 진지한 감성을 동시에 전달합니다."}
{"timestamp": "2026-05-18T20:01:20.284870", "level": "INFO", "logger": "NameTag.BrandGenerator", "message": "  🎭 Character:"}
{"timestamp": "2026-05-18T20:01:20.284870", "level": "INFO", "logger": "NameTag.BrandGenerator", "message": "     Name: 온이 (Oni)"}
{"timestamp": "2026-05-18T20:01:20.284870", "level": "INFO", "logger": "NameTag.BrandGenerator", "message": "     Concept: 따뜻한 차가 담긴 찻잔에서 피어오른 작은 온기 요정"}
{"timestamp": "2026-05-18T20:01:20.284870", "level": "INFO", "logger": "NameTag.BrandGenerator", "message": "     Personality: 차분함, 사색적인, 다정한"}
{"timestamp": "2026-05-18T20:01:20.284870", "level": "INFO", "logger": "NameTag.BrandGenerator", "message": "     Visual: 아이보리색의 몽글몽글한 형체로, 머리 위에 작은 새싹이 돋아나 있습니다. 늘 따뜻한 김이 모락모락 피어오르는 듯한 부드러운 외곽선을 가졌습니다."}
{"timestamp": "2026-05-18T20:01:20.284870", "level": "INFO", "logger": "NameTag.BrandGenerator", "message": "  🎨 Logo Design:"}
{"timestamp": "2026-05-18T20:01:20.284870", "level": "INFO", "logger": "NameTag.BrandGenerator", "message": "     brand_name: 온실"}
{"timestamp": "2026-05-18T20:01:20.284870", "level": "INFO", "logger": "NameTag.BrandGenerator", "message": "     brand_topic: 감성 소품 온라인 셀렉샵"}
{"timestamp": "2026-05-18T20:01:20.285869", "level": "INFO", "logger": "NameTag.BrandGenerator", "message": "     core_value: 따뜻함, 안식"}
{"timestamp": "2026-05-18T20:01:20.285869", "level": "INFO", "logger": "NameTag.BrandGenerator", "message": "     target_mood: 포근하고 차분한 무드"}
{"timestamp": "2026-05-18T20:01:20.285869", "level": "INFO", "logger": "NameTag.BrandGenerator", "message": "     symbol_type: 창문과 식물을 결합한 미니멀한 라인 심볼"}
{"timestamp": "2026-05-18T20:01:20.285869", "level": "INFO", "logger": "NameTag.BrandGenerator", "message": "     font_style: 부드러운 세리프체"}
{"timestamp": "2026-05-18T20:01:20.285869", "level": "INFO", "logger": "NameTag.BrandGenerator", "message": "     font_reference: Nanum Myeongjo"}
{"timestamp": "2026-05-18T20:01:20.285869", "level": "INFO", "logger": "NameTag.BrandGenerator", "message": "     font_weight: Medium"}
{"timestamp": "2026-05-18T20:01:20.285869", "level": "INFO", "logger": "NameTag.BrandGenerator", "message": "     brand_color: Warm Beige, Soft Terracotta"}
{"timestamp": "2026-05-18T20:01:20.285869", "level": "INFO", "logger": "NameTag.BrandGenerator", "message": "     logo_type: 심볼형 로고 (Symbol + Wordmark)"}
{"timestamp": "2026-05-18T20:01:20.285869", "level": "INFO", "logger": "NameTag.BrandGenerator", "message": "     background: Cream White"}
{"timestamp": "2026-05-18T20:01:20.285869", "level": "INFO", "logger": "NameTag.BrandGenerator", "message": "\n📝 BRAND 2: 아티크 (Atique)"}
{"timestamp": "2026-05-18T20:01:20.285869", "level": "INFO", "logger": "NameTag.BrandGenerator", "message": "  Meaning: Archive(기록)와 Antique(고전적인)의 합성어로, 시간이 흘러도 변하지 않는 가치를 지닌 물건들을 수집한다는 뜻입니다."}
{"timestamp": "2026-05-18T20:01:20.286869", "level": "INFO", "logger": "NameTag.BrandGenerator", "message": "  Story: 오래도록 곁에 두고 싶은 클래식한 취향을 가진 분들을 위해 선별했습니다. 서랍 속 깊이 간직하고 싶은 보물 같은 소품들을 통해 일상의 품격을 높여줍니다."}
{"timestamp": "2026-05-18T20:01:20.286869", "level": "INFO", "logger": "NameTag.BrandGenerator", "message": "  Slogan: 시간이 지나도 변치 않는 취향의 기록"}
{"timestamp": "2026-05-18T20:01:20.286869", "level": "INFO", "logger": "NameTag.BrandGenerator", "message": "  🔤 Typography:"}
{"timestamp": "2026-05-18T20:01:20.286869", "level": "INFO", "logger": "NameTag.BrandGenerator", "message": "     Korean: 경기바탕"}
{"timestamp": "2026-05-18T20:01:20.286869", "level": "INFO", "logger": "NameTag.BrandGenerator", "message": "     English: Playfair Display"}
{"timestamp": "2026-05-18T20:01:20.286869", "level": "INFO", "logger": "NameTag.BrandGenerator", "message": "     Reason: 높은 대비를 가진 클래식한 서체를 사용하여 30대 여성이 선호하는 고급스럽고 진지한 분위기를 강조합니다."}
{"timestamp": "2026-05-18T20:01:20.286869", "level": "INFO", "logger": "NameTag.BrandGenerator", "message": "  🎭 Character:"}
{"timestamp": "2026-05-18T20:01:20.286869", "level": "INFO", "logger": "NameTag.BrandGenerator", "message": "     Name: 티크 (Tique)"}
{"timestamp": "2026-05-18T20:01:20.286869", "level": "INFO", "logger": "NameTag.BrandGenerator", "message": "     Concept: 오래된 서재의 책상에서 태어난 지혜로운 돋보기 요정"}
{"timestamp": "2026-05-18T20:01:20.286869", "level": "INFO", "logger": "NameTag.BrandGenerator", "message": "     Personality: 꼼꼼함, 클래식한 취향, 관찰력이 좋은"}
{"timestamp": "2026-05-18T20:01:20.286869", "level": "INFO", "logger": "NameTag.BrandGenerator", "message": "     Visual: 황동색 안경을 쓰고 체크무늬 베스트를 입은 작은 신사 모습입니다. 손에는 항상 보물을 발견하기 위한 작은 수첩을 들고 다닙니다."}
{"timestamp": "2026-05-18T20:01:20.287869", "level": "INFO", "logger": "NameTag.BrandGenerator", "message": "  🎨 Logo Design:"}
{"timestamp": "2026-05-18T20:01:20.287869", "level": "INFO", "logger": "NameTag.BrandGenerator", "message": "     brand_name: ATIQUE"}
{"timestamp": "2026-05-18T20:01:20.287869", "level": "INFO", "logger": "NameTag.BrandGenerator", "message": "     brand_topic: 클래식 소품 큐레이션"}
{"timestamp": "2026-05-18T20:01:20.287869", "level": "INFO", "logger": "NameTag.BrandGenerator", "message": "     core_value: 헤리티지, 발견"}
{"timestamp": "2026-05-18T20:01:20.287869", "level": "INFO", "logger": "NameTag.BrandGenerator", "message": "     target_mood: 고전적이고 지적인 무드"}
{"timestamp": "2026-05-18T20:01:20.287869", "level": "INFO", "logger": "NameTag.BrandGenerator", "message": "     symbol_type: 열쇠 구멍 또는 깃펜 모티프의 엠블럼"}
{"timestamp": "2026-05-18T20:01:20.287869", "level": "INFO", "logger": "NameTag.BrandGenerator", "message": "     font_style: 우아한 장식성이 있는 세리프"}
{"timestamp": "2026-05-18T20:01:20.287869", "level": "INFO", "logger": "NameTag.BrandGenerator", "message": "     font_reference: Playfair Display"}
{"timestamp": "2026-05-18T20:01:20.287869", "level": "INFO", "logger": "NameTag.BrandGenerator", "message": "     font_weight: Bold"}
{"timestamp": "2026-05-18T20:01:20.287869", "level": "INFO", "logger": "NameTag.BrandGenerator", "message": "     brand_color: Deep Forest Green, Antique Gold"}
{"timestamp": "2026-05-18T20:01:20.287869", "level": "INFO", "logger": "NameTag.BrandGenerator", "message": "     logo_type: 엠블럼형 로고"}
{"timestamp": "2026-05-18T20:01:20.288869", "level": "INFO", "logger": "NameTag.BrandGenerator", "message": "     background: Deep Charcoal"}
{"timestamp": "2026-05-18T20:01:20.288869", "level": "INFO", "logger": "NameTag.BrandGenerator", "message": "\n📝 BRAND 3: 고요 (Goyo)"}
{"timestamp": "2026-05-18T20:01:20.288869", "level": "INFO", "logger": "NameTag.BrandGenerator", "message": "  Meaning: 아무런 소리 없이 아주 잠잠한 상태를 뜻하며, 바쁜 일상 속에서 자신만의 고요한 시간을 즐기는 라이프스타일을 지향합니다."}
{"timestamp": "2026-05-18T20:01:20.288869", "level": "INFO", "logger": "NameTag.BrandGenerator", "message": "  Story: 복잡한 세상을 잠시 잊고 나만의 작은 취미에 몰입하는 순간을 응원합니다. 미니멀하지만 깊은 감동을 주는 소품들이 당신의 고요한 휴식을 완성합니다."}
{"timestamp": "2026-05-18T20:01:20.288869", "level": "INFO", "logger": "NameTag.BrandGenerator", "message": "  Slogan: 나에게 집중하는 고요한 순간"}
{"timestamp": "2026-05-18T20:01:20.288869", "level": "INFO", "logger": "NameTag.BrandGenerator", "message": "  🔤 Typography:"}
{"timestamp": "2026-05-18T20:01:20.288869", "level": "INFO", "logger": "NameTag.BrandGenerator", "message": "     Korean: 프리텐다드 (Pretendard)"}
{"timestamp": "2026-05-18T20:01:20.288869", "level": "INFO", "logger": "NameTag.BrandGenerator", "message": "     English: DM Sans"}
{"timestamp": "2026-05-18T20:01:20.288869", "level": "INFO", "logger": "NameTag.BrandGenerator", "message": "     Reason: 장식을 배제한 미니멀한 산세리프 서체를 통해 현대적인 감각과 정갈한 진지함을 표현합니다."}
{"timestamp": "2026-05-18T20:01:20.288869", "level": "INFO", "logger": "NameTag.BrandGenerator", "message": "  🎭 Character:"}
{"timestamp": "2026-05-18T20:01:20.288869", "level": "INFO", "logger": "NameTag.BrandGenerator", "message": "     Name: 요요 (Yoyo)"}
{"timestamp": "2026-05-18T20:01:20.289869", "level": "INFO", "logger": "NameTag.BrandGenerator", "message": "     Concept: 잔잔한 호수 위에 떠 있는 매끄러운 조약돌"}
{"timestamp": "2026-05-18T20:01:20.289869", "level": "INFO", "logger": "NameTag.BrandGenerator", "message": "     Personality: 침착함, 단순함, 평화로움"}
{"timestamp": "2026-05-18T20:01:20.289869", "level": "INFO", "logger": "NameTag.BrandGenerator", "message": "     Visual: 회색빛의 매끄러운 곡선 형태를 가진 타원형 캐릭터입니다. 눈은 평온하게 감겨 있으며 주변에 잔잔한 동심원 무늬가 형상화되어 있습니다."}
{"timestamp": "2026-05-18T20:01:20.289869", "level": "INFO", "logger": "NameTag.BrandGenerator", "message": "  🎨 Logo Design:"}
{"timestamp": "2026-05-18T20:01:20.289869", "level": "INFO", "logger": "NameTag.BrandGenerator", "message": "     brand_name: 고요"}
{"timestamp": "2026-05-18T20:01:20.289869", "level": "INFO", "logger": "NameTag.BrandGenerator", "message": "     brand_topic: 미니멀 라이프스타일 샵"}
{"timestamp": "2026-05-18T20:01:20.289869", "level": "INFO", "logger": "NameTag.BrandGenerator", "message": "     core_value: 비움, 몰입"}
{"timestamp": "2026-05-18T20:01:20.289869", "level": "INFO", "logger": "NameTag.BrandGenerator", "message": "     target_mood: 정제되고 미니멀한 무드"}
{"timestamp": "2026-05-18T20:01:20.289869", "level": "INFO", "logger": "NameTag.BrandGenerator", "message": "     symbol_type: 원을 활용한 추상적이고 간결한 기하학 심볼"}
{"timestamp": "2026-05-18T20:01:20.289869", "level": "INFO", "logger": "NameTag.BrandGenerator", "message": "     font_style: 깔끔한 고딕/산세리프체"}
{"timestamp": "2026-05-18T20:01:20.290870", "level": "INFO", "logger": "NameTag.BrandGenerator", "message": "     font_reference: Pretendard"}
{"timestamp": "2026-05-18T20:01:20.290870", "level": "INFO", "logger": "NameTag.BrandGenerator", "message": "     font_weight: Light"}
{"timestamp": "2026-05-18T20:01:20.290870", "level": "INFO", "logger": "NameTag.BrandGenerator", "message": "     brand_color: Stone Grey, Muted Blue"}
{"timestamp": "2026-05-18T20:01:20.290870", "level": "INFO", "logger": "NameTag.BrandGenerator", "message": "     logo_type: 워드마크 중심의 로고"}
{"timestamp": "2026-05-18T20:01:20.290870", "level": "INFO", "logger": "NameTag.BrandGenerator", "message": "     background: Light Grey"}
{"timestamp": "2026-05-18T20:01:20.290870", "level": "INFO", "logger": "NameTag.BrandGenerator", "message": "================================================================================"}
{"timestamp": "2026-05-18T20:01:20.290870", "level": "INFO", "logger": "NameTag.BrandGenerator", "message": "✅ Brand identity generated successfully"}
{"timestamp": "2026-05-18T20:01:20.292870", "level": "INFO", "logger": "NameTag.BrandGenerator", "message": "🚀 Starting logo variable generation (session: 5531753a-cbae-4938-ba86-103a1f68ccf9)"}
{"timestamp": "2026-05-18T20:01:20.293869", "level": "INFO", "logger": "NameTag.Tracker", "message": "Step: init_logo_variables", "variables": {"business_type": "20대를 위한 감성 소품 온라인 셀렉샵", "vibes": ["따뜻한", "클래식한", "미니멀한", "진지한"], "target": "30대 직장 여성, 소소한 취미생활을 즐기고 자신만의 공간을 꾸미는 것에 관심 있는 분들"}, "step": "init_logo_variables", "session_id": "5531753a-cbae-4938-ba86-103a1f68ccf9"}
{"timestamp": "2026-05-18T20:01:20.899031", "level": "INFO", "logger": "NameTag.BrandGenerator", "message": "📝 Requesting logo variables from AI..."}
{"timestamp": "2026-05-18T20:01:20.899031", "level": "INFO", "logger": "NameTag.Tracker", "message": "Step: ai_request", "variables": {"model": "gemini-3-flash-preview"}, "step": "ai_request", "session_id": "5531753a-cbae-4938-ba86-103a1f68ccf9"}
{"timestamp": "2026-05-18T20:01:29.236919", "level": "INFO", "logger": "NameTag.BrandGenerator", "message": "✅ Response saved:"}
{"timestamp": "2026-05-18T20:01:29.236919", "level": "INFO", "logger": "NameTag.BrandGenerator", "message": "   📄 TXT: F:\\workspace\\Name_Tag\\logs\\ai_responses\\logo_variables_20260518_200129_5531753a.txt"}
{"timestamp": "2026-05-18T20:01:29.236919", "level": "INFO", "logger": "NameTag.BrandGenerator", "message": "   📋 JSON: F:\\workspace\\Name_Tag\\logs\\ai_responses\\logo_variables_20260518_200129_5531753a.json"}
{"timestamp": "2026-05-18T20:01:29.236919", "level": "INFO", "logger": "NameTag.BrandGenerator", "message": "===================================================================================================="}
{"timestamp": "2026-05-18T20:01:29.236919", "level": "INFO", "logger": "NameTag.BrandGenerator", "message": "📨 AI FULL RESPONSE (AI 전체 응답)"}
{"timestamp": "2026-05-18T20:01:29.236919", "level": "INFO", "logger": "NameTag.BrandGenerator", "message": "===================================================================================================="}
{"timestamp": "2026-05-18T20:01:29.237916", "level": "INFO", "logger": "NameTag.BrandGenerator", "message": "{"}
{"timestamp": "2026-05-18T20:01:29.237916", "level": "INFO", "logger": "NameTag.BrandGenerator", "message": "  \"brand_identity\": {"}
{"timestamp": "2026-05-18T20:01:29.237916", "level": "INFO", "logger": "NameTag.BrandGenerator", "message": "    \"brand_name\": \"디어누크 (Dear Nook)\","}
{"timestamp": "2026-05-18T20:01:29.237916", "level": "INFO", "logger": "NameTag.BrandGenerator", "message": "    \"brand_name_meaning\": \"일상 속 나만의 소중하고 아늑한 구석(Nook)을 채워주는 다정한 오브제를 제안한다는 의미입니다.\","}
{"timestamp": "2026-05-18T20:01:29.237916", "level": "INFO", "logger": "NameTag.BrandGenerator", "message": "    \"brand_topic\": \"30대 여성의 공간과 취미를 위한 감성 인테리어 소품 큐레이션 셀렉샵\","}
{"timestamp": "2026-05-18T20:01:29.237916", "level": "INFO", "logger": "NameTag.BrandGenerator", "message": "    \"core_value\": \"따뜻한 발견, 정제된 클래식\","}
{"timestamp": "2026-05-18T20:01:29.237916", "level": "INFO", "logger": "NameTag.BrandGenerator", "message": "    \"slogan\": \"나만의 작은 구석, 일상의 따스한 발견\""}
{"timestamp": "2026-05-18T20:01:29.237916", "level": "INFO", "logger": "NameTag.BrandGenerator", "message": "  },"}
{"timestamp": "2026-05-18T20:01:29.237916", "level": "INFO", "logger": "NameTag.BrandGenerator", "message": "  \"logo_variables\": {"}
{"timestamp": "2026-05-18T20:01:29.237916", "level": "INFO", "logger": "NameTag.BrandGenerator", "message": "    \"target_mood\": \"미니멀 & 프리미엄\","}
{"timestamp": "2026-05-18T20:01:29.238919", "level": "INFO", "logger": "NameTag.BrandGenerator", "message": "    \"brand_color\": \"따뜻한 웜 베이지 (#E8E1D5)\","}
{"timestamp": "2026-05-18T20:01:29.238919", "level": "INFO", "logger": "NameTag.BrandGenerator", "message": "    \"font_style\": \"클래식 세리프\","}
{"timestamp": "2026-05-18T20:01:29.238919", "level": "INFO", "logger": "NameTag.BrandGenerator", "message": "    \"symbol_type\": \"유기적\","}
{"timestamp": "2026-05-18T20:01:29.238919", "level": "INFO", "logger": "NameTag.BrandGenerator", "message": "    \"logo_type\": \"심볼+텍스트 조합\","}
{"timestamp": "2026-05-18T20:01:29.238919", "level": "INFO", "logger": "NameTag.BrandGenerator", "message": "    \"background\": \"흰색\""}
{"timestamp": "2026-05-18T20:01:29.238919", "level": "INFO", "logger": "NameTag.BrandGenerator", "message": "  },"}
{"timestamp": "2026-05-18T20:01:29.238919", "level": "INFO", "logger": "NameTag.BrandGenerator", "message": "  \"recommendations_reason\": \"30대 여성 타겟에 맞춰 진지하면서도 우아한 '클래식 세리프' 서체를 선택하고, 공간의 온기를 상징하는 웜 베이지 컬러를 제안했습니다. 정형화되지 않은 '유기적' 형태의 심볼을 통해 일상 속에서 우연히 발견하는 소소한 기쁨과 감성을 시각적으로 표현했습니다.\""}
{"timestamp": "2026-05-18T20:01:29.238919", "level": "INFO", "logger": "NameTag.BrandGenerator", "message": "}"}
{"timestamp": "2026-05-18T20:01:29.238919", "level": "INFO", "logger": "NameTag.BrandGenerator", "message": "===================================================================================================="}
{"timestamp": "2026-05-18T20:01:29.239919", "level": "DEBUG", "logger": "NameTag.Tracker", "message": "Variable set: BRAND_BRAND_NAME", "variables": {"BRAND_BRAND_NAME": "디어누크 (Dear Nook)"}, "session_id": "5531753a-cbae-4938-ba86-103a1f68ccf9"}
{"timestamp": "2026-05-18T20:01:29.239919", "level": "DEBUG", "logger": "NameTag.Tracker", "message": "Variable set: BRAND_BRAND_NAME_MEANING", "variables": {"BRAND_BRAND_NAME_MEANING": "일상 속 나만의 소중하고 아늑한 구석(Nook)을 채워주는 다정한 오브제를 제안한다는 의미입니다."}, "session_id": "5531753a-cbae-4938-ba86-103a1f68ccf9"}
{"timestamp": "2026-05-18T20:01:29.239919", "level": "DEBUG", "logger": "NameTag.Tracker", "message": "Variable set: BRAND_BRAND_TOPIC", "variables": {"BRAND_BRAND_TOPIC": "30대 여성의 공간과 취미를 위한 감성 인테리어 소품 큐레이션 셀렉샵"}, "session_id": "5531753a-cbae-4938-ba86-103a1f68ccf9"}
{"timestamp": "2026-05-18T20:01:29.240918", "level": "DEBUG", "logger": "NameTag.Tracker", "message": "Variable set: BRAND_CORE_VALUE", "variables": {"BRAND_CORE_VALUE": "따뜻한 발견, 정제된 클래식"}, "session_id": "5531753a-cbae-4938-ba86-103a1f68ccf9"}
{"timestamp": "2026-05-18T20:01:29.240918", "level": "DEBUG", "logger": "NameTag.Tracker", "message": "Variable set: BRAND_SLOGAN", "variables": {"BRAND_SLOGAN": "나만의 작은 구석, 일상의 따스한 발견"}, "session_id": "5531753a-cbae-4938-ba86-103a1f68ccf9"}
{"timestamp": "2026-05-18T20:01:29.240918", "level": "DEBUG", "logger": "NameTag.Tracker", "message": "Variable set: LOGO_TARGET_MOOD", "variables": {"LOGO_TARGET_MOOD": "미니멀 & 프리미엄"}, "session_id": "5531753a-cbae-4938-ba86-103a1f68ccf9"}
{"timestamp": "2026-05-18T20:01:29.241920", "level": "DEBUG", "logger": "NameTag.Tracker", "message": "Variable set: LOGO_BRAND_COLOR", "variables": {"LOGO_BRAND_COLOR": "따뜻한 웜 베이지 (#E8E1D5)"}, "session_id": "5531753a-cbae-4938-ba86-103a1f68ccf9"}
{"timestamp": "2026-05-18T20:01:29.241920", "level": "DEBUG", "logger": "NameTag.Tracker", "message": "Variable set: LOGO_FONT_STYLE", "variables": {"LOGO_FONT_STYLE": "클래식 세리프"}, "session_id": "5531753a-cbae-4938-ba86-103a1f68ccf9"}
{"timestamp": "2026-05-18T20:01:29.241920", "level": "DEBUG", "logger": "NameTag.Tracker", "message": "Variable set: LOGO_SYMBOL_TYPE", "variables": {"LOGO_SYMBOL_TYPE": "유기적"}, "session_id": "5531753a-cbae-4938-ba86-103a1f68ccf9"}
{"timestamp": "2026-05-18T20:01:29.242919", "level": "DEBUG", "logger": "NameTag.Tracker", "message": "Variable set: LOGO_LOGO_TYPE", "variables": {"LOGO_LOGO_TYPE": "심볼+텍스트 조합"}, "session_id": "5531753a-cbae-4938-ba86-103a1f68ccf9"}
{"timestamp": "2026-05-18T20:01:29.242919", "level": "DEBUG", "logger": "NameTag.Tracker", "message": "Variable set: LOGO_BACKGROUND", "variables": {"LOGO_BACKGROUND": "흰색"}, "session_id": "5531753a-cbae-4938-ba86-103a1f68ccf9"}
{"timestamp": "2026-05-18T20:01:29.242919", "level": "INFO", "logger": "NameTag.BrandGenerator", "message": "✅ Mood-based defaults applied for: 미니멀 & 프리미엄"}
{"timestamp": "2026-05-18T20:01:29.242919", "level": "INFO", "logger": "NameTag.Tracker", "message": "Step: variables_compiled", "variables": {"brand_variables": 5, "logo_variables": 6}, "step": "variables_compiled", "session_id": "5531753a-cbae-4938-ba86-103a1f68ccf9"}
{"timestamp": "2026-05-18T20:01:29.242919", "level": "INFO", "logger": "NameTag.BrandGenerator", "message": "✅ Logo variables generated successfully"}
{"timestamp": "2026-05-18T20:01:29.243918", "level": "INFO", "logger": "NameTag.BrandGenerator", "message": "📊 Tracked Variables: {'BRAND_1_NAME': '온실 (Onsil)', 'BRAND_1_MEANING': '따뜻할 온(溫)과 방 실(室)을 결합하여, 일상에 온기를 채우는 나만의 작은 방을 의미합니다.', 'BRAND_1_STORY': '바쁜 업무를 마치고 돌아온 30대 여성의 공간에 따뜻한 햇살 같은 소품을 제안합니다. 우리가 직접 고른 물건들이 당신의 차가운 일상을 온화하게 변화시키기를 꿈꿉니다.', 'BRAND_1_SLOGAN': '당신의 공간에 온기를 채우는 사소한 발견', 'BRAND_1_TYPOGRAPHY_KOREAN': '나눔명조', 'BRAND_1_TYPOGRAPHY_ENGLISH': 'Lora', 'BRAND_1_TYPOGRAPHY_REASON': '명조체의 클래식한 우아함과 부드러운 곡선이 브랜드의 따뜻하고 진지한 감성을 동시에 전달합니다.', 'BRAND_1_CHARACTER_NAME': '온이 (Oni)', 'BRAND_1_CHARACTER_CONCEPT': '따뜻한 차가 담긴 찻잔에서 피어오른 작은 온기 요정', 'BRAND_1_CHARACTER_PERSONALITY': '차분함, 사색적인, 다정한', 'BRAND_1_CHARACTER_VISUAL': '아이보리색의 몽글몽글한 형체로, 머리 위에 작은 새싹이 돋아나 있습니다. 늘 따뜻한 김이 모락모락 피어오르는 듯한 부드러운 외곽선을 가졌습니다.', 'BRAND_1_LOGO_DESIGN_BRAND_NAME': '온실', 'BRAND_1_LOGO_DESIGN_BRAND_TOPIC': '감성 소품 온라인 셀렉샵', 'BRAND_1_LOGO_DESIGN_CORE_VALUE': '따뜻함, 안식', 'BRAND_1_LOGO_DESIGN_TARGET_MOOD': '포근하고 차분한 무드', 'BRAND_1_LOGO_DESIGN_SYMBOL_TYPE': '창문과 식물을 결합한 미니멀한 라인 심볼', 'BRAND_1_LOGO_DESIGN_FONT_STYLE': '부드러운 세리프체', 'BRAND_1_LOGO_DESIGN_FONT_REFERENCE': 'Nanum Myeongjo', 'BRAND_1_LOGO_DESIGN_FONT_WEIGHT': 'Medium', 'BRAND_1_LOGO_DESIGN_BRAND_COLOR': 'Warm Beige, Soft Terracotta', 'BRAND_1_LOGO_DESIGN_LOGO_TYPE': '심볼형 로고 (Symbol + Wordmark)', 'BRAND_1_LOGO_DESIGN_BACKGROUND': 'Cream White', 'BRAND_2_NAME': '아티크 (Atique)', 'BRAND_2_MEANING': 'Archive(기록)와 Antique(고전적인)의 합성어로, 시간이 흘러도 변하지 않는 가치를 지닌 물건들을 수집한다는 뜻입니다.', 'BRAND_2_STORY': '오래도록 곁에 두고 싶은 클래식한 취향을 가진 분들을 위해 선별했습니다. 서랍 속 깊이 간직하고 싶은 보물 같은 소품들을 통해 일상의 품격을 높여줍니다.', 'BRAND_2_SLOGAN': '시간이 지나도 변치 않는 취향의 기록', 'BRAND_2_TYPOGRAPHY_KOREAN': '경기바탕', 'BRAND_2_TYPOGRAPHY_ENGLISH': 'Playfair Display', 'BRAND_2_TYPOGRAPHY_REASON': '높은 대비를 가진 클래식한 서체를 사용하여 30대 여성이 선호하는 고급스럽고 진지한 분위기를 강조합니다.', 'BRAND_2_CHARACTER_NAME': '티크 (Tique)', 'BRAND_2_CHARACTER_CONCEPT': '오래된 서재의 책상에서 태어난 지혜로운 돋보기 요정', 'BRAND_2_CHARACTER_PERSONALITY': '꼼꼼함, 클래식한 취향, 관찰력이 좋은', 'BRAND_2_CHARACTER_VISUAL': '황동색 안경을 쓰고 체크무늬 베스트를 입은 작은 신사 모습입니다. 손에는 항상 보물을 발견하기 위한 작은 수첩을 들고 다닙니다.', 'BRAND_2_LOGO_DESIGN_BRAND_NAME': 'ATIQUE', 'BRAND_2_LOGO_DESIGN_BRAND_TOPIC': '클래식 소품 큐레이션', 'BRAND_2_LOGO_DESIGN_CORE_VALUE': '헤리티지, 발견', 'BRAND_2_LOGO_DESIGN_TARGET_MOOD': '고전적이고 지적인 무드', 'BRAND_2_LOGO_DESIGN_SYMBOL_TYPE': '열쇠 구멍 또는 깃펜 모티프의 엠블럼', 'BRAND_2_LOGO_DESIGN_FONT_STYLE': '우아한 장식성이 있는 세리프', 'BRAND_2_LOGO_DESIGN_FONT_REFERENCE': 'Playfair Display', 'BRAND_2_LOGO_DESIGN_FONT_WEIGHT': 'Bold', 'BRAND_2_LOGO_DESIGN_BRAND_COLOR': 'Deep Forest Green, Antique Gold', 'BRAND_2_LOGO_DESIGN_LOGO_TYPE': '엠블럼형 로고', 'BRAND_2_LOGO_DESIGN_BACKGROUND': 'Deep Charcoal', 'BRAND_3_NAME': '고요 (Goyo)', 'BRAND_3_MEANING': '아무런 소리 없이 아주 잠잠한 상태를 뜻하며, 바쁜 일상 속에서 자신만의 고요한 시간을 즐기는 라이프스타일을 지향합니다.', 'BRAND_3_STORY': '복잡한 세상을 잠시 잊고 나만의 작은 취미에 몰입하는 순간을 응원합니다. 미니멀하지만 깊은 감동을 주는 소품들이 당신의 고요한 휴식을 완성합니다.', 'BRAND_3_SLOGAN': '나에게 집중하는 고요한 순간', 'BRAND_3_TYPOGRAPHY_KOREAN': '프리텐다드 (Pretendard)', 'BRAND_3_TYPOGRAPHY_ENGLISH': 'DM Sans', 'BRAND_3_TYPOGRAPHY_REASON': '장식을 배제한 미니멀한 산세리프 서체를 통해 현대적인 감각과 정갈한 진지함을 표현합니다.', 'BRAND_3_CHARACTER_NAME': '요요 (Yoyo)', 'BRAND_3_CHARACTER_CONCEPT': '잔잔한 호수 위에 떠 있는 매끄러운 조약돌', 'BRAND_3_CHARACTER_PERSONALITY': '침착함, 단순함, 평화로움', 'BRAND_3_CHARACTER_VISUAL': '회색빛의 매끄러운 곡선 형태를 가진 타원형 캐릭터입니다. 눈은 평온하게 감겨 있으며 주변에 잔잔한 동심원 무늬가 형상화되어 있습니다.', 'BRAND_3_LOGO_DESIGN_BRAND_NAME': '고요', 'BRAND_3_LOGO_DESIGN_BRAND_TOPIC': '미니멀 라이프스타일 샵', 'BRAND_3_LOGO_DESIGN_CORE_VALUE': '비움, 몰입', 'BRAND_3_LOGO_DESIGN_TARGET_MOOD': '정제되고 미니멀한 무드', 'BRAND_3_LOGO_DESIGN_SYMBOL_TYPE': '원을 활용한 추상적이고 간결한 기하학 심볼', 'BRAND_3_LOGO_DESIGN_FONT_STYLE': '깔끔한 고딕/산세리프체', 'BRAND_3_LOGO_DESIGN_FONT_REFERENCE': 'Pretendard', 'BRAND_3_LOGO_DESIGN_FONT_WEIGHT': 'Light', 'BRAND_3_LOGO_DESIGN_BRAND_COLOR': 'Stone Grey, Muted Blue', 'BRAND_3_LOGO_DESIGN_LOGO_TYPE': '워드마크 중심의 로고', 'BRAND_3_LOGO_DESIGN_BACKGROUND': 'Light Grey', 'BRAND_BRAND_NAME': '디어누크 (Dear Nook)', 'BRAND_BRAND_NAME_MEANING': '일상 속 나만의 소중하고 아늑한 구석(Nook)을 채워주는 다정한 오브제를 제안한다는 의미입니다.', 'BRAND_BRAND_TOPIC': '30대 여성의 공간과 취미를 위한 감성 인테리어 소품 큐레이션 셀렉샵', 'BRAND_CORE_VALUE': '따뜻한 발견, 정제된 클래식', 'BRAND_SLOGAN': '나만의 작은 구석, 일상의 따스한 발견', 'LOGO_TARGET_MOOD': '미니멀 & 프리미엄', 'LOGO_BRAND_COLOR': '따뜻한 웜 베이지 (#E8E1D5)', 'LOGO_FONT_STYLE': '클래식 세리프', 'LOGO_SYMBOL_TYPE': '유기적', 'LOGO_LOGO_TYPE': '심볼+텍스트 조합', 'LOGO_BACKGROUND': '흰색'}"}
{"timestamp": "2026-05-18T20:01:29.244918", "level": "INFO", "logger": "NameTag.App", "message": "✅ Generation completed for session: 5531753a-cbae-4938-ba86-103a1f68ccf9"}
{"timestamp": "2026-05-18T20:07:01.677424", "level": "INFO", "logger": "NameTag.BrandGenerator", "message": "🚀 Starting brand identity generation (session: 10cc2b5f-f52b-484b-bd7b-6ee7128f8027)"}
{"timestamp": "2026-05-18T20:07:56.378384", "level": "INFO", "logger": "NameTag.BrandGenerator", "message": "🚀 Starting brand identity generation (session: 698c4e81-af7f-42d4-95a8-6a6f22e3ff1d)"}
{"timestamp": "2026-05-18T20:08:13.475652", "level": "INFO", "logger": "NameTag.BrandGenerator", "message": "✅ Response saved:"}
{"timestamp": "2026-05-18T20:08:13.475652", "level": "INFO", "logger": "NameTag.BrandGenerator", "message": "   📄 TXT: F:\\workspace\\Name_Tag\\logs\\ai_responses\\brand_identity_20260518_200813_698c4e81.txt"}
{"timestamp": "2026-05-18T20:08:13.476650", "level": "INFO", "logger": "NameTag.BrandGenerator", "message": "   📋 JSON: F:\\workspace\\Name_Tag\\logs\\ai_responses\\brand_identity_20260518_200813_698c4e81.json"}
{"timestamp": "2026-05-18T20:08:13.476650", "level": "INFO", "logger": "NameTag.BrandGenerator", "message": "===================================================================================================="}
{"timestamp": "2026-05-18T20:08:13.476650", "level": "INFO", "logger": "NameTag.BrandGenerator", "message": "📨 AI FULL RESPONSE (AI 전체 응답)"}
{"timestamp": "2026-05-18T20:08:13.476650", "level": "INFO", "logger": "NameTag.BrandGenerator", "message": "===================================================================================================="}
{"timestamp": "2026-05-18T20:08:13.476650", "level": "INFO", "logger": "NameTag.BrandGenerator", "message": "{"}
{"timestamp": "2026-05-18T20:08:13.476650", "level": "INFO", "logger": "NameTag.BrandGenerator", "message": "  \"brands\": ["}
{"timestamp": "2026-05-18T20:08:13.476650", "level": "INFO", "logger": "NameTag.BrandGenerator", "message": "    {"}
{"timestamp": "2026-05-18T20:08:13.476650", "level": "INFO", "logger": "NameTag.BrandGenerator", "message": "      \"name\": \"온기담(Ongidam)\","}
{"timestamp": "2026-05-18T20:08:13.477648", "level": "INFO", "logger": "NameTag.BrandGenerator", "message": "      \"meaning\": \"'온기(Warmth)'를 '담다(Contain)'는 뜻으로, 일상의 차가움을 녹여주는 소품을 큐레이션한다는 의미입니다.\","}
{"timestamp": "2026-05-18T20:08:13.477648", "level": "INFO", "logger": "NameTag.BrandGenerator", "message": "      \"story\": \"지친 퇴근길, 현관문을 열었을 때 나를 반기는 작은 소품 하나가 주는 위로가 있습니다. 온기담은 당신의 공간이 가장 따뜻한 휴식처가 될 수 있도록, 정성이 깃든 물건들을 세심하게 골라 제안합니다.\","}
{"timestamp": "2026-05-18T20:08:13.477648", "level": "INFO", "logger": "NameTag.BrandGenerator", "message": "      \"slogan\": \"당신의 일상에 온기를 채우는 작은 발견\","}
{"timestamp": "2026-05-18T20:08:13.477648", "level": "INFO", "logger": "NameTag.BrandGenerator", "message": "      \"typography\": {"}
{"timestamp": "2026-05-18T20:08:13.477648", "level": "INFO", "logger": "NameTag.BrandGenerator", "message": "        \"korean\": \"나눔명조 (Nanum Myeongjo)\","}
{"timestamp": "2026-05-18T20:08:13.477648", "level": "INFO", "logger": "NameTag.BrandGenerator", "message": "        \"english\": \"Cormorant Garamond\","}
{"timestamp": "2026-05-18T20:08:13.477648", "level": "INFO", "logger": "NameTag.BrandGenerator", "message": "        \"reason\": \"명조체의 정갈함이 진지하면서도 따뜻한 브랜드의 이미지를 전달하며, 클래식한 영문 서체가 신뢰감을 더해줍니다.\""}
{"timestamp": "2026-05-18T20:08:13.477648", "level": "INFO", "logger": "NameTag.BrandGenerator", "message": "      },"}
{"timestamp": "2026-05-18T20:08:13.477648", "level": "INFO", "logger": "NameTag.BrandGenerator", "message": "      \"character\": {"}
{"timestamp": "2026-05-18T20:08:13.477648", "level": "INFO", "logger": "NameTag.BrandGenerator", "message": "        \"name\": \"담이\","}
{"timestamp": "2026-05-18T20:08:13.478649", "level": "INFO", "logger": "NameTag.BrandGenerator", "message": "        \"concept\": \"따뜻한 차 한 잔을 든 채 일상을 관찰하는 작은 다람쥐\","}
{"timestamp": "2026-05-18T20:08:13.478649", "level": "INFO", "logger": "NameTag.BrandGenerator", "message": "        \"personality\": \"차분한, 사색적인, 다정한\","}
{"timestamp": "2026-05-18T20:08:13.478649", "level": "INFO", "logger": "NameTag.BrandGenerator", "message": "        \"visual\": \"부드러운 베이지색 털을 가졌으며, 작은 안경을 쓰고 있습니다. 항상 무언가 소중한 것을 품에 안고 다니는 포근한 실루엣의 캐릭터입니다.\""}
{"timestamp": "2026-05-18T20:08:13.478649", "level": "INFO", "logger": "NameTag.BrandGenerator", "message": "      },"}
{"timestamp": "2026-05-18T20:08:13.478649", "level": "INFO", "logger": "NameTag.BrandGenerator", "message": "      \"logo_design\": {"}
{"timestamp": "2026-05-18T20:08:13.478649", "level": "INFO", "logger": "NameTag.BrandGenerator", "message": "        \"brand_name\": \"온기담\","}
{"timestamp": "2026-05-18T20:08:13.478649", "level": "INFO", "logger": "NameTag.BrandGenerator", "message": "        \"brand_topic\": \"감성 소품 온라인 셀렉샵\","}
{"timestamp": "2026-05-18T20:08:13.478649", "level": "INFO", "logger": "NameTag.BrandGenerator", "message": "        \"core_value\": \"따뜻함, 일상의 위로\","}
{"timestamp": "2026-05-18T20:08:13.478649", "level": "INFO", "logger": "NameTag.BrandGenerator", "message": "        \"target_mood\": \"포근하고 정갈한 클래식\","}
{"timestamp": "2026-05-18T20:08:13.479651", "level": "INFO", "logger": "NameTag.BrandGenerator", "message": "        \"symbol_type\": \"찻잔이나 보자기 형태를 형상화한 미니멀한 심볼\","}
{"timestamp": "2026-05-18T20:08:13.479651", "level": "INFO", "logger": "NameTag.BrandGenerator", "message": "        \"font_style\": \"전통적인 명조 계열의 우아한 느낌\","}
{"timestamp": "2026-05-18T20:08:13.479651", "level": "INFO", "logger": "NameTag.BrandGenerator", "message": "        \"font_reference\": \"바탕체, 본명조\","}
{"timestamp": "2026-05-18T20:08:13.479651", "level": "INFO", "logger": "NameTag.BrandGenerator", "message": "        \"font_weight\": \"Medium\","}
{"timestamp": "2026-05-18T20:08:13.479651", "level": "INFO", "logger": "NameTag.BrandGenerator", "message": "        \"brand_color\": \"Warm Beige, Deep Brown\","}
{"timestamp": "2026-05-18T20:08:13.479651", "level": "INFO", "logger": "NameTag.BrandGenerator", "message": "        \"logo_type\": \"심볼과 텍스트가 결합된 가로형\","}
{"timestamp": "2026-05-18T20:08:13.479651", "level": "INFO", "logger": "NameTag.BrandGenerator", "message": "        \"background\": \"Ivory\""}
{"timestamp": "2026-05-18T20:08:13.479651", "level": "INFO", "logger": "NameTag.BrandGenerator", "message": "      }"}
{"timestamp": "2026-05-18T20:08:13.479651", "level": "INFO", "logger": "NameTag.BrandGenerator", "message": "    },"}
{"timestamp": "2026-05-18T20:08:13.479651", "level": "INFO", "logger": "NameTag.BrandGenerator", "message": "    {"}
{"timestamp": "2026-05-18T20:08:13.479651", "level": "INFO", "logger": "NameTag.BrandGenerator", "message": "      \"name\": \"아카이브 르네(Archive Rene)\","}
{"timestamp": "2026-05-18T20:08:13.479651", "level": "INFO", "logger": "NameTag.BrandGenerator", "message": "      \"meaning\": \"'기록(Archive)'과 '다시 태어나다(Rene)'의 합성어로, 고전적인 가치를 현대적 감각으로 재발견한다는 의미입니다.\","}
{"timestamp": "2026-05-18T20:08:13.480649", "level": "INFO", "logger": "NameTag.BrandGenerator", "message": "      \"story\": \"유행은 변하지만 당신의 취향은 선명하게 남아야 합니다. 아카이브 르네는 시간이 흐를수록 깊이를 더하는 클래식한 소품들을 통해 30대 여성의 성숙하고 진지한 라이프스타일을 지지합니다.\","}
{"timestamp": "2026-05-18T20:08:13.480649", "level": "INFO", "logger": "NameTag.BrandGenerator", "message": "      \"slogan\": \"시간이 흘러도 변치 않는 당신만의 취향 기록\","}
{"timestamp": "2026-05-18T20:08:13.480649", "level": "INFO", "logger": "NameTag.BrandGenerator", "message": "      \"typography\": {"}
{"timestamp": "2026-05-18T20:08:13.480649", "level": "INFO", "logger": "NameTag.BrandGenerator", "message": "        \"korean\": \"본명조 (Source Han Serif)\","}
{"timestamp": "2026-05-18T20:08:13.480649", "level": "INFO", "logger": "NameTag.BrandGenerator", "message": "        \"english\": \"Playfair Display\","}
{"timestamp": "2026-05-18T20:08:13.480649", "level": "INFO", "logger": "NameTag.BrandGenerator", "message": "        \"reason\": \"직선과 곡선이 조화로운 본명조는 진지한 브랜드 태도를 보여주며, 세련된 영문 서체는 고급스러운 감성을 강조합니다.\""}
{"timestamp": "2026-05-18T20:08:13.480649", "level": "INFO", "logger": "NameTag.BrandGenerator", "message": "      },"}
{"timestamp": "2026-05-18T20:08:13.480649", "level": "INFO", "logger": "NameTag.BrandGenerator", "message": "      \"character\": {"}
{"timestamp": "2026-05-18T20:08:13.480649", "level": "INFO", "logger": "NameTag.BrandGenerator", "message": "        \"name\": \"르네\","}
{"timestamp": "2026-05-18T20:08:13.480649", "level": "INFO", "logger": "NameTag.BrandGenerator", "message": "        \"concept\": \"오래된 도서관의 사서 같은 고양이\","}
{"timestamp": "2026-05-18T20:08:13.481651", "level": "INFO", "logger": "NameTag.BrandGenerator", "message": "        \"personality\": \"꼼꼼한, 우아한, 신중한\","}
{"timestamp": "2026-05-18T20:08:13.481651", "level": "INFO", "logger": "NameTag.BrandGenerator", "message": "        \"visual\": \"단정한 네이비색 리본을 매고 있으며, 긴 꼬리로 소중한 물건을 감싸 안는 모습입니다. 발걸음이 조용하고 눈매가 깊은 샴고양이의 형상입니다.\""}
{"timestamp": "2026-05-18T20:08:13.481651", "level": "INFO", "logger": "NameTag.BrandGenerator", "message": "      },"}
{"timestamp": "2026-05-18T20:08:13.481651", "level": "INFO", "logger": "NameTag.BrandGenerator", "message": "      \"logo_design\": {"}
{"timestamp": "2026-05-18T20:08:13.481651", "level": "INFO", "logger": "NameTag.BrandGenerator", "message": "        \"brand_name\": \"Archive Rene\","}
{"timestamp": "2026-05-18T20:08:13.481651", "level": "INFO", "logger": "NameTag.BrandGenerator", "message": "        \"brand_topic\": \"클래식 소품 큐레이션\","}
{"timestamp": "2026-05-18T20:08:13.481651", "level": "INFO", "logger": "NameTag.BrandGenerator", "message": "        \"core_value\": \"영속성, 클래식\","}
{"timestamp": "2026-05-18T20:08:13.481651", "level": "INFO", "logger": "NameTag.BrandGenerator", "message": "        \"target_mood\": \"세련되고 지적인 미니멀리즘\","}
{"timestamp": "2026-05-18T20:08:13.481651", "level": "INFO", "logger": "NameTag.BrandGenerator", "message": "        \"symbol_type\": \"책갈피나 깃펜을 형상화한 직선적인 로고\","}
{"timestamp": "2026-05-18T20:08:13.481651", "level": "INFO", "logger": "NameTag.BrandGenerator", "message": "        \"font_style\": \"세리프가 강조된 세련된 서체\","}
{"timestamp": "2026-05-18T20:08:13.481651", "level": "INFO", "logger": "NameTag.BrandGenerator", "message": "        \"font_reference\": \"Didot, Bodoni\","}
{"timestamp": "2026-05-18T20:08:13.482652", "level": "INFO", "logger": "NameTag.BrandGenerator", "message": "        \"font_weight\": \"Bold\","}
{"timestamp": "2026-05-18T20:08:13.482652", "level": "INFO", "logger": "NameTag.BrandGenerator", "message": "        \"brand_color\": \"Midnight Blue, Champagne Gold\","}
{"timestamp": "2026-05-18T20:08:13.482652", "level": "INFO", "logger": "NameTag.BrandGenerator", "message": "        \"logo_type\": \"영문 중심의 워드마크\","}
{"timestamp": "2026-05-18T20:08:13.482652", "level": "INFO", "logger": "NameTag.BrandGenerator", "message": "        \"background\": \"Cream\""}
{"timestamp": "2026-05-18T20:08:13.482652", "level": "INFO", "logger": "NameTag.BrandGenerator", "message": "      }"}
{"timestamp": "2026-05-18T20:08:13.482652", "level": "INFO", "logger": "NameTag.BrandGenerator", "message": "    },"}
{"timestamp": "2026-05-18T20:08:13.482652", "level": "INFO", "logger": "NameTag.BrandGenerator", "message": "    {"}
{"timestamp": "2026-05-18T20:08:13.482652", "level": "INFO", "logger": "NameTag.BrandGenerator", "message": "      \"name\": \"오디네르(Ordinaire)\","}
{"timestamp": "2026-05-18T20:08:13.482652", "level": "INFO", "logger": "NameTag.BrandGenerator", "message": "      \"meaning\": \"프랑스어로 '일상적인'을 뜻하며, 평범한 매일 속에서 특별한 아름다움을 발견하고자 하는 의지를 담았습니다.\","}
{"timestamp": "2026-05-18T20:08:13.482652", "level": "INFO", "logger": "NameTag.BrandGenerator", "message": "      \"story\": \"특별한 날을 기다리기보다 오늘 하루를 특별하게 만드는 법을 고민합니다. 오디네르는 당신의 책상 위, 침대 옆 작은 공간에서 시작되는 소박하지만 밀도 있는 행복을 제안합니다.\","}
{"timestamp": "2026-05-18T20:08:13.483648", "level": "INFO", "logger": "NameTag.BrandGenerator", "message": "      \"slogan\": \"평범한 하루를 빛내는 미니멀한 조각들\","}
{"timestamp": "2026-05-18T20:08:13.483648", "level": "INFO", "logger": "NameTag.BrandGenerator", "message": "      \"typography\": {"}
{"timestamp": "2026-05-18T20:08:13.483648", "level": "INFO", "logger": "NameTag.BrandGenerator", "message": "        \"korean\": \"프리텐다드 (Pretendard)\","}
{"timestamp": "2026-05-18T20:08:13.483648", "level": "INFO", "logger": "NameTag.BrandGenerator", "message": "        \"english\": \"Montserrat\","}
{"timestamp": "2026-05-18T20:08:13.483648", "level": "INFO", "logger": "NameTag.BrandGenerator", "message": "        \"reason\": \"군더더기 없는 미니멀한 산세리프 서체를 통해 현대적이고 깔끔한 취향을 가진 타겟의 선호도를 반영했습니다.\""}
{"timestamp": "2026-05-18T20:08:13.483648", "level": "INFO", "logger": "NameTag.BrandGenerator", "message": "      },"}
{"timestamp": "2026-05-18T20:08:13.483648", "level": "INFO", "logger": "NameTag.BrandGenerator", "message": "      \"character\": {"}
{"timestamp": "2026-05-18T20:08:13.483648", "level": "INFO", "logger": "NameTag.BrandGenerator", "message": "        \"name\": \"오디\","}
{"timestamp": "2026-05-18T20:08:13.483648", "level": "INFO", "logger": "NameTag.BrandGenerator", "message": "        \"concept\": \"일상의 조각을 모으는 작은 빛의 정령\","}
{"timestamp": "2026-05-18T20:08:13.483648", "level": "INFO", "logger": "NameTag.BrandGenerator", "message": "        \"personality\": \"순수한, 차분한, 관찰력이 좋은\","}
{"timestamp": "2026-05-18T20:08:13.484649", "level": "INFO", "logger": "NameTag.BrandGenerator", "message": "        \"visual\": \"반투명하고 둥글둥글한 실루엣을 가진 작은 빛의 형체입니다. 주변 환경에 따라 은은하게 색이 변하며 소품들 사이에 자연스럽게 녹아드는 모습입니다.\""}
{"timestamp": "2026-05-18T20:08:13.484649", "level": "INFO", "logger": "NameTag.BrandGenerator", "message": "      },"}
{"timestamp": "2026-05-18T20:08:13.484649", "level": "INFO", "logger": "NameTag.BrandGenerator", "message": "      \"logo_design\": {"}
{"timestamp": "2026-05-18T20:08:13.484649", "level": "INFO", "logger": "NameTag.BrandGenerator", "message": "        \"brand_name\": \"Ordinaire\","}
{"timestamp": "2026-05-18T20:08:13.484649", "level": "INFO", "logger": "NameTag.BrandGenerator", "message": "        \"brand_topic\": \"미니멀 감성 소품샵\","}
{"timestamp": "2026-05-18T20:08:13.484649", "level": "INFO", "logger": "NameTag.BrandGenerator", "message": "        \"core_value\": \"미니멀리즘, 일상의 미학\","}
{"timestamp": "2026-05-18T20:08:13.484649", "level": "INFO", "logger": "NameTag.BrandGenerator", "message": "        \"target_mood\": \"깨끗하고 고요한 감성\","}
{"timestamp": "2026-05-18T20:08:13.484649", "level": "INFO", "logger": "NameTag.BrandGenerator", "message": "        \"symbol_type\": \"원과 선으로 이루어진 극도로 단순한 기하학적 심볼\","}
{"timestamp": "2026-05-18T20:08:13.484649", "level": "INFO", "logger": "NameTag.BrandGenerator", "message": "        \"font_style\": \"현대적이고 정갈한 산세리프\","}
{"timestamp": "2026-05-18T20:08:13.484649", "level": "INFO", "logger": "NameTag.BrandGenerator", "message": "        \"font_reference\": \"Helvetica, Futura\","}
{"timestamp": "2026-05-18T20:08:13.485651", "level": "INFO", "logger": "NameTag.BrandGenerator", "message": "        \"font_weight\": \"Light\","}
{"timestamp": "2026-05-18T20:08:13.485651", "level": "INFO", "logger": "NameTag.BrandGenerator", "message": "        \"brand_color\": \"Soft Gray, Sage Green\","}
{"timestamp": "2026-05-18T20:08:13.485651", "level": "INFO", "logger": "NameTag.BrandGenerator", "message": "        \"logo_type\": \"심볼과 워드마크의 상하 조합\","}
{"timestamp": "2026-05-18T20:08:13.485651", "level": "INFO", "logger": "NameTag.BrandGenerator", "message": "        \"background\": \"White\""}
{"timestamp": "2026-05-18T20:08:13.485651", "level": "INFO", "logger": "NameTag.BrandGenerator", "message": "      }"}
{"timestamp": "2026-05-18T20:08:13.485651", "level": "INFO", "logger": "NameTag.BrandGenerator", "message": "    }"}
{"timestamp": "2026-05-18T20:08:13.485651", "level": "INFO", "logger": "NameTag.BrandGenerator", "message": "  ]"}
{"timestamp": "2026-05-18T20:08:13.485651", "level": "INFO", "logger": "NameTag.BrandGenerator", "message": "}"}
{"timestamp": "2026-05-18T20:08:13.485651", "level": "INFO", "logger": "NameTag.BrandGenerator", "message": "===================================================================================================="}
{"timestamp": "2026-05-18T20:08:13.486649", "level": "DEBUG", "logger": "NameTag.Tracker", "message": "Variable set: BRAND_1_NAME", "variables": {"BRAND_1_NAME": "온기담(Ongidam)"}, "session_id": "698c4e81-af7f-42d4-95a8-6a6f22e3ff1d"}
{"timestamp": "2026-05-18T20:08:13.486649", "level": "DEBUG", "logger": "NameTag.Tracker", "message": "Variable set: BRAND_1_MEANING", "variables": {"BRAND_1_MEANING": "'온기(Warmth)'를 '담다(Contain)'는 뜻으로, 일상의 차가움을 녹여주는 소품을 큐레이션한다는 의미입니다."}, "session_id": "698c4e81-af7f-42d4-95a8-6a6f22e3ff1d"}
{"timestamp": "2026-05-18T20:08:13.486649", "level": "DEBUG", "logger": "NameTag.Tracker", "message": "Variable set: BRAND_1_STORY", "variables": {"BRAND_1_STORY": "지친 퇴근길, 현관문을 열었을 때 나를 반기는 작은 소품 하나가 주는 위로가 있습니다. 온기담은 당신의 공간이 가장 따뜻한 휴식처가 될 수 있도록, 정성이 깃든 물건들을 세심하게 골라 제안합니다."}, "session_id": "698c4e81-af7f-42d4-95a8-6a6f22e3ff1d"}
{"timestamp": "2026-05-18T20:08:13.487965", "level": "DEBUG", "logger": "NameTag.Tracker", "message": "Variable set: BRAND_1_SLOGAN", "variables": {"BRAND_1_SLOGAN": "당신의 일상에 온기를 채우는 작은 발견"}, "session_id": "698c4e81-af7f-42d4-95a8-6a6f22e3ff1d"}
{"timestamp": "2026-05-18T20:08:13.488493", "level": "DEBUG", "logger": "NameTag.Tracker", "message": "Variable set: BRAND_1_TYPOGRAPHY_KOREAN", "variables": {"BRAND_1_TYPOGRAPHY_KOREAN": "나눔명조 (Nanum Myeongjo)"}, "session_id": "698c4e81-af7f-42d4-95a8-6a6f22e3ff1d"}
{"timestamp": "2026-05-18T20:08:13.488493", "level": "DEBUG", "logger": "NameTag.Tracker", "message": "Variable set: BRAND_1_TYPOGRAPHY_ENGLISH", "variables": {"BRAND_1_TYPOGRAPHY_ENGLISH": "Cormorant Garamond"}, "session_id": "698c4e81-af7f-42d4-95a8-6a6f22e3ff1d"}
{"timestamp": "2026-05-18T20:08:13.489018", "level": "DEBUG", "logger": "NameTag.Tracker", "message": "Variable set: BRAND_1_TYPOGRAPHY_REASON", "variables": {"BRAND_1_TYPOGRAPHY_REASON": "명조체의 정갈함이 진지하면서도 따뜻한 브랜드의 이미지를 전달하며, 클래식한 영문 서체가 신뢰감을 더해줍니다."}, "session_id": "698c4e81-af7f-42d4-95a8-6a6f22e3ff1d"}
{"timestamp": "2026-05-18T20:08:13.489539", "level": "DEBUG", "logger": "NameTag.Tracker", "message": "Variable set: BRAND_1_CHARACTER_NAME", "variables": {"BRAND_1_CHARACTER_NAME": "담이"}, "session_id": "698c4e81-af7f-42d4-95a8-6a6f22e3ff1d"}
{"timestamp": "2026-05-18T20:08:13.490061", "level": "DEBUG", "logger": "NameTag.Tracker", "message": "Variable set: BRAND_1_CHARACTER_CONCEPT", "variables": {"BRAND_1_CHARACTER_CONCEPT": "따뜻한 차 한 잔을 든 채 일상을 관찰하는 작은 다람쥐"}, "session_id": "698c4e81-af7f-42d4-95a8-6a6f22e3ff1d"}
{"timestamp": "2026-05-18T20:08:13.490586", "level": "DEBUG", "logger": "NameTag.Tracker", "message": "Variable set: BRAND_1_CHARACTER_PERSONALITY", "variables": {"BRAND_1_CHARACTER_PERSONALITY": "차분한, 사색적인, 다정한"}, "session_id": "698c4e81-af7f-42d4-95a8-6a6f22e3ff1d"}
{"timestamp": "2026-05-18T20:08:13.490586", "level": "DEBUG", "logger": "NameTag.Tracker", "message": "Variable set: BRAND_1_CHARACTER_VISUAL", "variables": {"BRAND_1_CHARACTER_VISUAL": "부드러운 베이지색 털을 가졌으며, 작은 안경을 쓰고 있습니다. 항상 무언가 소중한 것을 품에 안고 다니는 포근한 실루엣의 캐릭터입니다."}, "session_id": "698c4e81-af7f-42d4-95a8-6a6f22e3ff1d"}
{"timestamp": "2026-05-18T20:08:13.491109", "level": "DEBUG", "logger": "NameTag.Tracker", "message": "Variable set: BRAND_1_LOGO_DESIGN_BRAND_NAME", "variables": {"BRAND_1_LOGO_DESIGN_BRAND_NAME": "온기담"}, "session_id": "698c4e81-af7f-42d4-95a8-6a6f22e3ff1d"}
{"timestamp": "2026-05-18T20:08:13.491632", "level": "DEBUG", "logger": "NameTag.Tracker", "message": "Variable set: BRAND_1_LOGO_DESIGN_BRAND_TOPIC", "variables": {"BRAND_1_LOGO_DESIGN_BRAND_TOPIC": "감성 소품 온라인 셀렉샵"}, "session_id": "698c4e81-af7f-42d4-95a8-6a6f22e3ff1d"}
{"timestamp": "2026-05-18T20:08:13.492161", "level": "DEBUG", "logger": "NameTag.Tracker", "message": "Variable set: BRAND_1_LOGO_DESIGN_CORE_VALUE", "variables": {"BRAND_1_LOGO_DESIGN_CORE_VALUE": "따뜻함, 일상의 위로"}, "session_id": "698c4e81-af7f-42d4-95a8-6a6f22e3ff1d"}
{"timestamp": "2026-05-18T20:08:13.492684", "level": "DEBUG", "logger": "NameTag.Tracker", "message": "Variable set: BRAND_1_LOGO_DESIGN_TARGET_MOOD", "variables": {"BRAND_1_LOGO_DESIGN_TARGET_MOOD": "포근하고 정갈한 클래식"}, "session_id": "698c4e81-af7f-42d4-95a8-6a6f22e3ff1d"}
{"timestamp": "2026-05-18T20:08:13.492684", "level": "DEBUG", "logger": "NameTag.Tracker", "message": "Variable set: BRAND_1_LOGO_DESIGN_SYMBOL_TYPE", "variables": {"BRAND_1_LOGO_DESIGN_SYMBOL_TYPE": "찻잔이나 보자기 형태를 형상화한 미니멀한 심볼"}, "session_id": "698c4e81-af7f-42d4-95a8-6a6f22e3ff1d"}
{"timestamp": "2026-05-18T20:08:13.493201", "level": "DEBUG", "logger": "NameTag.Tracker", "message": "Variable set: BRAND_1_LOGO_DESIGN_FONT_STYLE", "variables": {"BRAND_1_LOGO_DESIGN_FONT_STYLE": "전통적인 명조 계열의 우아한 느낌"}, "session_id": "698c4e81-af7f-42d4-95a8-6a6f22e3ff1d"}
{"timestamp": "2026-05-18T20:08:13.493726", "level": "DEBUG", "logger": "NameTag.Tracker", "message": "Variable set: BRAND_1_LOGO_DESIGN_FONT_REFERENCE", "variables": {"BRAND_1_LOGO_DESIGN_FONT_REFERENCE": "바탕체, 본명조"}, "session_id": "698c4e81-af7f-42d4-95a8-6a6f22e3ff1d"}
{"timestamp": "2026-05-18T20:08:13.494250", "level": "DEBUG", "logger": "NameTag.Tracker", "message": "Variable set: BRAND_1_LOGO_DESIGN_FONT_WEIGHT", "variables": {"BRAND_1_LOGO_DESIGN_FONT_WEIGHT": "Medium"}, "session_id": "698c4e81-af7f-42d4-95a8-6a6f22e3ff1d"}
{"timestamp": "2026-05-18T20:08:13.494250", "level": "DEBUG", "logger": "NameTag.Tracker", "message": "Variable set: BRAND_1_LOGO_DESIGN_BRAND_COLOR", "variables": {"BRAND_1_LOGO_DESIGN_BRAND_COLOR": "Warm Beige, Deep Brown"}, "session_id": "698c4e81-af7f-42d4-95a8-6a6f22e3ff1d"}
{"timestamp": "2026-05-18T20:08:13.494779", "level": "DEBUG", "logger": "NameTag.Tracker", "message": "Variable set: BRAND_1_LOGO_DESIGN_LOGO_TYPE", "variables": {"BRAND_1_LOGO_DESIGN_LOGO_TYPE": "심볼과 텍스트가 결합된 가로형"}, "session_id": "698c4e81-af7f-42d4-95a8-6a6f22e3ff1d"}
{"timestamp": "2026-05-18T20:08:13.495305", "level": "DEBUG", "logger": "NameTag.Tracker", "message": "Variable set: BRAND_1_LOGO_DESIGN_BACKGROUND", "variables": {"BRAND_1_LOGO_DESIGN_BACKGROUND": "Ivory"}, "session_id": "698c4e81-af7f-42d4-95a8-6a6f22e3ff1d"}
{"timestamp": "2026-05-18T20:08:13.495830", "level": "DEBUG", "logger": "NameTag.Tracker", "message": "Variable set: BRAND_2_NAME", "variables": {"BRAND_2_NAME": "아카이브 르네(Archive Rene)"}, "session_id": "698c4e81-af7f-42d4-95a8-6a6f22e3ff1d"}
{"timestamp": "2026-05-18T20:08:13.496354", "level": "DEBUG", "logger": "NameTag.Tracker", "message": "Variable set: BRAND_2_MEANING", "variables": {"BRAND_2_MEANING": "'기록(Archive)'과 '다시 태어나다(Rene)'의 합성어로, 고전적인 가치를 현대적 감각으로 재발견한다는 의미입니다."}, "session_id": "698c4e81-af7f-42d4-95a8-6a6f22e3ff1d"}
{"timestamp": "2026-05-18T20:08:13.496354", "level": "DEBUG", "logger": "NameTag.Tracker", "message": "Variable set: BRAND_2_STORY", "variables": {"BRAND_2_STORY": "유행은 변하지만 당신의 취향은 선명하게 남아야 합니다. 아카이브 르네는 시간이 흐를수록 깊이를 더하는 클래식한 소품들을 통해 30대 여성의 성숙하고 진지한 라이프스타일을 지지합니다."}, "session_id": "698c4e81-af7f-42d4-95a8-6a6f22e3ff1d"}
{"timestamp": "2026-05-18T20:08:13.496878", "level": "DEBUG", "logger": "NameTag.Tracker", "message": "Variable set: BRAND_2_SLOGAN", "variables": {"BRAND_2_SLOGAN": "시간이 흘러도 변치 않는 당신만의 취향 기록"}, "session_id": "698c4e81-af7f-42d4-95a8-6a6f22e3ff1d"}
{"timestamp": "2026-05-18T20:08:13.497399", "level": "DEBUG", "logger": "NameTag.Tracker", "message": "Variable set: BRAND_2_TYPOGRAPHY_KOREAN", "variables": {"BRAND_2_TYPOGRAPHY_KOREAN": "본명조 (Source Han Serif)"}, "session_id": "698c4e81-af7f-42d4-95a8-6a6f22e3ff1d"}
{"timestamp": "2026-05-18T20:08:13.497399", "level": "DEBUG", "logger": "NameTag.Tracker", "message": "Variable set: BRAND_2_TYPOGRAPHY_ENGLISH", "variables": {"BRAND_2_TYPOGRAPHY_ENGLISH": "Playfair Display"}, "session_id": "698c4e81-af7f-42d4-95a8-6a6f22e3ff1d"}
{"timestamp": "2026-05-18T20:08:13.497926", "level": "DEBUG", "logger": "NameTag.Tracker", "message": "Variable set: BRAND_2_TYPOGRAPHY_REASON", "variables": {"BRAND_2_TYPOGRAPHY_REASON": "직선과 곡선이 조화로운 본명조는 진지한 브랜드 태도를 보여주며, 세련된 영문 서체는 고급스러운 감성을 강조합니다."}, "session_id": "698c4e81-af7f-42d4-95a8-6a6f22e3ff1d"}
{"timestamp": "2026-05-18T20:08:13.498498", "level": "DEBUG", "logger": "NameTag.Tracker", "message": "Variable set: BRAND_2_CHARACTER_NAME", "variables": {"BRAND_2_CHARACTER_NAME": "르네"}, "session_id": "698c4e81-af7f-42d4-95a8-6a6f22e3ff1d"}
{"timestamp": "2026-05-18T20:08:13.499025", "level": "DEBUG", "logger": "NameTag.Tracker", "message": "Variable set: BRAND_2_CHARACTER_CONCEPT", "variables": {"BRAND_2_CHARACTER_CONCEPT": "오래된 도서관의 사서 같은 고양이"}, "session_id": "698c4e81-af7f-42d4-95a8-6a6f22e3ff1d"}
{"timestamp": "2026-05-18T20:08:13.499025", "level": "DEBUG", "logger": "NameTag.Tracker", "message": "Variable set: BRAND_2_CHARACTER_PERSONALITY", "variables": {"BRAND_2_CHARACTER_PERSONALITY": "꼼꼼한, 우아한, 신중한"}, "session_id": "698c4e81-af7f-42d4-95a8-6a6f22e3ff1d"}
{"timestamp": "2026-05-18T20:08:13.499558", "level": "DEBUG", "logger": "NameTag.Tracker", "message": "Variable set: BRAND_2_CHARACTER_VISUAL", "variables": {"BRAND_2_CHARACTER_VISUAL": "단정한 네이비색 리본을 매고 있으며, 긴 꼬리로 소중한 물건을 감싸 안는 모습입니다. 발걸음이 조용하고 눈매가 깊은 샴고양이의 형상입니다."}, "session_id": "698c4e81-af7f-42d4-95a8-6a6f22e3ff1d"}
{"timestamp": "2026-05-18T20:08:13.500085", "level": "DEBUG", "logger": "NameTag.Tracker", "message": "Variable set: BRAND_2_LOGO_DESIGN_BRAND_NAME", "variables": {"BRAND_2_LOGO_DESIGN_BRAND_NAME": "Archive Rene"}, "session_id": "698c4e81-af7f-42d4-95a8-6a6f22e3ff1d"}
{"timestamp": "2026-05-18T20:08:13.500085", "level": "DEBUG", "logger": "NameTag.Tracker", "message": "Variable set: BRAND_2_LOGO_DESIGN_BRAND_TOPIC", "variables": {"BRAND_2_LOGO_DESIGN_BRAND_TOPIC": "클래식 소품 큐레이션"}, "session_id": "698c4e81-af7f-42d4-95a8-6a6f22e3ff1d"}
{"timestamp": "2026-05-18T20:08:13.500611", "level": "DEBUG", "logger": "NameTag.Tracker", "message": "Variable set: BRAND_2_LOGO_DESIGN_CORE_VALUE", "variables": {"BRAND_2_LOGO_DESIGN_CORE_VALUE": "영속성, 클래식"}, "session_id": "698c4e81-af7f-42d4-95a8-6a6f22e3ff1d"}
{"timestamp": "2026-05-18T20:08:13.501134", "level": "DEBUG", "logger": "NameTag.Tracker", "message": "Variable set: BRAND_2_LOGO_DESIGN_TARGET_MOOD", "variables": {"BRAND_2_LOGO_DESIGN_TARGET_MOOD": "세련되고 지적인 미니멀리즘"}, "session_id": "698c4e81-af7f-42d4-95a8-6a6f22e3ff1d"}
{"timestamp": "2026-05-18T20:08:13.501134", "level": "DEBUG", "logger": "NameTag.Tracker", "message": "Variable set: BRAND_2_LOGO_DESIGN_SYMBOL_TYPE", "variables": {"BRAND_2_LOGO_DESIGN_SYMBOL_TYPE": "책갈피나 깃펜을 형상화한 직선적인 로고"}, "session_id": "698c4e81-af7f-42d4-95a8-6a6f22e3ff1d"}
{"timestamp": "2026-05-18T20:08:13.501657", "level": "DEBUG", "logger": "NameTag.Tracker", "message": "Variable set: BRAND_2_LOGO_DESIGN_FONT_STYLE", "variables": {"BRAND_2_LOGO_DESIGN_FONT_STYLE": "세리프가 강조된 세련된 서체"}, "session_id": "698c4e81-af7f-42d4-95a8-6a6f22e3ff1d"}
{"timestamp": "2026-05-18T20:08:13.502179", "level": "DEBUG", "logger": "NameTag.Tracker", "message": "Variable set: BRAND_2_LOGO_DESIGN_FONT_REFERENCE", "variables": {"BRAND_2_LOGO_DESIGN_FONT_REFERENCE": "Didot, Bodoni"}, "session_id": "698c4e81-af7f-42d4-95a8-6a6f22e3ff1d"}
{"timestamp": "2026-05-18T20:08:13.502179", "level": "DEBUG", "logger": "NameTag.Tracker", "message": "Variable set: BRAND_2_LOGO_DESIGN_FONT_WEIGHT", "variables": {"BRAND_2_LOGO_DESIGN_FONT_WEIGHT": "Bold"}, "session_id": "698c4e81-af7f-42d4-95a8-6a6f22e3ff1d"}
{"timestamp": "2026-05-18T20:08:13.502704", "level": "DEBUG", "logger": "NameTag.Tracker", "message": "Variable set: BRAND_2_LOGO_DESIGN_BRAND_COLOR", "variables": {"BRAND_2_LOGO_DESIGN_BRAND_COLOR": "Midnight Blue, Champagne Gold"}, "session_id": "698c4e81-af7f-42d4-95a8-6a6f22e3ff1d"}
{"timestamp": "2026-05-18T20:08:13.503228", "level": "DEBUG", "logger": "NameTag.Tracker", "message": "Variable set: BRAND_2_LOGO_DESIGN_LOGO_TYPE", "variables": {"BRAND_2_LOGO_DESIGN_LOGO_TYPE": "영문 중심의 워드마크"}, "session_id": "698c4e81-af7f-42d4-95a8-6a6f22e3ff1d"}
{"timestamp": "2026-05-18T20:08:13.503228", "level": "DEBUG", "logger": "NameTag.Tracker", "message": "Variable set: BRAND_2_LOGO_DESIGN_BACKGROUND", "variables": {"BRAND_2_LOGO_DESIGN_BACKGROUND": "Cream"}, "session_id": "698c4e81-af7f-42d4-95a8-6a6f22e3ff1d"}
{"timestamp": "2026-05-18T20:08:13.503734", "level": "DEBUG", "logger": "NameTag.Tracker", "message": "Variable set: BRAND_3_NAME", "variables": {"BRAND_3_NAME": "오디네르(Ordinaire)"}, "session_id": "698c4e81-af7f-42d4-95a8-6a6f22e3ff1d"}
{"timestamp": "2026-05-18T20:08:13.503734", "level": "DEBUG", "logger": "NameTag.Tracker", "message": "Variable set: BRAND_3_MEANING", "variables": {"BRAND_3_MEANING": "프랑스어로 '일상적인'을 뜻하며, 평범한 매일 속에서 특별한 아름다움을 발견하고자 하는 의지를 담았습니다."}, "session_id": "698c4e81-af7f-42d4-95a8-6a6f22e3ff1d"}
{"timestamp": "2026-05-18T20:08:13.503734", "level": "DEBUG", "logger": "NameTag.Tracker", "message": "Variable set: BRAND_3_STORY", "variables": {"BRAND_3_STORY": "특별한 날을 기다리기보다 오늘 하루를 특별하게 만드는 법을 고민합니다. 오디네르는 당신의 책상 위, 침대 옆 작은 공간에서 시작되는 소박하지만 밀도 있는 행복을 제안합니다."}, "session_id": "698c4e81-af7f-42d4-95a8-6a6f22e3ff1d"}
{"timestamp": "2026-05-18T20:08:13.504742", "level": "DEBUG", "logger": "NameTag.Tracker", "message": "Variable set: BRAND_3_SLOGAN", "variables": {"BRAND_3_SLOGAN": "평범한 하루를 빛내는 미니멀한 조각들"}, "session_id": "698c4e81-af7f-42d4-95a8-6a6f22e3ff1d"}
{"timestamp": "2026-05-18T20:08:13.504742", "level": "DEBUG", "logger": "NameTag.Tracker", "message": "Variable set: BRAND_3_TYPOGRAPHY_KOREAN", "variables": {"BRAND_3_TYPOGRAPHY_KOREAN": "프리텐다드 (Pretendard)"}, "session_id": "698c4e81-af7f-42d4-95a8-6a6f22e3ff1d"}
{"timestamp": "2026-05-18T20:08:13.504742", "level": "DEBUG", "logger": "NameTag.Tracker", "message": "Variable set: BRAND_3_TYPOGRAPHY_ENGLISH", "variables": {"BRAND_3_TYPOGRAPHY_ENGLISH": "Montserrat"}, "session_id": "698c4e81-af7f-42d4-95a8-6a6f22e3ff1d"}
{"timestamp": "2026-05-18T20:08:13.505743", "level": "DEBUG", "logger": "NameTag.Tracker", "message": "Variable set: BRAND_3_TYPOGRAPHY_REASON", "variables": {"BRAND_3_TYPOGRAPHY_REASON": "군더더기 없는 미니멀한 산세리프 서체를 통해 현대적이고 깔끔한 취향을 가진 타겟의 선호도를 반영했습니다."}, "session_id": "698c4e81-af7f-42d4-95a8-6a6f22e3ff1d"}
{"timestamp": "2026-05-18T20:08:13.505743", "level": "DEBUG", "logger": "NameTag.Tracker", "message": "Variable set: BRAND_3_CHARACTER_NAME", "variables": {"BRAND_3_CHARACTER_NAME": "오디"}, "session_id": "698c4e81-af7f-42d4-95a8-6a6f22e3ff1d"}
{"timestamp": "2026-05-18T20:08:13.506741", "level": "DEBUG", "logger": "NameTag.Tracker", "message": "Variable set: BRAND_3_CHARACTER_CONCEPT", "variables": {"BRAND_3_CHARACTER_CONCEPT": "일상의 조각을 모으는 작은 빛의 정령"}, "session_id": "698c4e81-af7f-42d4-95a8-6a6f22e3ff1d"}
{"timestamp": "2026-05-18T20:08:13.506741", "level": "DEBUG", "logger": "NameTag.Tracker", "message": "Variable set: BRAND_3_CHARACTER_PERSONALITY", "variables": {"BRAND_3_CHARACTER_PERSONALITY": "순수한, 차분한, 관찰력이 좋은"}, "session_id": "698c4e81-af7f-42d4-95a8-6a6f22e3ff1d"}
{"timestamp": "2026-05-18T20:08:13.506741", "level": "DEBUG", "logger": "NameTag.Tracker", "message": "Variable set: BRAND_3_CHARACTER_VISUAL", "variables": {"BRAND_3_CHARACTER_VISUAL": "반투명하고 둥글둥글한 실루엣을 가진 작은 빛의 형체입니다. 주변 환경에 따라 은은하게 색이 변하며 소품들 사이에 자연스럽게 녹아드는 모습입니다."}, "session_id": "698c4e81-af7f-42d4-95a8-6a6f22e3ff1d"}
{"timestamp": "2026-05-18T20:08:13.507743", "level": "DEBUG", "logger": "NameTag.Tracker", "message": "Variable set: BRAND_3_LOGO_DESIGN_BRAND_NAME", "variables": {"BRAND_3_LOGO_DESIGN_BRAND_NAME": "Ordinaire"}, "session_id": "698c4e81-af7f-42d4-95a8-6a6f22e3ff1d"}
{"timestamp": "2026-05-18T20:08:13.507743", "level": "DEBUG", "logger": "NameTag.Tracker", "message": "Variable set: BRAND_3_LOGO_DESIGN_BRAND_TOPIC", "variables": {"BRAND_3_LOGO_DESIGN_BRAND_TOPIC": "미니멀 감성 소품샵"}, "session_id": "698c4e81-af7f-42d4-95a8-6a6f22e3ff1d"}
{"timestamp": "2026-05-18T20:08:13.507743", "level": "DEBUG", "logger": "NameTag.Tracker", "message": "Variable set: BRAND_3_LOGO_DESIGN_CORE_VALUE", "variables": {"BRAND_3_LOGO_DESIGN_CORE_VALUE": "미니멀리즘, 일상의 미학"}, "session_id": "698c4e81-af7f-42d4-95a8-6a6f22e3ff1d"}
{"timestamp": "2026-05-18T20:08:13.508741", "level": "DEBUG", "logger": "NameTag.Tracker", "message": "Variable set: BRAND_3_LOGO_DESIGN_TARGET_MOOD", "variables": {"BRAND_3_LOGO_DESIGN_TARGET_MOOD": "깨끗하고 고요한 감성"}, "session_id": "698c4e81-af7f-42d4-95a8-6a6f22e3ff1d"}
{"timestamp": "2026-05-18T20:08:13.508741", "level": "DEBUG", "logger": "NameTag.Tracker", "message": "Variable set: BRAND_3_LOGO_DESIGN_SYMBOL_TYPE", "variables": {"BRAND_3_LOGO_DESIGN_SYMBOL_TYPE": "원과 선으로 이루어진 극도로 단순한 기하학적 심볼"}, "session_id": "698c4e81-af7f-42d4-95a8-6a6f22e3ff1d"}
{"timestamp": "2026-05-18T20:08:13.509743", "level": "DEBUG", "logger": "NameTag.Tracker", "message": "Variable set: BRAND_3_LOGO_DESIGN_FONT_STYLE", "variables": {"BRAND_3_LOGO_DESIGN_FONT_STYLE": "현대적이고 정갈한 산세리프"}, "session_id": "698c4e81-af7f-42d4-95a8-6a6f22e3ff1d"}
{"timestamp": "2026-05-18T20:08:13.509743", "level": "DEBUG", "logger": "NameTag.Tracker", "message": "Variable set: BRAND_3_LOGO_DESIGN_FONT_REFERENCE", "variables": {"BRAND_3_LOGO_DESIGN_FONT_REFERENCE": "Helvetica, Futura"}, "session_id": "698c4e81-af7f-42d4-95a8-6a6f22e3ff1d"}
{"timestamp": "2026-05-18T20:08:13.509743", "level": "DEBUG", "logger": "NameTag.Tracker", "message": "Variable set: BRAND_3_LOGO_DESIGN_FONT_WEIGHT", "variables": {"BRAND_3_LOGO_DESIGN_FONT_WEIGHT": "Light"}, "session_id": "698c4e81-af7f-42d4-95a8-6a6f22e3ff1d"}
{"timestamp": "2026-05-18T20:08:13.510741", "level": "DEBUG", "logger": "NameTag.Tracker", "message": "Variable set: BRAND_3_LOGO_DESIGN_BRAND_COLOR", "variables": {"BRAND_3_LOGO_DESIGN_BRAND_COLOR": "Soft Gray, Sage Green"}, "session_id": "698c4e81-af7f-42d4-95a8-6a6f22e3ff1d"}
{"timestamp": "2026-05-18T20:08:13.510741", "level": "DEBUG", "logger": "NameTag.Tracker", "message": "Variable set: BRAND_3_LOGO_DESIGN_LOGO_TYPE", "variables": {"BRAND_3_LOGO_DESIGN_LOGO_TYPE": "심볼과 워드마크의 상하 조합"}, "session_id": "698c4e81-af7f-42d4-95a8-6a6f22e3ff1d"}
{"timestamp": "2026-05-18T20:08:13.510741", "level": "DEBUG", "logger": "NameTag.Tracker", "message": "Variable set: BRAND_3_LOGO_DESIGN_BACKGROUND", "variables": {"BRAND_3_LOGO_DESIGN_BACKGROUND": "White"}, "session_id": "698c4e81-af7f-42d4-95a8-6a6f22e3ff1d"}
{"timestamp": "2026-05-18T20:08:13.510741", "level": "INFO", "logger": "NameTag.BrandGenerator", "message": "================================================================================"}
{"timestamp": "2026-05-18T20:08:13.511741", "level": "INFO", "logger": "NameTag.BrandGenerator", "message": "✅ PARSED RESULT (파싱된 결과)"}
{"timestamp": "2026-05-18T20:08:13.511741", "level": "INFO", "logger": "NameTag.BrandGenerator", "message": "================================================================================"}
{"timestamp": "2026-05-18T20:08:13.511741", "level": "INFO", "logger": "NameTag.BrandGenerator", "message": "\n📝 BRAND 1: 온기담(Ongidam)"}
{"timestamp": "2026-05-18T20:08:13.511741", "level": "INFO", "logger": "NameTag.BrandGenerator", "message": "  Meaning: '온기(Warmth)'를 '담다(Contain)'는 뜻으로, 일상의 차가움을 녹여주는 소품을 큐레이션한다는 의미입니다."}
{"timestamp": "2026-05-18T20:08:13.511741", "level": "INFO", "logger": "NameTag.BrandGenerator", "message": "  Story: 지친 퇴근길, 현관문을 열었을 때 나를 반기는 작은 소품 하나가 주는 위로가 있습니다. 온기담은 당신의 공간이 가장 따뜻한 휴식처가 될 수 있도록, 정성이 깃든 물건들을 세심하게 골라 제안합니다."}
{"timestamp": "2026-05-18T20:08:13.511741", "level": "INFO", "logger": "NameTag.BrandGenerator", "message": "  Slogan: 당신의 일상에 온기를 채우는 작은 발견"}
{"timestamp": "2026-05-18T20:08:13.511741", "level": "INFO", "logger": "NameTag.BrandGenerator", "message": "  🔤 Typography:"}
{"timestamp": "2026-05-18T20:08:13.511741", "level": "INFO", "logger": "NameTag.BrandGenerator", "message": "     Korean: 나눔명조 (Nanum Myeongjo)"}
{"timestamp": "2026-05-18T20:08:13.511741", "level": "INFO", "logger": "NameTag.BrandGenerator", "message": "     English: Cormorant Garamond"}
{"timestamp": "2026-05-18T20:08:13.511741", "level": "INFO", "logger": "NameTag.BrandGenerator", "message": "     Reason: 명조체의 정갈함이 진지하면서도 따뜻한 브랜드의 이미지를 전달하며, 클래식한 영문 서체가 신뢰감을 더해줍니다."}
{"timestamp": "2026-05-18T20:08:13.512742", "level": "INFO", "logger": "NameTag.BrandGenerator", "message": "  🎭 Character:"}
{"timestamp": "2026-05-18T20:08:13.512742", "level": "INFO", "logger": "NameTag.BrandGenerator", "message": "     Name: 담이"}
{"timestamp": "2026-05-18T20:08:13.512742", "level": "INFO", "logger": "NameTag.BrandGenerator", "message": "     Concept: 따뜻한 차 한 잔을 든 채 일상을 관찰하는 작은 다람쥐"}
{"timestamp": "2026-05-18T20:08:13.512742", "level": "INFO", "logger": "NameTag.BrandGenerator", "message": "     Personality: 차분한, 사색적인, 다정한"}
{"timestamp": "2026-05-18T20:08:13.512742", "level": "INFO", "logger": "NameTag.BrandGenerator", "message": "     Visual: 부드러운 베이지색 털을 가졌으며, 작은 안경을 쓰고 있습니다. 항상 무언가 소중한 것을 품에 안고 다니는 포근한 실루엣의 캐릭터입니다."}
{"timestamp": "2026-05-18T20:08:13.512742", "level": "INFO", "logger": "NameTag.BrandGenerator", "message": "  🎨 Logo Design:"}
{"timestamp": "2026-05-18T20:08:13.512742", "level": "INFO", "logger": "NameTag.BrandGenerator", "message": "     brand_name: 온기담"}
{"timestamp": "2026-05-18T20:08:13.512742", "level": "INFO", "logger": "NameTag.BrandGenerator", "message": "     brand_topic: 감성 소품 온라인 셀렉샵"}
{"timestamp": "2026-05-18T20:08:13.512742", "level": "INFO", "logger": "NameTag.BrandGenerator", "message": "     core_value: 따뜻함, 일상의 위로"}
{"timestamp": "2026-05-18T20:08:13.512742", "level": "INFO", "logger": "NameTag.BrandGenerator", "message": "     target_mood: 포근하고 정갈한 클래식"}
{"timestamp": "2026-05-18T20:08:13.513742", "level": "INFO", "logger": "NameTag.BrandGenerator", "message": "     symbol_type: 찻잔이나 보자기 형태를 형상화한 미니멀한 심볼"}
{"timestamp": "2026-05-18T20:08:13.513742", "level": "INFO", "logger": "NameTag.BrandGenerator", "message": "     font_style: 전통적인 명조 계열의 우아한 느낌"}
{"timestamp": "2026-05-18T20:08:13.513742", "level": "INFO", "logger": "NameTag.BrandGenerator", "message": "     font_reference: 바탕체, 본명조"}
{"timestamp": "2026-05-18T20:08:13.513742", "level": "INFO", "logger": "NameTag.BrandGenerator", "message": "     font_weight: Medium"}
{"timestamp": "2026-05-18T20:08:13.513742", "level": "INFO", "logger": "NameTag.BrandGenerator", "message": "     brand_color: Warm Beige, Deep Brown"}
{"timestamp": "2026-05-18T20:08:13.513742", "level": "INFO", "logger": "NameTag.BrandGenerator", "message": "     logo_type: 심볼과 텍스트가 결합된 가로형"}
{"timestamp": "2026-05-18T20:08:13.513742", "level": "INFO", "logger": "NameTag.BrandGenerator", "message": "     background: Ivory"}
{"timestamp": "2026-05-18T20:08:13.513742", "level": "INFO", "logger": "NameTag.BrandGenerator", "message": "\n📝 BRAND 2: 아카이브 르네(Archive Rene)"}
{"timestamp": "2026-05-18T20:08:13.513742", "level": "INFO", "logger": "NameTag.BrandGenerator", "message": "  Meaning: '기록(Archive)'과 '다시 태어나다(Rene)'의 합성어로, 고전적인 가치를 현대적 감각으로 재발견한다는 의미입니다."}
{"timestamp": "2026-05-18T20:08:13.513742", "level": "INFO", "logger": "NameTag.BrandGenerator", "message": "  Story: 유행은 변하지만 당신의 취향은 선명하게 남아야 합니다. 아카이브 르네는 시간이 흐를수록 깊이를 더하는 클래식한 소품들을 통해 30대 여성의 성숙하고 진지한 라이프스타일을 지지합니다."}
{"timestamp": "2026-05-18T20:08:13.514741", "level": "INFO", "logger": "NameTag.BrandGenerator", "message": "  Slogan: 시간이 흘러도 변치 않는 당신만의 취향 기록"}
{"timestamp": "2026-05-18T20:08:13.514741", "level": "INFO", "logger": "NameTag.BrandGenerator", "message": "  🔤 Typography:"}
{"timestamp": "2026-05-18T20:08:13.514741", "level": "INFO", "logger": "NameTag.BrandGenerator", "message": "     Korean: 본명조 (Source Han Serif)"}
{"timestamp": "2026-05-18T20:08:13.514741", "level": "INFO", "logger": "NameTag.BrandGenerator", "message": "     English: Playfair Display"}
{"timestamp": "2026-05-18T20:08:13.514741", "level": "INFO", "logger": "NameTag.BrandGenerator", "message": "     Reason: 직선과 곡선이 조화로운 본명조는 진지한 브랜드 태도를 보여주며, 세련된 영문 서체는 고급스러운 감성을 강조합니다."}
{"timestamp": "2026-05-18T20:08:13.514741", "level": "INFO", "logger": "NameTag.BrandGenerator", "message": "  🎭 Character:"}
{"timestamp": "2026-05-18T20:08:13.514741", "level": "INFO", "logger": "NameTag.BrandGenerator", "message": "     Name: 르네"}
{"timestamp": "2026-05-18T20:08:13.514741", "level": "INFO", "logger": "NameTag.BrandGenerator", "message": "     Concept: 오래된 도서관의 사서 같은 고양이"}
{"timestamp": "2026-05-18T20:08:13.514741", "level": "INFO", "logger": "NameTag.BrandGenerator", "message": "     Personality: 꼼꼼한, 우아한, 신중한"}
{"timestamp": "2026-05-18T20:08:13.514741", "level": "INFO", "logger": "NameTag.BrandGenerator", "message": "     Visual: 단정한 네이비색 리본을 매고 있으며, 긴 꼬리로 소중한 물건을 감싸 안는 모습입니다. 발걸음이 조용하고 눈매가 깊은 샴고양이의 형상입니다."}
{"timestamp": "2026-05-18T20:08:13.514741", "level": "INFO", "logger": "NameTag.BrandGenerator", "message": "  🎨 Logo Design:"}
{"timestamp": "2026-05-18T20:08:13.515741", "level": "INFO", "logger": "NameTag.BrandGenerator", "message": "     brand_name: Archive Rene"}
{"timestamp": "2026-05-18T20:08:13.515741", "level": "INFO", "logger": "NameTag.BrandGenerator", "message": "     brand_topic: 클래식 소품 큐레이션"}
{"timestamp": "2026-05-18T20:08:13.515741", "level": "INFO", "logger": "NameTag.BrandGenerator", "message": "     core_value: 영속성, 클래식"}
{"timestamp": "2026-05-18T20:08:13.515741", "level": "INFO", "logger": "NameTag.BrandGenerator", "message": "     target_mood: 세련되고 지적인 미니멀리즘"}
{"timestamp": "2026-05-18T20:08:13.515741", "level": "INFO", "logger": "NameTag.BrandGenerator", "message": "     symbol_type: 책갈피나 깃펜을 형상화한 직선적인 로고"}
{"timestamp": "2026-05-18T20:08:13.515741", "level": "INFO", "logger": "NameTag.BrandGenerator", "message": "     font_style: 세리프가 강조된 세련된 서체"}
{"timestamp": "2026-05-18T20:08:13.515741", "level": "INFO", "logger": "NameTag.BrandGenerator", "message": "     font_reference: Didot, Bodoni"}
{"timestamp": "2026-05-18T20:08:13.515741", "level": "INFO", "logger": "NameTag.BrandGenerator", "message": "     font_weight: Bold"}
{"timestamp": "2026-05-18T20:08:13.515741", "level": "INFO", "logger": "NameTag.BrandGenerator", "message": "     brand_color: Midnight Blue, Champagne Gold"}
{"timestamp": "2026-05-18T20:08:13.515741", "level": "INFO", "logger": "NameTag.BrandGenerator", "message": "     logo_type: 영문 중심의 워드마크"}
{"timestamp": "2026-05-18T20:08:13.515741", "level": "INFO", "logger": "NameTag.BrandGenerator", "message": "     background: Cream"}
{"timestamp": "2026-05-18T20:08:13.516742", "level": "INFO", "logger": "NameTag.BrandGenerator", "message": "\n📝 BRAND 3: 오디네르(Ordinaire)"}
{"timestamp": "2026-05-18T20:08:13.516742", "level": "INFO", "logger": "NameTag.BrandGenerator", "message": "  Meaning: 프랑스어로 '일상적인'을 뜻하며, 평범한 매일 속에서 특별한 아름다움을 발견하고자 하는 의지를 담았습니다."}
{"timestamp": "2026-05-18T20:08:13.516742", "level": "INFO", "logger": "NameTag.BrandGenerator", "message": "  Story: 특별한 날을 기다리기보다 오늘 하루를 특별하게 만드는 법을 고민합니다. 오디네르는 당신의 책상 위, 침대 옆 작은 공간에서 시작되는 소박하지만 밀도 있는 행복을 제안합니다."}
{"timestamp": "2026-05-18T20:08:13.516742", "level": "INFO", "logger": "NameTag.BrandGenerator", "message": "  Slogan: 평범한 하루를 빛내는 미니멀한 조각들"}
{"timestamp": "2026-05-18T20:08:13.516742", "level": "INFO", "logger": "NameTag.BrandGenerator", "message": "  🔤 Typography:"}
{"timestamp": "2026-05-18T20:08:13.516742", "level": "INFO", "logger": "NameTag.BrandGenerator", "message": "     Korean: 프리텐다드 (Pretendard)"}
{"timestamp": "2026-05-18T20:08:13.516742", "level": "INFO", "logger": "NameTag.BrandGenerator", "message": "     English: Montserrat"}
{"timestamp": "2026-05-18T20:08:13.516742", "level": "INFO", "logger": "NameTag.BrandGenerator", "message": "     Reason: 군더더기 없는 미니멀한 산세리프 서체를 통해 현대적이고 깔끔한 취향을 가진 타겟의 선호도를 반영했습니다."}
{"timestamp": "2026-05-18T20:08:13.516742", "level": "INFO", "logger": "NameTag.BrandGenerator", "message": "  🎭 Character:"}
{"timestamp": "2026-05-18T20:08:13.516742", "level": "INFO", "logger": "NameTag.BrandGenerator", "message": "     Name: 오디"}
{"timestamp": "2026-05-18T20:08:13.517744", "level": "INFO", "logger": "NameTag.BrandGenerator", "message": "     Concept: 일상의 조각을 모으는 작은 빛의 정령"}
{"timestamp": "2026-05-18T20:08:13.517744", "level": "INFO", "logger": "NameTag.BrandGenerator", "message": "     Personality: 순수한, 차분한, 관찰력이 좋은"}
{"timestamp": "2026-05-18T20:08:13.517744", "level": "INFO", "logger": "NameTag.BrandGenerator", "message": "     Visual: 반투명하고 둥글둥글한 실루엣을 가진 작은 빛의 형체입니다. 주변 환경에 따라 은은하게 색이 변하며 소품들 사이에 자연스럽게 녹아드는 모습입니다."}
{"timestamp": "2026-05-18T20:08:13.517744", "level": "INFO", "logger": "NameTag.BrandGenerator", "message": "  🎨 Logo Design:"}
{"timestamp": "2026-05-18T20:08:13.517744", "level": "INFO", "logger": "NameTag.BrandGenerator", "message": "     brand_name: Ordinaire"}
{"timestamp": "2026-05-18T20:08:13.517744", "level": "INFO", "logger": "NameTag.BrandGenerator", "message": "     brand_topic: 미니멀 감성 소품샵"}
{"timestamp": "2026-05-18T20:08:13.517744", "level": "INFO", "logger": "NameTag.BrandGenerator", "message": "     core_value: 미니멀리즘, 일상의 미학"}
{"timestamp": "2026-05-18T20:08:13.517744", "level": "INFO", "logger": "NameTag.BrandGenerator", "message": "     target_mood: 깨끗하고 고요한 감성"}
{"timestamp": "2026-05-18T20:08:13.517744", "level": "INFO", "logger": "NameTag.BrandGenerator", "message": "     symbol_type: 원과 선으로 이루어진 극도로 단순한 기하학적 심볼"}
{"timestamp": "2026-05-18T20:08:13.517744", "level": "INFO", "logger": "NameTag.BrandGenerator", "message": "     font_style: 현대적이고 정갈한 산세리프"}
{"timestamp": "2026-05-18T20:08:13.518741", "level": "INFO", "logger": "NameTag.BrandGenerator", "message": "     font_reference: Helvetica, Futura"}
{"timestamp": "2026-05-18T20:08:13.518741", "level": "INFO", "logger": "NameTag.BrandGenerator", "message": "     font_weight: Light"}
{"timestamp": "2026-05-18T20:08:13.518741", "level": "INFO", "logger": "NameTag.BrandGenerator", "message": "     brand_color: Soft Gray, Sage Green"}
{"timestamp": "2026-05-18T20:08:13.518741", "level": "INFO", "logger": "NameTag.BrandGenerator", "message": "     logo_type: 심볼과 워드마크의 상하 조합"}
{"timestamp": "2026-05-18T20:08:13.518741", "level": "INFO", "logger": "NameTag.BrandGenerator", "message": "     background: White"}
{"timestamp": "2026-05-18T20:08:13.518741", "level": "INFO", "logger": "NameTag.BrandGenerator", "message": "================================================================================"}
{"timestamp": "2026-05-18T20:08:13.518741", "level": "INFO", "logger": "NameTag.BrandGenerator", "message": "✅ Brand identity generated successfully"}
{"timestamp": "2026-05-18T20:08:13.520742", "level": "INFO", "logger": "NameTag.BrandGenerator", "message": "🚀 Starting logo variable generation (session: 698c4e81-af7f-42d4-95a8-6a6f22e3ff1d)"}
{"timestamp": "2026-05-18T20:08:13.521743", "level": "INFO", "logger": "NameTag.Tracker", "message": "Step: init_logo_variables", "variables": {"business_type": "20대를 위한 감성 소품 온라인 셀렉샵", "vibes": ["따뜻한", "클래식한", "미니멀한", "진지한"], "target": "30대 직장 여성, 소소한 취미생활을 즐기고 자신만의 공간을 꾸미는 것에 관심 있는 분들"}, "step": "init_logo_variables", "session_id": "698c4e81-af7f-42d4-95a8-6a6f22e3ff1d"}
{"timestamp": "2026-05-18T20:08:14.128673", "level": "INFO", "logger": "NameTag.BrandGenerator", "message": "📝 Requesting logo variables from AI..."}
{"timestamp": "2026-05-18T20:08:14.128673", "level": "INFO", "logger": "NameTag.Tracker", "message": "Step: ai_request", "variables": {"model": "gemini-3-flash-preview"}, "step": "ai_request", "session_id": "698c4e81-af7f-42d4-95a8-6a6f22e3ff1d"}
{"timestamp": "2026-05-18T20:08:22.275489", "level": "INFO", "logger": "NameTag.BrandGenerator", "message": "✅ Response saved:"}
{"timestamp": "2026-05-18T20:08:22.276490", "level": "INFO", "logger": "NameTag.BrandGenerator", "message": "   📄 TXT: F:\\workspace\\Name_Tag\\logs\\ai_responses\\logo_variables_20260518_200822_698c4e81.txt"}
{"timestamp": "2026-05-18T20:08:22.276490", "level": "INFO", "logger": "NameTag.BrandGenerator", "message": "   📋 JSON: F:\\workspace\\Name_Tag\\logs\\ai_responses\\logo_variables_20260518_200822_698c4e81.json"}
{"timestamp": "2026-05-18T20:08:22.276490", "level": "INFO", "logger": "NameTag.BrandGenerator", "message": "===================================================================================================="}
{"timestamp": "2026-05-18T20:08:22.276490", "level": "INFO", "logger": "NameTag.BrandGenerator", "message": "📨 AI FULL RESPONSE (AI 전체 응답)"}
{"timestamp": "2026-05-18T20:08:22.276490", "level": "INFO", "logger": "NameTag.BrandGenerator", "message": "===================================================================================================="}
{"timestamp": "2026-05-18T20:08:22.276490", "level": "INFO", "logger": "NameTag.BrandGenerator", "message": "{"}
{"timestamp": "2026-05-18T20:08:22.277491", "level": "INFO", "logger": "NameTag.BrandGenerator", "message": "  \"brand_identity\": {"}
{"timestamp": "2026-05-18T20:08:22.277491", "level": "INFO", "logger": "NameTag.BrandGenerator", "message": "    \"brand_name\": \"루엘 (Luelle)\","}
{"timestamp": "2026-05-18T20:08:22.277491", "level": "INFO", "logger": "NameTag.BrandGenerator", "message": "    \"brand_name_meaning\": \"프랑스어 'Lueur(미광, 온기)'와 'Elle(그녀)'의 합성어로, 그녀의 일상을 부드럽게 비추는 따뜻한 오브제를 발견한다는 의미입니다.\","}
{"timestamp": "2026-05-18T20:08:22.277491", "level": "INFO", "logger": "NameTag.BrandGenerator", "message": "    \"brand_topic\": \"30대 직장 여성을 위한 감성 인테리어 소품 및 라이프스타일 큐레이션 셀렉숍\","}
{"timestamp": "2026-05-18T20:08:22.277491", "level": "INFO", "logger": "NameTag.BrandGenerator", "message": "    \"core_value\": \"정제된 따뜻함, 일상의 재발견\","}
{"timestamp": "2026-05-18T20:08:22.277491", "level": "INFO", "logger": "NameTag.BrandGenerator", "message": "    \"slogan\": \"당신의 평범한 일상을 빛내는 작은 조각\""}
{"timestamp": "2026-05-18T20:08:22.277491", "level": "INFO", "logger": "NameTag.BrandGenerator", "message": "  },"}
{"timestamp": "2026-05-18T20:08:22.277491", "level": "INFO", "logger": "NameTag.BrandGenerator", "message": "  \"logo_variables\": {"}
{"timestamp": "2026-05-18T20:08:22.277491", "level": "INFO", "logger": "NameTag.BrandGenerator", "message": "    \"target_mood\": \"미니멀 & 프리미엄\","}
{"timestamp": "2026-05-18T20:08:22.278489", "level": "INFO", "logger": "NameTag.BrandGenerator", "message": "    \"brand_color\": \"#D2B48C (뮤트한 베이지)\","}
{"timestamp": "2026-05-18T20:08:22.278489", "level": "INFO", "logger": "NameTag.BrandGenerator", "message": "    \"font_style\": \"클래식 세리프\","}
{"timestamp": "2026-05-18T20:08:22.278489", "level": "INFO", "logger": "NameTag.BrandGenerator", "message": "    \"symbol_type\": \"유기적\","}
{"timestamp": "2026-05-18T20:08:22.278489", "level": "INFO", "logger": "NameTag.BrandGenerator", "message": "    \"logo_type\": \"심볼+텍스트 조합\","}
{"timestamp": "2026-05-18T20:08:22.278489", "level": "INFO", "logger": "NameTag.BrandGenerator", "message": "    \"background\": \"흰색\""}
{"timestamp": "2026-05-18T20:08:22.278489", "level": "INFO", "logger": "NameTag.BrandGenerator", "message": "  },"}
{"timestamp": "2026-05-18T20:08:22.278489", "level": "INFO", "logger": "NameTag.BrandGenerator", "message": "  \"recommendations_reason\": \"30대 직장 여성의 세련된 취향을 공략하기 위해 클래식하고 우아한 세리프 폰트를 제안하였으며, 따뜻한 베이지 컬러로 브랜드의 핵심 키워드인 '온기'를 표현했습니다. 유기적인 형태의 심볼은 소소한 취미와 일상의 발견이 주는 편안하고 부드러운 감성을 상징합니다.\""}
{"timestamp": "2026-05-18T20:08:22.278489", "level": "INFO", "logger": "NameTag.BrandGenerator", "message": "}"}
{"timestamp": "2026-05-18T20:08:22.278489", "level": "INFO", "logger": "NameTag.BrandGenerator", "message": "===================================================================================================="}
{"timestamp": "2026-05-18T20:08:22.279489", "level": "DEBUG", "logger": "NameTag.Tracker", "message": "Variable set: BRAND_BRAND_NAME", "variables": {"BRAND_BRAND_NAME": "루엘 (Luelle)"}, "session_id": "698c4e81-af7f-42d4-95a8-6a6f22e3ff1d"}
{"timestamp": "2026-05-18T20:08:22.279489", "level": "DEBUG", "logger": "NameTag.Tracker", "message": "Variable set: BRAND_BRAND_NAME_MEANING", "variables": {"BRAND_BRAND_NAME_MEANING": "프랑스어 'Lueur(미광, 온기)'와 'Elle(그녀)'의 합성어로, 그녀의 일상을 부드럽게 비추는 따뜻한 오브제를 발견한다는 의미입니다."}, "session_id": "698c4e81-af7f-42d4-95a8-6a6f22e3ff1d"}
{"timestamp": "2026-05-18T20:08:22.279489", "level": "DEBUG", "logger": "NameTag.Tracker", "message": "Variable set: BRAND_BRAND_TOPIC", "variables": {"BRAND_BRAND_TOPIC": "30대 직장 여성을 위한 감성 인테리어 소품 및 라이프스타일 큐레이션 셀렉숍"}, "session_id": "698c4e81-af7f-42d4-95a8-6a6f22e3ff1d"}
{"timestamp": "2026-05-18T20:08:22.280489", "level": "DEBUG", "logger": "NameTag.Tracker", "message": "Variable set: BRAND_CORE_VALUE", "variables": {"BRAND_CORE_VALUE": "정제된 따뜻함, 일상의 재발견"}, "session_id": "698c4e81-af7f-42d4-95a8-6a6f22e3ff1d"}
{"timestamp": "2026-05-18T20:08:22.280489", "level": "DEBUG", "logger": "NameTag.Tracker", "message": "Variable set: BRAND_SLOGAN", "variables": {"BRAND_SLOGAN": "당신의 평범한 일상을 빛내는 작은 조각"}, "session_id": "698c4e81-af7f-42d4-95a8-6a6f22e3ff1d"}
{"timestamp": "2026-05-18T20:08:22.280489", "level": "DEBUG", "logger": "NameTag.Tracker", "message": "Variable set: LOGO_TARGET_MOOD", "variables": {"LOGO_TARGET_MOOD": "미니멀 & 프리미엄"}, "session_id": "698c4e81-af7f-42d4-95a8-6a6f22e3ff1d"}
{"timestamp": "2026-05-18T20:08:22.281489", "level": "DEBUG", "logger": "NameTag.Tracker", "message": "Variable set: LOGO_BRAND_COLOR", "variables": {"LOGO_BRAND_COLOR": "#D2B48C (뮤트한 베이지)"}, "session_id": "698c4e81-af7f-42d4-95a8-6a6f22e3ff1d"}
{"timestamp": "2026-05-18T20:08:22.281489", "level": "DEBUG", "logger": "NameTag.Tracker", "message": "Variable set: LOGO_FONT_STYLE", "variables": {"LOGO_FONT_STYLE": "클래식 세리프"}, "session_id": "698c4e81-af7f-42d4-95a8-6a6f22e3ff1d"}
{"timestamp": "2026-05-18T20:08:22.281489", "level": "DEBUG", "logger": "NameTag.Tracker", "message": "Variable set: LOGO_SYMBOL_TYPE", "variables": {"LOGO_SYMBOL_TYPE": "유기적"}, "session_id": "698c4e81-af7f-42d4-95a8-6a6f22e3ff1d"}
{"timestamp": "2026-05-18T20:08:22.282488", "level": "DEBUG", "logger": "NameTag.Tracker", "message": "Variable set: LOGO_LOGO_TYPE", "variables": {"LOGO_LOGO_TYPE": "심볼+텍스트 조합"}, "session_id": "698c4e81-af7f-42d4-95a8-6a6f22e3ff1d"}
{"timestamp": "2026-05-18T20:08:22.282488", "level": "DEBUG", "logger": "NameTag.Tracker", "message": "Variable set: LOGO_BACKGROUND", "variables": {"LOGO_BACKGROUND": "흰색"}, "session_id": "698c4e81-af7f-42d4-95a8-6a6f22e3ff1d"}
{"timestamp": "2026-05-18T20:08:22.282488", "level": "INFO", "logger": "NameTag.BrandGenerator", "message": "✅ Mood-based defaults applied for: 미니멀 & 프리미엄"}
{"timestamp": "2026-05-18T20:08:22.283488", "level": "INFO", "logger": "NameTag.Tracker", "message": "Step: variables_compiled", "variables": {"brand_variables": 5, "logo_variables": 6}, "step": "variables_compiled", "session_id": "698c4e81-af7f-42d4-95a8-6a6f22e3ff1d"}
{"timestamp": "2026-05-18T20:08:22.283488", "level": "INFO", "logger": "NameTag.BrandGenerator", "message": "✅ Logo variables generated successfully"}
{"timestamp": "2026-05-18T20:08:22.283488", "level": "INFO", "logger": "NameTag.BrandGenerator", "message": "📊 Tracked Variables: {'BRAND_1_NAME': '온기담(Ongidam)', 'BRAND_1_MEANING': \"'온기(Warmth)'를 '담다(Contain)'는 뜻으로, 일상의 차가움을 녹여주는 소품을 큐레이션한다는 의미입니다.\", 'BRAND_1_STORY': '지친 퇴근길, 현관문을 열었을 때 나를 반기는 작은 소품 하나가 주는 위로가 있습니다. 온기담은 당신의 공간이 가장 따뜻한 휴식처가 될 수 있도록, 정성이 깃든 물건들을 세심하게 골라 제안합니다.', 'BRAND_1_SLOGAN': '당신의 일상에 온기를 채우는 작은 발견', 'BRAND_1_TYPOGRAPHY_KOREAN': '나눔명조 (Nanum Myeongjo)', 'BRAND_1_TYPOGRAPHY_ENGLISH': 'Cormorant Garamond', 'BRAND_1_TYPOGRAPHY_REASON': '명조체의 정갈함이 진지하면서도 따뜻한 브랜드의 이미지를 전달하며, 클래식한 영문 서체가 신뢰감을 더해줍니다.', 'BRAND_1_CHARACTER_NAME': '담이', 'BRAND_1_CHARACTER_CONCEPT': '따뜻한 차 한 잔을 든 채 일상을 관찰하는 작은 다람쥐', 'BRAND_1_CHARACTER_PERSONALITY': '차분한, 사색적인, 다정한', 'BRAND_1_CHARACTER_VISUAL': '부드러운 베이지색 털을 가졌으며, 작은 안경을 쓰고 있습니다. 항상 무언가 소중한 것을 품에 안고 다니는 포근한 실루엣의 캐릭터입니다.', 'BRAND_1_LOGO_DESIGN_BRAND_NAME': '온기담', 'BRAND_1_LOGO_DESIGN_BRAND_TOPIC': '감성 소품 온라인 셀렉샵', 'BRAND_1_LOGO_DESIGN_CORE_VALUE': '따뜻함, 일상의 위로', 'BRAND_1_LOGO_DESIGN_TARGET_MOOD': '포근하고 정갈한 클래식', 'BRAND_1_LOGO_DESIGN_SYMBOL_TYPE': '찻잔이나 보자기 형태를 형상화한 미니멀한 심볼', 'BRAND_1_LOGO_DESIGN_FONT_STYLE': '전통적인 명조 계열의 우아한 느낌', 'BRAND_1_LOGO_DESIGN_FONT_REFERENCE': '바탕체, 본명조', 'BRAND_1_LOGO_DESIGN_FONT_WEIGHT': 'Medium', 'BRAND_1_LOGO_DESIGN_BRAND_COLOR': 'Warm Beige, Deep Brown', 'BRAND_1_LOGO_DESIGN_LOGO_TYPE': '심볼과 텍스트가 결합된 가로형', 'BRAND_1_LOGO_DESIGN_BACKGROUND': 'Ivory', 'BRAND_2_NAME': '아카이브 르네(Archive Rene)', 'BRAND_2_MEANING': \"'기록(Archive)'과 '다시 태어나다(Rene)'의 합성어로, 고전적인 가치를 현대적 감각으로 재발견한다는 의미입니다.\", 'BRAND_2_STORY': '유행은 변하지만 당신의 취향은 선명하게 남아야 합니다. 아카이브 르네는 시간이 흐를수록 깊이를 더하는 클래식한 소품들을 통해 30대 여성의 성숙하고 진지한 라이프스타일을 지지합니다.', 'BRAND_2_SLOGAN': '시간이 흘러도 변치 않는 당신만의 취향 기록', 'BRAND_2_TYPOGRAPHY_KOREAN': '본명조 (Source Han Serif)', 'BRAND_2_TYPOGRAPHY_ENGLISH': 'Playfair Display', 'BRAND_2_TYPOGRAPHY_REASON': '직선과 곡선이 조화로운 본명조는 진지한 브랜드 태도를 보여주며, 세련된 영문 서체는 고급스러운 감성을 강조합니다.', 'BRAND_2_CHARACTER_NAME': '르네', 'BRAND_2_CHARACTER_CONCEPT': '오래된 도서관의 사서 같은 고양이', 'BRAND_2_CHARACTER_PERSONALITY': '꼼꼼한, 우아한, 신중한', 'BRAND_2_CHARACTER_VISUAL': '단정한 네이비색 리본을 매고 있으며, 긴 꼬리로 소중한 물건을 감싸 안는 모습입니다. 발걸음이 조용하고 눈매가 깊은 샴고양이의 형상입니다.', 'BRAND_2_LOGO_DESIGN_BRAND_NAME': 'Archive Rene', 'BRAND_2_LOGO_DESIGN_BRAND_TOPIC': '클래식 소품 큐레이션', 'BRAND_2_LOGO_DESIGN_CORE_VALUE': '영속성, 클래식', 'BRAND_2_LOGO_DESIGN_TARGET_MOOD': '세련되고 지적인 미니멀리즘', 'BRAND_2_LOGO_DESIGN_SYMBOL_TYPE': '책갈피나 깃펜을 형상화한 직선적인 로고', 'BRAND_2_LOGO_DESIGN_FONT_STYLE': '세리프가 강조된 세련된 서체', 'BRAND_2_LOGO_DESIGN_FONT_REFERENCE': 'Didot, Bodoni', 'BRAND_2_LOGO_DESIGN_FONT_WEIGHT': 'Bold', 'BRAND_2_LOGO_DESIGN_BRAND_COLOR': 'Midnight Blue, Champagne Gold', 'BRAND_2_LOGO_DESIGN_LOGO_TYPE': '영문 중심의 워드마크', 'BRAND_2_LOGO_DESIGN_BACKGROUND': 'Cream', 'BRAND_3_NAME': '오디네르(Ordinaire)', 'BRAND_3_MEANING': \"프랑스어로 '일상적인'을 뜻하며, 평범한 매일 속에서 특별한 아름다움을 발견하고자 하는 의지를 담았습니다.\", 'BRAND_3_STORY': '특별한 날을 기다리기보다 오늘 하루를 특별하게 만드는 법을 고민합니다. 오디네르는 당신의 책상 위, 침대 옆 작은 공간에서 시작되는 소박하지만 밀도 있는 행복을 제안합니다.', 'BRAND_3_SLOGAN': '평범한 하루를 빛내는 미니멀한 조각들', 'BRAND_3_TYPOGRAPHY_KOREAN': '프리텐다드 (Pretendard)', 'BRAND_3_TYPOGRAPHY_ENGLISH': 'Montserrat', 'BRAND_3_TYPOGRAPHY_REASON': '군더더기 없는 미니멀한 산세리프 서체를 통해 현대적이고 깔끔한 취향을 가진 타겟의 선호도를 반영했습니다.', 'BRAND_3_CHARACTER_NAME': '오디', 'BRAND_3_CHARACTER_CONCEPT': '일상의 조각을 모으는 작은 빛의 정령', 'BRAND_3_CHARACTER_PERSONALITY': '순수한, 차분한, 관찰력이 좋은', 'BRAND_3_CHARACTER_VISUAL': '반투명하고 둥글둥글한 실루엣을 가진 작은 빛의 형체입니다. 주변 환경에 따라 은은하게 색이 변하며 소품들 사이에 자연스럽게 녹아드는 모습입니다.', 'BRAND_3_LOGO_DESIGN_BRAND_NAME': 'Ordinaire', 'BRAND_3_LOGO_DESIGN_BRAND_TOPIC': '미니멀 감성 소품샵', 'BRAND_3_LOGO_DESIGN_CORE_VALUE': '미니멀리즘, 일상의 미학', 'BRAND_3_LOGO_DESIGN_TARGET_MOOD': '깨끗하고 고요한 감성', 'BRAND_3_LOGO_DESIGN_SYMBOL_TYPE': '원과 선으로 이루어진 극도로 단순한 기하학적 심볼', 'BRAND_3_LOGO_DESIGN_FONT_STYLE': '현대적이고 정갈한 산세리프', 'BRAND_3_LOGO_DESIGN_FONT_REFERENCE': 'Helvetica, Futura', 'BRAND_3_LOGO_DESIGN_FONT_WEIGHT': 'Light', 'BRAND_3_LOGO_DESIGN_BRAND_COLOR': 'Soft Gray, Sage Green', 'BRAND_3_LOGO_DESIGN_LOGO_TYPE': '심볼과 워드마크의 상하 조합', 'BRAND_3_LOGO_DESIGN_BACKGROUND': 'White', 'BRAND_BRAND_NAME': '루엘 (Luelle)', 'BRAND_BRAND_NAME_MEANING': \"프랑스어 'Lueur(미광, 온기)'와 'Elle(그녀)'의 합성어로, 그녀의 일상을 부드럽게 비추는 따뜻한 오브제를 발견한다는 의미입니다.\", 'BRAND_BRAND_TOPIC': '30대 직장 여성을 위한 감성 인테리어 소품 및 라이프스타일 큐레이션 셀렉숍', 'BRAND_CORE_VALUE': '정제된 따뜻함, 일상의 재발견', 'BRAND_SLOGAN': '당신의 평범한 일상을 빛내는 작은 조각', 'LOGO_TARGET_MOOD': '미니멀 & 프리미엄', 'LOGO_BRAND_COLOR': '#D2B48C (뮤트한 베이지)', 'LOGO_FONT_STYLE': '클래식 세리프', 'LOGO_SYMBOL_TYPE': '유기적', 'LOGO_LOGO_TYPE': '심볼+텍스트 조합', 'LOGO_BACKGROUND': '흰색'}"}
{"timestamp": "2026-05-18T20:08:22.285488", "level": "INFO", "logger": "NameTag.App", "message": "✅ Generation completed for session: 698c4e81-af7f-42d4-95a8-6a6f22e3ff1d"}
{"timestamp": "2026-05-18T20:08:22.285488", "level": "INFO", "logger": "NameTag.App", "message": "✅ Generation completed for session: 698c4e81-af7f-42d4-95a8-6a6f22e3ff1d"}
{"timestamp": "2026-05-18T20:09:00.377459", "level": "INFO", "logger": "NameTag.BrandGenerator", "message": "🎨 Generating logo image for brand: 온기담 (session: 698c4e81-af7f-42d4-95a8-6a6f22e3ff1d)"}
{"timestamp": "2026-05-18T20:09:00.979131", "level": "INFO", "logger": "NameTag.BrandGenerator", "message": "📝 Calling Gemini API for logo generation..."}
{"timestamp": "2026-05-18T20:09:01.238966", "level": "ERROR", "logger": "NameTag.BrandGenerator", "message": "❌ Logo generation error: 429 RESOURCE_EXHAUSTED. {'error': {'code': 429, 'message': 'You exceeded your current quota, please check your plan and billing details. For more information on this error, head to: https://ai.google.dev/gemini-api/docs/rate-limits. To monitor your current usage, head to: https://ai.dev/rate-limit. \\n* Quota exceeded for metric: generativelanguage.googleapis.com/generate_content_free_tier_input_token_count, limit: 0, model: gemini-3.1-flash-image\\n* Quota exceeded for metric: generativelanguage.googleapis.com/generate_content_free_tier_requests, limit: 0, model: gemini-3.1-flash-image\\n* Quota exceeded for metric: generativelanguage.googleapis.com/generate_content_free_tier_requests, limit: 0, model: gemini-3.1-flash-image\\nPlease retry in 87.819836ms.', 'status': 'RESOURCE_EXHAUSTED', 'details': [{'@type': 'type.googleapis.com/google.rpc.Help', 'links': [{'description': 'Learn more about Gemini API quotas', 'url': 'https://ai.google.dev/gemini-api/docs/rate-limits'}]}, {'@type': 'type.googleapis.com/google.rpc.QuotaFailure', 'violations': [{'quotaMetric': 'generativelanguage.googleapis.com/generate_content_free_tier_input_token_count', 'quotaId': 'GenerateContentInputTokensPerModelPerMinute-FreeTier', 'quotaDimensions': {'model': 'gemini-3.1-flash-image', 'location': 'global'}}, {'quotaMetric': 'generativelanguage.googleapis.com/generate_content_free_tier_requests', 'quotaId': 'GenerateRequestsPerMinutePerProjectPerModel-FreeTier', 'quotaDimensions': {'location': 'global', 'model': 'gemini-3.1-flash-image'}}, {'quotaMetric': 'generativelanguage.googleapis.com/generate_content_free_tier_requests', 'quotaId': 'GenerateRequestsPerDayPerProjectPerModel-FreeTier', 'quotaDimensions': {'location': 'global', 'model': 'gemini-3.1-flash-image'}}]}, {'@type': 'type.googleapis.com/google.rpc.RetryInfo', 'retryDelay': '0s'}]}}", "exception": "Traceback (most recent call last):\n  File \"F:\\workspace\\Name_Tag\\services\\brand_generator.py\", line 607, in generate_logo_image\n    response = client.models.generate_content(\n               ^^^^^^^^^^^^^^^^^^^^^^^^^^^^^^^\n  File \"F:\\workspace\\Name_Tag\\.venv\\Lib\\site-packages\\google\\genai\\models.py\", line 6405, in generate_content\n    response = self._generate_content(\n               ^^^^^^^^^^^^^^^^^^^^^^^\n  File \"F:\\workspace\\Name_Tag\\.venv\\Lib\\site-packages\\google\\genai\\models.py\", line 4841, in _generate_content\n    response = self._api_client.request(\n               ^^^^^^^^^^^^^^^^^^^^^^^^^\n  File \"F:\\workspace\\Name_Tag\\.venv\\Lib\\site-packages\\google\\genai\\_api_client.py\", line 1611, in request\n    response = self._request(http_request, http_options, stream=False)\n               ^^^^^^^^^^^^^^^^^^^^^^^^^^^^^^^^^^^^^^^^^^^^^^^^^^^^^^^\n  File \"F:\\workspace\\Name_Tag\\.venv\\Lib\\site-packages\\google\\genai\\_api_client.py\", line 1404, in _request\n    return self._retry(self._request_once, http_request, stream)  # type: ignore[no-any-return]\n           ^^^^^^^^^^^^^^^^^^^^^^^^^^^^^^^^^^^^^^^^^^^^^^^^^^^^^\n  File \"F:\\workspace\\Name_Tag\\.venv\\Lib\\site-packages\\tenacity\\__init__.py\", line 470, in __call__\n    do = self.iter(retry_state=retry_state)\n         ^^^^^^^^^^^^^^^^^^^^^^^^^^^^^^^^^^\n  File \"F:\\workspace\\Name_Tag\\.venv\\Lib\\site-packages\\tenacity\\__init__.py\", line 371, in iter\n    result = action(retry_state)\n             ^^^^^^^^^^^^^^^^^^^\n  File \"F:\\workspace\\Name_Tag\\.venv\\Lib\\site-packages\\tenacity\\__init__.py\", line 413, in exc_check\n    raise retry_exc.reraise()\n          ^^^^^^^^^^^^^^^^^^^\n  File \"F:\\workspace\\Name_Tag\\.venv\\Lib\\site-packages\\tenacity\\__init__.py\", line 184, in reraise\n    raise self.last_attempt.result()\n          ^^^^^^^^^^^^^^^^^^^^^^^^^^\n  File \"C:\\Users\\joyos\\AppData\\Local\\Programs\\Python\\Python312\\Lib\\concurrent\\futures\\_base.py\", line 449, in result\n    return self.__get_result()\n           ^^^^^^^^^^^^^^^^^^^\n  File \"C:\\Users\\joyos\\AppData\\Local\\Programs\\Python\\Python312\\Lib\\concurrent\\futures\\_base.py\", line 401, in __get_result\n    raise self._exception\n  File \"F:\\workspace\\Name_Tag\\.venv\\Lib\\site-packages\\tenacity\\__init__.py\", line 473, in __call__\n    result = fn(*args, **kwargs)\n             ^^^^^^^^^^^^^^^^^^^\n  File \"F:\\workspace\\Name_Tag\\.venv\\Lib\\site-packages\\google\\genai\\_api_client.py\", line 1381, in _request_once\n    errors.APIError.raise_for_response(response)\n  File \"F:\\workspace\\Name_Tag\\.venv\\Lib\\site-packages\\google\\genai\\errors.py\", line 155, in raise_for_response\n    cls.raise_error(response.status_code, response_json, response)\n  File \"F:\\workspace\\Name_Tag\\.venv\\Lib\\site-packages\\google\\genai\\errors.py\", line 184, in raise_error\n    raise ClientError(status_code, response_json, response)\ngoogle.genai.errors.ClientError: 429 RESOURCE_EXHAUSTED. {'error': {'code': 429, 'message': 'You exceeded your current quota, please check your plan and billing details. For more information on this error, head to: https://ai.google.dev/gemini-api/docs/rate-limits. To monitor your current usage, head to: https://ai.dev/rate-limit. \\n* Quota exceeded for metric: generativelanguage.googleapis.com/generate_content_free_tier_input_token_count, limit: 0, model: gemini-3.1-flash-image\\n* Quota exceeded for metric: generativelanguage.googleapis.com/generate_content_free_tier_requests, limit: 0, model: gemini-3.1-flash-image\\n* Quota exceeded for metric: generativelanguage.googleapis.com/generate_content_free_tier_requests, limit: 0, model: gemini-3.1-flash-image\\nPlease retry in 87.819836ms.', 'status': 'RESOURCE_EXHAUSTED', 'details': [{'@type': 'type.googleapis.com/google.rpc.Help', 'links': [{'description': 'Learn more about Gemini API quotas', 'url': 'https://ai.google.dev/gemini-api/docs/rate-limits'}]}, {'@type': 'type.googleapis.com/google.rpc.QuotaFailure', 'violations': [{'quotaMetric': 'generativelanguage.googleapis.com/generate_content_free_tier_input_token_count', 'quotaId': 'GenerateContentInputTokensPerModelPerMinute-FreeTier', 'quotaDimensions': {'model': 'gemini-3.1-flash-image', 'location': 'global'}}, {'quotaMetric': 'generativelanguage.googleapis.com/generate_content_free_tier_requests', 'quotaId': 'GenerateRequestsPerMinutePerProjectPerModel-FreeTier', 'quotaDimensions': {'location': 'global', 'model': 'gemini-3.1-flash-image'}}, {'quotaMetric': 'generativelanguage.googleapis.com/generate_content_free_tier_requests', 'quotaId': 'GenerateRequestsPerDayPerProjectPerModel-FreeTier', 'quotaDimensions': {'location': 'global', 'model': 'gemini-3.1-flash-image'}}]}, {'@type': 'type.googleapis.com/google.rpc.RetryInfo', 'retryDelay': '0s'}]}}"}
{"timestamp": "2026-05-18T20:09:01.272520", "level": "ERROR", "logger": "NameTag.App", "message": "Logo generation error: 429 RESOURCE_EXHAUSTED. {'error': {'code': 429, 'message': 'You exceeded your current quota, please check your plan and billing details. For more information on this error, head to: https://ai.google.dev/gemini-api/docs/rate-limits. To monitor your current usage, head to: https://ai.dev/rate-limit. \\n* Quota exceeded for metric: generativelanguage.googleapis.com/generate_content_free_tier_input_token_count, limit: 0, model: gemini-3.1-flash-image\\n* Quota exceeded for metric: generativelanguage.googleapis.com/generate_content_free_tier_requests, limit: 0, model: gemini-3.1-flash-image\\n* Quota exceeded for metric: generativelanguage.googleapis.com/generate_content_free_tier_requests, limit: 0, model: gemini-3.1-flash-image\\nPlease retry in 87.819836ms.', 'status': 'RESOURCE_EXHAUSTED', 'details': [{'@type': 'type.googleapis.com/google.rpc.Help', 'links': [{'description': 'Learn more about Gemini API quotas', 'url': 'https://ai.google.dev/gemini-api/docs/rate-limits'}]}, {'@type': 'type.googleapis.com/google.rpc.QuotaFailure', 'violations': [{'quotaMetric': 'generativelanguage.googleapis.com/generate_content_free_tier_input_token_count', 'quotaId': 'GenerateContentInputTokensPerModelPerMinute-FreeTier', 'quotaDimensions': {'model': 'gemini-3.1-flash-image', 'location': 'global'}}, {'quotaMetric': 'generativelanguage.googleapis.com/generate_content_free_tier_requests', 'quotaId': 'GenerateRequestsPerMinutePerProjectPerModel-FreeTier', 'quotaDimensions': {'location': 'global', 'model': 'gemini-3.1-flash-image'}}, {'quotaMetric': 'generativelanguage.googleapis.com/generate_content_free_tier_requests', 'quotaId': 'GenerateRequestsPerDayPerProjectPerModel-FreeTier', 'quotaDimensions': {'location': 'global', 'model': 'gemini-3.1-flash-image'}}]}, {'@type': 'type.googleapis.com/google.rpc.RetryInfo', 'retryDelay': '0s'}]}}", "exception": "Traceback (most recent call last):\n  File \"F:\\workspace\\Name_Tag\\app.py\", line 313, in <module>\n    image_bytes, filename = generate_logo_image(\n                            ^^^^^^^^^^^^^^^^^^^^\n  File \"F:\\workspace\\Name_Tag\\services\\brand_generator.py\", line 607, in generate_logo_image\n    response = client.models.generate_content(\n               ^^^^^^^^^^^^^^^^^^^^^^^^^^^^^^^\n  File \"F:\\workspace\\Name_Tag\\.venv\\Lib\\site-packages\\google\\genai\\models.py\", line 6405, in generate_content\n    response = self._generate_content(\n               ^^^^^^^^^^^^^^^^^^^^^^^\n  File \"F:\\workspace\\Name_Tag\\.venv\\Lib\\site-packages\\google\\genai\\models.py\", line 4841, in _generate_content\n    response = self._api_client.request(\n               ^^^^^^^^^^^^^^^^^^^^^^^^^\n  File \"F:\\workspace\\Name_Tag\\.venv\\Lib\\site-packages\\google\\genai\\_api_client.py\", line 1611, in request\n    response = self._request(http_request, http_options, stream=False)\n               ^^^^^^^^^^^^^^^^^^^^^^^^^^^^^^^^^^^^^^^^^^^^^^^^^^^^^^^\n  File \"F:\\workspace\\Name_Tag\\.venv\\Lib\\site-packages\\google\\genai\\_api_client.py\", line 1404, in _request\n    return self._retry(self._request_once, http_request, stream)  # type: ignore[no-any-return]\n           ^^^^^^^^^^^^^^^^^^^^^^^^^^^^^^^^^^^^^^^^^^^^^^^^^^^^^\n  File \"F:\\workspace\\Name_Tag\\.venv\\Lib\\site-packages\\tenacity\\__init__.py\", line 470, in __call__\n    do = self.iter(retry_state=retry_state)\n         ^^^^^^^^^^^^^^^^^^^^^^^^^^^^^^^^^^\n  File \"F:\\workspace\\Name_Tag\\.venv\\Lib\\site-packages\\tenacity\\__init__.py\", line 371, in iter\n    result = action(retry_state)\n             ^^^^^^^^^^^^^^^^^^^\n  File \"F:\\workspace\\Name_Tag\\.venv\\Lib\\site-packages\\tenacity\\__init__.py\", line 413, in exc_check\n    raise retry_exc.reraise()\n          ^^^^^^^^^^^^^^^^^^^\n  File \"F:\\workspace\\Name_Tag\\.venv\\Lib\\site-packages\\tenacity\\__init__.py\", line 184, in reraise\n    raise self.last_attempt.result()\n          ^^^^^^^^^^^^^^^^^^^^^^^^^^\n  File \"C:\\Users\\joyos\\AppData\\Local\\Programs\\Python\\Python312\\Lib\\concurrent\\futures\\_base.py\", line 449, in result\n    return self.__get_result()\n           ^^^^^^^^^^^^^^^^^^^\n  File \"C:\\Users\\joyos\\AppData\\Local\\Programs\\Python\\Python312\\Lib\\concurrent\\futures\\_base.py\", line 401, in __get_result\n    raise self._exception\n  File \"F:\\workspace\\Name_Tag\\.venv\\Lib\\site-packages\\tenacity\\__init__.py\", line 473, in __call__\n    result = fn(*args, **kwargs)\n             ^^^^^^^^^^^^^^^^^^^\n  File \"F:\\workspace\\Name_Tag\\.venv\\Lib\\site-packages\\google\\genai\\_api_client.py\", line 1381, in _request_once\n    errors.APIError.raise_for_response(response)\n  File \"F:\\workspace\\Name_Tag\\.venv\\Lib\\site-packages\\google\\genai\\errors.py\", line 155, in raise_for_response\n    cls.raise_error(response.status_code, response_json, response)\n  File \"F:\\workspace\\Name_Tag\\.venv\\Lib\\site-packages\\google\\genai\\errors.py\", line 184, in raise_error\n    raise ClientError(status_code, response_json, response)\ngoogle.genai.errors.ClientError: 429 RESOURCE_EXHAUSTED. {'error': {'code': 429, 'message': 'You exceeded your current quota, please check your plan and billing details. For more information on this error, head to: https://ai.google.dev/gemini-api/docs/rate-limits. To monitor your current usage, head to: https://ai.dev/rate-limit. \\n* Quota exceeded for metric: generativelanguage.googleapis.com/generate_content_free_tier_input_token_count, limit: 0, model: gemini-3.1-flash-image\\n* Quota exceeded for metric: generativelanguage.googleapis.com/generate_content_free_tier_requests, limit: 0, model: gemini-3.1-flash-image\\n* Quota exceeded for metric: generativelanguage.googleapis.com/generate_content_free_tier_requests, limit: 0, model: gemini-3.1-flash-image\\nPlease retry in 87.819836ms.', 'status': 'RESOURCE_EXHAUSTED', 'details': [{'@type': 'type.googleapis.com/google.rpc.Help', 'links': [{'description': 'Learn more about Gemini API quotas', 'url': 'https://ai.google.dev/gemini-api/docs/rate-limits'}]}, {'@type': 'type.googleapis.com/google.rpc.QuotaFailure', 'violations': [{'quotaMetric': 'generativelanguage.googleapis.com/generate_content_free_tier_input_token_count', 'quotaId': 'GenerateContentInputTokensPerModelPerMinute-FreeTier', 'quotaDimensions': {'model': 'gemini-3.1-flash-image', 'location': 'global'}}, {'quotaMetric': 'generativelanguage.googleapis.com/generate_content_free_tier_requests', 'quotaId': 'GenerateRequestsPerMinutePerProjectPerModel-FreeTier', 'quotaDimensions': {'location': 'global', 'model': 'gemini-3.1-flash-image'}}, {'quotaMetric': 'generativelanguage.googleapis.com/generate_content_free_tier_requests', 'quotaId': 'GenerateRequestsPerDayPerProjectPerModel-FreeTier', 'quotaDimensions': {'location': 'global', 'model': 'gemini-3.1-flash-image'}}]}, {'@type': 'type.googleapis.com/google.rpc.RetryInfo', 'retryDelay': '0s'}]}}"}
{"timestamp": "2026-05-18T20:09:01.275520", "level": "ERROR", "logger": "NameTag.App", "message": "Logo generation error: 429 RESOURCE_EXHAUSTED. {'error': {'code': 429, 'message': 'You exceeded your current quota, please check your plan and billing details. For more information on this error, head to: https://ai.google.dev/gemini-api/docs/rate-limits. To monitor your current usage, head to: https://ai.dev/rate-limit. \\n* Quota exceeded for metric: generativelanguage.googleapis.com/generate_content_free_tier_input_token_count, limit: 0, model: gemini-3.1-flash-image\\n* Quota exceeded for metric: generativelanguage.googleapis.com/generate_content_free_tier_requests, limit: 0, model: gemini-3.1-flash-image\\n* Quota exceeded for metric: generativelanguage.googleapis.com/generate_content_free_tier_requests, limit: 0, model: gemini-3.1-flash-image\\nPlease retry in 87.819836ms.', 'status': 'RESOURCE_EXHAUSTED', 'details': [{'@type': 'type.googleapis.com/google.rpc.Help', 'links': [{'description': 'Learn more about Gemini API quotas', 'url': 'https://ai.google.dev/gemini-api/docs/rate-limits'}]}, {'@type': 'type.googleapis.com/google.rpc.QuotaFailure', 'violations': [{'quotaMetric': 'generativelanguage.googleapis.com/generate_content_free_tier_input_token_count', 'quotaId': 'GenerateContentInputTokensPerModelPerMinute-FreeTier', 'quotaDimensions': {'model': 'gemini-3.1-flash-image', 'location': 'global'}}, {'quotaMetric': 'generativelanguage.googleapis.com/generate_content_free_tier_requests', 'quotaId': 'GenerateRequestsPerMinutePerProjectPerModel-FreeTier', 'quotaDimensions': {'location': 'global', 'model': 'gemini-3.1-flash-image'}}, {'quotaMetric': 'generativelanguage.googleapis.com/generate_content_free_tier_requests', 'quotaId': 'GenerateRequestsPerDayPerProjectPerModel-FreeTier', 'quotaDimensions': {'location': 'global', 'model': 'gemini-3.1-flash-image'}}]}, {'@type': 'type.googleapis.com/google.rpc.RetryInfo', 'retryDelay': '0s'}]}}", "exception": "Traceback (most recent call last):\n  File \"F:\\workspace\\Name_Tag\\app.py\", line 313, in <module>\n    image_bytes, filename = generate_logo_image(\n                            ^^^^^^^^^^^^^^^^^^^^\n  File \"F:\\workspace\\Name_Tag\\services\\brand_generator.py\", line 607, in generate_logo_image\n    response = client.models.generate_content(\n               ^^^^^^^^^^^^^^^^^^^^^^^^^^^^^^^\n  File \"F:\\workspace\\Name_Tag\\.venv\\Lib\\site-packages\\google\\genai\\models.py\", line 6405, in generate_content\n    response = self._generate_content(\n               ^^^^^^^^^^^^^^^^^^^^^^^\n  File \"F:\\workspace\\Name_Tag\\.venv\\Lib\\site-packages\\google\\genai\\models.py\", line 4841, in _generate_content\n    response = self._api_client.request(\n               ^^^^^^^^^^^^^^^^^^^^^^^^^\n  File \"F:\\workspace\\Name_Tag\\.venv\\Lib\\site-packages\\google\\genai\\_api_client.py\", line 1611, in request\n    response = self._request(http_request, http_options, stream=False)\n               ^^^^^^^^^^^^^^^^^^^^^^^^^^^^^^^^^^^^^^^^^^^^^^^^^^^^^^^\n  File \"F:\\workspace\\Name_Tag\\.venv\\Lib\\site-packages\\google\\genai\\_api_client.py\", line 1404, in _request\n    return self._retry(self._request_once, http_request, stream)  # type: ignore[no-any-return]\n           ^^^^^^^^^^^^^^^^^^^^^^^^^^^^^^^^^^^^^^^^^^^^^^^^^^^^^\n  File \"F:\\workspace\\Name_Tag\\.venv\\Lib\\site-packages\\tenacity\\__init__.py\", line 470, in __call__\n    do = self.iter(retry_state=retry_state)\n         ^^^^^^^^^^^^^^^^^^^^^^^^^^^^^^^^^^\n  File \"F:\\workspace\\Name_Tag\\.venv\\Lib\\site-packages\\tenacity\\__init__.py\", line 371, in iter\n    result = action(retry_state)\n             ^^^^^^^^^^^^^^^^^^^\n  File \"F:\\workspace\\Name_Tag\\.venv\\Lib\\site-packages\\tenacity\\__init__.py\", line 413, in exc_check\n    raise retry_exc.reraise()\n          ^^^^^^^^^^^^^^^^^^^\n  File \"F:\\workspace\\Name_Tag\\.venv\\Lib\\site-packages\\tenacity\\__init__.py\", line 184, in reraise\n    raise self.last_attempt.result()\n          ^^^^^^^^^^^^^^^^^^^^^^^^^^\n  File \"C:\\Users\\joyos\\AppData\\Local\\Programs\\Python\\Python312\\Lib\\concurrent\\futures\\_base.py\", line 449, in result\n    return self.__get_result()\n           ^^^^^^^^^^^^^^^^^^^\n  File \"C:\\Users\\joyos\\AppData\\Local\\Programs\\Python\\Python312\\Lib\\concurrent\\futures\\_base.py\", line 401, in __get_result\n    raise self._exception\n  File \"F:\\workspace\\Name_Tag\\.venv\\Lib\\site-packages\\tenacity\\__init__.py\", line 473, in __call__\n    result = fn(*args, **kwargs)\n             ^^^^^^^^^^^^^^^^^^^\n  File \"F:\\workspace\\Name_Tag\\.venv\\Lib\\site-packages\\google\\genai\\_api_client.py\", line 1381, in _request_once\n    errors.APIError.raise_for_response(response)\n  File \"F:\\workspace\\Name_Tag\\.venv\\Lib\\site-packages\\google\\genai\\errors.py\", line 155, in raise_for_response\n    cls.raise_error(response.status_code, response_json, response)\n  File \"F:\\workspace\\Name_Tag\\.venv\\Lib\\site-packages\\google\\genai\\errors.py\", line 184, in raise_error\n    raise ClientError(status_code, response_json, response)\ngoogle.genai.errors.ClientError: 429 RESOURCE_EXHAUSTED. {'error': {'code': 429, 'message': 'You exceeded your current quota, please check your plan and billing details. For more information on this error, head to: https://ai.google.dev/gemini-api/docs/rate-limits. To monitor your current usage, head to: https://ai.dev/rate-limit. \\n* Quota exceeded for metric: generativelanguage.googleapis.com/generate_content_free_tier_input_token_count, limit: 0, model: gemini-3.1-flash-image\\n* Quota exceeded for metric: generativelanguage.googleapis.com/generate_content_free_tier_requests, limit: 0, model: gemini-3.1-flash-image\\n* Quota exceeded for metric: generativelanguage.googleapis.com/generate_content_free_tier_requests, limit: 0, model: gemini-3.1-flash-image\\nPlease retry in 87.819836ms.', 'status': 'RESOURCE_EXHAUSTED', 'details': [{'@type': 'type.googleapis.com/google.rpc.Help', 'links': [{'description': 'Learn more about Gemini API quotas', 'url': 'https://ai.google.dev/gemini-api/docs/rate-limits'}]}, {'@type': 'type.googleapis.com/google.rpc.QuotaFailure', 'violations': [{'quotaMetric': 'generativelanguage.googleapis.com/generate_content_free_tier_input_token_count', 'quotaId': 'GenerateContentInputTokensPerModelPerMinute-FreeTier', 'quotaDimensions': {'model': 'gemini-3.1-flash-image', 'location': 'global'}}, {'quotaMetric': 'generativelanguage.googleapis.com/generate_content_free_tier_requests', 'quotaId': 'GenerateRequestsPerMinutePerProjectPerModel-FreeTier', 'quotaDimensions': {'location': 'global', 'model': 'gemini-3.1-flash-image'}}, {'quotaMetric': 'generativelanguage.googleapis.com/generate_content_free_tier_requests', 'quotaId': 'GenerateRequestsPerDayPerProjectPerModel-FreeTier', 'quotaDimensions': {'location': 'global', 'model': 'gemini-3.1-flash-image'}}]}, {'@type': 'type.googleapis.com/google.rpc.RetryInfo', 'retryDelay': '0s'}]}}"}
{"timestamp": "2026-05-18T20:45:19.085301", "level": "INFO", "logger": "NameTag.BrandGenerator", "message": "🎨 Generating logo image for brand: 온기담 (session: 698c4e81-af7f-42d4-95a8-6a6f22e3ff1d)"}
{"timestamp": "2026-05-18T20:45:19.679237", "level": "INFO", "logger": "NameTag.BrandGenerator", "message": "📝 Calling Gemini API for logo generation..."}
{"timestamp": "2026-05-18T20:45:19.940488", "level": "ERROR", "logger": "NameTag.BrandGenerator", "message": "❌ Logo generation error: 429 RESOURCE_EXHAUSTED. {'error': {'code': 429, 'message': 'You exceeded your current quota, please check your plan and billing details. For more information on this error, head to: https://ai.google.dev/gemini-api/docs/rate-limits. To monitor your current usage, head to: https://ai.dev/rate-limit. \\n* Quota exceeded for metric: generativelanguage.googleapis.com/generate_content_free_tier_input_token_count, limit: 0, model: gemini-3.1-flash-image\\n* Quota exceeded for metric: generativelanguage.googleapis.com/generate_content_free_tier_requests, limit: 0, model: gemini-3.1-flash-image\\n* Quota exceeded for metric: generativelanguage.googleapis.com/generate_content_free_tier_requests, limit: 0, model: gemini-3.1-flash-image\\nPlease retry in 41.314550653s.', 'status': 'RESOURCE_EXHAUSTED', 'details': [{'@type': 'type.googleapis.com/google.rpc.Help', 'links': [{'description': 'Learn more about Gemini API quotas', 'url': 'https://ai.google.dev/gemini-api/docs/rate-limits'}]}, {'@type': 'type.googleapis.com/google.rpc.QuotaFailure', 'violations': [{'quotaMetric': 'generativelanguage.googleapis.com/generate_content_free_tier_input_token_count', 'quotaId': 'GenerateContentInputTokensPerModelPerMinute-FreeTier', 'quotaDimensions': {'location': 'global', 'model': 'gemini-3.1-flash-image'}}, {'quotaMetric': 'generativelanguage.googleapis.com/generate_content_free_tier_requests', 'quotaId': 'GenerateRequestsPerMinutePerProjectPerModel-FreeTier', 'quotaDimensions': {'location': 'global', 'model': 'gemini-3.1-flash-image'}}, {'quotaMetric': 'generativelanguage.googleapis.com/generate_content_free_tier_requests', 'quotaId': 'GenerateRequestsPerDayPerProjectPerModel-FreeTier', 'quotaDimensions': {'location': 'global', 'model': 'gemini-3.1-flash-image'}}]}, {'@type': 'type.googleapis.com/google.rpc.RetryInfo', 'retryDelay': '41s'}]}}", "exception": "Traceback (most recent call last):\n  File \"F:\\workspace\\Name_Tag\\services\\brand_generator.py\", line 607, in generate_logo_image\n    response = client.models.generate_content(\n               ^^^^^^^^^^^^^^^^^^^^^^^^^^^^^^^\n  File \"F:\\workspace\\Name_Tag\\.venv\\Lib\\site-packages\\google\\genai\\models.py\", line 6405, in generate_content\n    response = self._generate_content(\n               ^^^^^^^^^^^^^^^^^^^^^^^\n  File \"F:\\workspace\\Name_Tag\\.venv\\Lib\\site-packages\\google\\genai\\models.py\", line 4841, in _generate_content\n    response = self._api_client.request(\n               ^^^^^^^^^^^^^^^^^^^^^^^^^\n  File \"F:\\workspace\\Name_Tag\\.venv\\Lib\\site-packages\\google\\genai\\_api_client.py\", line 1611, in request\n    response = self._request(http_request, http_options, stream=False)\n               ^^^^^^^^^^^^^^^^^^^^^^^^^^^^^^^^^^^^^^^^^^^^^^^^^^^^^^^\n  File \"F:\\workspace\\Name_Tag\\.venv\\Lib\\site-packages\\google\\genai\\_api_client.py\", line 1404, in _request\n    return self._retry(self._request_once, http_request, stream)  # type: ignore[no-any-return]\n           ^^^^^^^^^^^^^^^^^^^^^^^^^^^^^^^^^^^^^^^^^^^^^^^^^^^^^\n  File \"F:\\workspace\\Name_Tag\\.venv\\Lib\\site-packages\\tenacity\\__init__.py\", line 470, in __call__\n    do = self.iter(retry_state=retry_state)\n         ^^^^^^^^^^^^^^^^^^^^^^^^^^^^^^^^^^\n  File \"F:\\workspace\\Name_Tag\\.venv\\Lib\\site-packages\\tenacity\\__init__.py\", line 371, in iter\n    result = action(retry_state)\n             ^^^^^^^^^^^^^^^^^^^\n  File \"F:\\workspace\\Name_Tag\\.venv\\Lib\\site-packages\\tenacity\\__init__.py\", line 413, in exc_check\n    raise retry_exc.reraise()\n          ^^^^^^^^^^^^^^^^^^^\n  File \"F:\\workspace\\Name_Tag\\.venv\\Lib\\site-packages\\tenacity\\__init__.py\", line 184, in reraise\n    raise self.last_attempt.result()\n          ^^^^^^^^^^^^^^^^^^^^^^^^^^\n  File \"C:\\Users\\joyos\\AppData\\Local\\Programs\\Python\\Python312\\Lib\\concurrent\\futures\\_base.py\", line 449, in result\n    return self.__get_result()\n           ^^^^^^^^^^^^^^^^^^^\n  File \"C:\\Users\\joyos\\AppData\\Local\\Programs\\Python\\Python312\\Lib\\concurrent\\futures\\_base.py\", line 401, in __get_result\n    raise self._exception\n  File \"F:\\workspace\\Name_Tag\\.venv\\Lib\\site-packages\\tenacity\\__init__.py\", line 473, in __call__\n    result = fn(*args, **kwargs)\n             ^^^^^^^^^^^^^^^^^^^\n  File \"F:\\workspace\\Name_Tag\\.venv\\Lib\\site-packages\\google\\genai\\_api_client.py\", line 1381, in _request_once\n    errors.APIError.raise_for_response(response)\n  File \"F:\\workspace\\Name_Tag\\.venv\\Lib\\site-packages\\google\\genai\\errors.py\", line 155, in raise_for_response\n    cls.raise_error(response.status_code, response_json, response)\n  File \"F:\\workspace\\Name_Tag\\.venv\\Lib\\site-packages\\google\\genai\\errors.py\", line 184, in raise_error\n    raise ClientError(status_code, response_json, response)\ngoogle.genai.errors.ClientError: 429 RESOURCE_EXHAUSTED. {'error': {'code': 429, 'message': 'You exceeded your current quota, please check your plan and billing details. For more information on this error, head to: https://ai.google.dev/gemini-api/docs/rate-limits. To monitor your current usage, head to: https://ai.dev/rate-limit. \\n* Quota exceeded for metric: generativelanguage.googleapis.com/generate_content_free_tier_input_token_count, limit: 0, model: gemini-3.1-flash-image\\n* Quota exceeded for metric: generativelanguage.googleapis.com/generate_content_free_tier_requests, limit: 0, model: gemini-3.1-flash-image\\n* Quota exceeded for metric: generativelanguage.googleapis.com/generate_content_free_tier_requests, limit: 0, model: gemini-3.1-flash-image\\nPlease retry in 41.314550653s.', 'status': 'RESOURCE_EXHAUSTED', 'details': [{'@type': 'type.googleapis.com/google.rpc.Help', 'links': [{'description': 'Learn more about Gemini API quotas', 'url': 'https://ai.google.dev/gemini-api/docs/rate-limits'}]}, {'@type': 'type.googleapis.com/google.rpc.QuotaFailure', 'violations': [{'quotaMetric': 'generativelanguage.googleapis.com/generate_content_free_tier_input_token_count', 'quotaId': 'GenerateContentInputTokensPerModelPerMinute-FreeTier', 'quotaDimensions': {'location': 'global', 'model': 'gemini-3.1-flash-image'}}, {'quotaMetric': 'generativelanguage.googleapis.com/generate_content_free_tier_requests', 'quotaId': 'GenerateRequestsPerMinutePerProjectPerModel-FreeTier', 'quotaDimensions': {'location': 'global', 'model': 'gemini-3.1-flash-image'}}, {'quotaMetric': 'generativelanguage.googleapis.com/generate_content_free_tier_requests', 'quotaId': 'GenerateRequestsPerDayPerProjectPerModel-FreeTier', 'quotaDimensions': {'location': 'global', 'model': 'gemini-3.1-flash-image'}}]}, {'@type': 'type.googleapis.com/google.rpc.RetryInfo', 'retryDelay': '41s'}]}}"}
{"timestamp": "2026-05-18T20:45:19.943488", "level": "ERROR", "logger": "NameTag.App", "message": "Logo generation error: 429 RESOURCE_EXHAUSTED. {'error': {'code': 429, 'message': 'You exceeded your current quota, please check your plan and billing details. For more information on this error, head to: https://ai.google.dev/gemini-api/docs/rate-limits. To monitor your current usage, head to: https://ai.dev/rate-limit. \\n* Quota exceeded for metric: generativelanguage.googleapis.com/generate_content_free_tier_input_token_count, limit: 0, model: gemini-3.1-flash-image\\n* Quota exceeded for metric: generativelanguage.googleapis.com/generate_content_free_tier_requests, limit: 0, model: gemini-3.1-flash-image\\n* Quota exceeded for metric: generativelanguage.googleapis.com/generate_content_free_tier_requests, limit: 0, model: gemini-3.1-flash-image\\nPlease retry in 41.314550653s.', 'status': 'RESOURCE_EXHAUSTED', 'details': [{'@type': 'type.googleapis.com/google.rpc.Help', 'links': [{'description': 'Learn more about Gemini API quotas', 'url': 'https://ai.google.dev/gemini-api/docs/rate-limits'}]}, {'@type': 'type.googleapis.com/google.rpc.QuotaFailure', 'violations': [{'quotaMetric': 'generativelanguage.googleapis.com/generate_content_free_tier_input_token_count', 'quotaId': 'GenerateContentInputTokensPerModelPerMinute-FreeTier', 'quotaDimensions': {'location': 'global', 'model': 'gemini-3.1-flash-image'}}, {'quotaMetric': 'generativelanguage.googleapis.com/generate_content_free_tier_requests', 'quotaId': 'GenerateRequestsPerMinutePerProjectPerModel-FreeTier', 'quotaDimensions': {'location': 'global', 'model': 'gemini-3.1-flash-image'}}, {'quotaMetric': 'generativelanguage.googleapis.com/generate_content_free_tier_requests', 'quotaId': 'GenerateRequestsPerDayPerProjectPerModel-FreeTier', 'quotaDimensions': {'location': 'global', 'model': 'gemini-3.1-flash-image'}}]}, {'@type': 'type.googleapis.com/google.rpc.RetryInfo', 'retryDelay': '41s'}]}}", "exception": "Traceback (most recent call last):\n  File \"F:\\workspace\\Name_Tag\\app.py\", line 313, in <module>\n    image_bytes, filename = generate_logo_image(\n                            ^^^^^^^^^^^^^^^^^^^^\n  File \"F:\\workspace\\Name_Tag\\services\\brand_generator.py\", line 607, in generate_logo_image\n    response = client.models.generate_content(\n               ^^^^^^^^^^^^^^^^^^^^^^^^^^^^^^^\n  File \"F:\\workspace\\Name_Tag\\.venv\\Lib\\site-packages\\google\\genai\\models.py\", line 6405, in generate_content\n    response = self._generate_content(\n               ^^^^^^^^^^^^^^^^^^^^^^^\n  File \"F:\\workspace\\Name_Tag\\.venv\\Lib\\site-packages\\google\\genai\\models.py\", line 4841, in _generate_content\n    response = self._api_client.request(\n               ^^^^^^^^^^^^^^^^^^^^^^^^^\n  File \"F:\\workspace\\Name_Tag\\.venv\\Lib\\site-packages\\google\\genai\\_api_client.py\", line 1611, in request\n    response = self._request(http_request, http_options, stream=False)\n               ^^^^^^^^^^^^^^^^^^^^^^^^^^^^^^^^^^^^^^^^^^^^^^^^^^^^^^^\n  File \"F:\\workspace\\Name_Tag\\.venv\\Lib\\site-packages\\google\\genai\\_api_client.py\", line 1404, in _request\n    return self._retry(self._request_once, http_request, stream)  # type: ignore[no-any-return]\n           ^^^^^^^^^^^^^^^^^^^^^^^^^^^^^^^^^^^^^^^^^^^^^^^^^^^^^\n  File \"F:\\workspace\\Name_Tag\\.venv\\Lib\\site-packages\\tenacity\\__init__.py\", line 470, in __call__\n    do = self.iter(retry_state=retry_state)\n         ^^^^^^^^^^^^^^^^^^^^^^^^^^^^^^^^^^\n  File \"F:\\workspace\\Name_Tag\\.venv\\Lib\\site-packages\\tenacity\\__init__.py\", line 371, in iter\n    result = action(retry_state)\n             ^^^^^^^^^^^^^^^^^^^\n  File \"F:\\workspace\\Name_Tag\\.venv\\Lib\\site-packages\\tenacity\\__init__.py\", line 413, in exc_check\n    raise retry_exc.reraise()\n          ^^^^^^^^^^^^^^^^^^^\n  File \"F:\\workspace\\Name_Tag\\.venv\\Lib\\site-packages\\tenacity\\__init__.py\", line 184, in reraise\n    raise self.last_attempt.result()\n          ^^^^^^^^^^^^^^^^^^^^^^^^^^\n  File \"C:\\Users\\joyos\\AppData\\Local\\Programs\\Python\\Python312\\Lib\\concurrent\\futures\\_base.py\", line 449, in result\n    return self.__get_result()\n           ^^^^^^^^^^^^^^^^^^^\n  File \"C:\\Users\\joyos\\AppData\\Local\\Programs\\Python\\Python312\\Lib\\concurrent\\futures\\_base.py\", line 401, in __get_result\n    raise self._exception\n  File \"F:\\workspace\\Name_Tag\\.venv\\Lib\\site-packages\\tenacity\\__init__.py\", line 473, in __call__\n    result = fn(*args, **kwargs)\n             ^^^^^^^^^^^^^^^^^^^\n  File \"F:\\workspace\\Name_Tag\\.venv\\Lib\\site-packages\\google\\genai\\_api_client.py\", line 1381, in _request_once\n    errors.APIError.raise_for_response(response)\n  File \"F:\\workspace\\Name_Tag\\.venv\\Lib\\site-packages\\google\\genai\\errors.py\", line 155, in raise_for_response\n    cls.raise_error(response.status_code, response_json, response)\n  File \"F:\\workspace\\Name_Tag\\.venv\\Lib\\site-packages\\google\\genai\\errors.py\", line 184, in raise_error\n    raise ClientError(status_code, response_json, response)\ngoogle.genai.errors.ClientError: 429 RESOURCE_EXHAUSTED. {'error': {'code': 429, 'message': 'You exceeded your current quota, please check your plan and billing details. For more information on this error, head to: https://ai.google.dev/gemini-api/docs/rate-limits. To monitor your current usage, head to: https://ai.dev/rate-limit. \\n* Quota exceeded for metric: generativelanguage.googleapis.com/generate_content_free_tier_input_token_count, limit: 0, model: gemini-3.1-flash-image\\n* Quota exceeded for metric: generativelanguage.googleapis.com/generate_content_free_tier_requests, limit: 0, model: gemini-3.1-flash-image\\n* Quota exceeded for metric: generativelanguage.googleapis.com/generate_content_free_tier_requests, limit: 0, model: gemini-3.1-flash-image\\nPlease retry in 41.314550653s.', 'status': 'RESOURCE_EXHAUSTED', 'details': [{'@type': 'type.googleapis.com/google.rpc.Help', 'links': [{'description': 'Learn more about Gemini API quotas', 'url': 'https://ai.google.dev/gemini-api/docs/rate-limits'}]}, {'@type': 'type.googleapis.com/google.rpc.QuotaFailure', 'violations': [{'quotaMetric': 'generativelanguage.googleapis.com/generate_content_free_tier_input_token_count', 'quotaId': 'GenerateContentInputTokensPerModelPerMinute-FreeTier', 'quotaDimensions': {'location': 'global', 'model': 'gemini-3.1-flash-image'}}, {'quotaMetric': 'generativelanguage.googleapis.com/generate_content_free_tier_requests', 'quotaId': 'GenerateRequestsPerMinutePerProjectPerModel-FreeTier', 'quotaDimensions': {'location': 'global', 'model': 'gemini-3.1-flash-image'}}, {'quotaMetric': 'generativelanguage.googleapis.com/generate_content_free_tier_requests', 'quotaId': 'GenerateRequestsPerDayPerProjectPerModel-FreeTier', 'quotaDimensions': {'location': 'global', 'model': 'gemini-3.1-flash-image'}}]}, {'@type': 'type.googleapis.com/google.rpc.RetryInfo', 'retryDelay': '41s'}]}}"}
{"timestamp": "2026-05-18T20:45:19.945488", "level": "ERROR", "logger": "NameTag.App", "message": "Logo generation error: 429 RESOURCE_EXHAUSTED. {'error': {'code': 429, 'message': 'You exceeded your current quota, please check your plan and billing details. For more information on this error, head to: https://ai.google.dev/gemini-api/docs/rate-limits. To monitor your current usage, head to: https://ai.dev/rate-limit. \\n* Quota exceeded for metric: generativelanguage.googleapis.com/generate_content_free_tier_input_token_count, limit: 0, model: gemini-3.1-flash-image\\n* Quota exceeded for metric: generativelanguage.googleapis.com/generate_content_free_tier_requests, limit: 0, model: gemini-3.1-flash-image\\n* Quota exceeded for metric: generativelanguage.googleapis.com/generate_content_free_tier_requests, limit: 0, model: gemini-3.1-flash-image\\nPlease retry in 41.314550653s.', 'status': 'RESOURCE_EXHAUSTED', 'details': [{'@type': 'type.googleapis.com/google.rpc.Help', 'links': [{'description': 'Learn more about Gemini API quotas', 'url': 'https://ai.google.dev/gemini-api/docs/rate-limits'}]}, {'@type': 'type.googleapis.com/google.rpc.QuotaFailure', 'violations': [{'quotaMetric': 'generativelanguage.googleapis.com/generate_content_free_tier_input_token_count', 'quotaId': 'GenerateContentInputTokensPerModelPerMinute-FreeTier', 'quotaDimensions': {'location': 'global', 'model': 'gemini-3.1-flash-image'}}, {'quotaMetric': 'generativelanguage.googleapis.com/generate_content_free_tier_requests', 'quotaId': 'GenerateRequestsPerMinutePerProjectPerModel-FreeTier', 'quotaDimensions': {'location': 'global', 'model': 'gemini-3.1-flash-image'}}, {'quotaMetric': 'generativelanguage.googleapis.com/generate_content_free_tier_requests', 'quotaId': 'GenerateRequestsPerDayPerProjectPerModel-FreeTier', 'quotaDimensions': {'location': 'global', 'model': 'gemini-3.1-flash-image'}}]}, {'@type': 'type.googleapis.com/google.rpc.RetryInfo', 'retryDelay': '41s'}]}}", "exception": "Traceback (most recent call last):\n  File \"F:\\workspace\\Name_Tag\\app.py\", line 313, in <module>\n    image_bytes, filename = generate_logo_image(\n                            ^^^^^^^^^^^^^^^^^^^^\n  File \"F:\\workspace\\Name_Tag\\services\\brand_generator.py\", line 607, in generate_logo_image\n    response = client.models.generate_content(\n               ^^^^^^^^^^^^^^^^^^^^^^^^^^^^^^^\n  File \"F:\\workspace\\Name_Tag\\.venv\\Lib\\site-packages\\google\\genai\\models.py\", line 6405, in generate_content\n    response = self._generate_content(\n               ^^^^^^^^^^^^^^^^^^^^^^^\n  File \"F:\\workspace\\Name_Tag\\.venv\\Lib\\site-packages\\google\\genai\\models.py\", line 4841, in _generate_content\n    response = self._api_client.request(\n               ^^^^^^^^^^^^^^^^^^^^^^^^^\n  File \"F:\\workspace\\Name_Tag\\.venv\\Lib\\site-packages\\google\\genai\\_api_client.py\", line 1611, in request\n    response = self._request(http_request, http_options, stream=False)\n               ^^^^^^^^^^^^^^^^^^^^^^^^^^^^^^^^^^^^^^^^^^^^^^^^^^^^^^^\n  File \"F:\\workspace\\Name_Tag\\.venv\\Lib\\site-packages\\google\\genai\\_api_client.py\", line 1404, in _request\n    return self._retry(self._request_once, http_request, stream)  # type: ignore[no-any-return]\n           ^^^^^^^^^^^^^^^^^^^^^^^^^^^^^^^^^^^^^^^^^^^^^^^^^^^^^\n  File \"F:\\workspace\\Name_Tag\\.venv\\Lib\\site-packages\\tenacity\\__init__.py\", line 470, in __call__\n    do = self.iter(retry_state=retry_state)\n         ^^^^^^^^^^^^^^^^^^^^^^^^^^^^^^^^^^\n  File \"F:\\workspace\\Name_Tag\\.venv\\Lib\\site-packages\\tenacity\\__init__.py\", line 371, in iter\n    result = action(retry_state)\n             ^^^^^^^^^^^^^^^^^^^\n  File \"F:\\workspace\\Name_Tag\\.venv\\Lib\\site-packages\\tenacity\\__init__.py\", line 413, in exc_check\n    raise retry_exc.reraise()\n          ^^^^^^^^^^^^^^^^^^^\n  File \"F:\\workspace\\Name_Tag\\.venv\\Lib\\site-packages\\tenacity\\__init__.py\", line 184, in reraise\n    raise self.last_attempt.result()\n          ^^^^^^^^^^^^^^^^^^^^^^^^^^\n  File \"C:\\Users\\joyos\\AppData\\Local\\Programs\\Python\\Python312\\Lib\\concurrent\\futures\\_base.py\", line 449, in result\n    return self.__get_result()\n           ^^^^^^^^^^^^^^^^^^^\n  File \"C:\\Users\\joyos\\AppData\\Local\\Programs\\Python\\Python312\\Lib\\concurrent\\futures\\_base.py\", line 401, in __get_result\n    raise self._exception\n  File \"F:\\workspace\\Name_Tag\\.venv\\Lib\\site-packages\\tenacity\\__init__.py\", line 473, in __call__\n    result = fn(*args, **kwargs)\n             ^^^^^^^^^^^^^^^^^^^\n  File \"F:\\workspace\\Name_Tag\\.venv\\Lib\\site-packages\\google\\genai\\_api_client.py\", line 1381, in _request_once\n    errors.APIError.raise_for_response(response)\n  File \"F:\\workspace\\Name_Tag\\.venv\\Lib\\site-packages\\google\\genai\\errors.py\", line 155, in raise_for_response\n    cls.raise_error(response.status_code, response_json, response)\n  File \"F:\\workspace\\Name_Tag\\.venv\\Lib\\site-packages\\google\\genai\\errors.py\", line 184, in raise_error\n    raise ClientError(status_code, response_json, response)\ngoogle.genai.errors.ClientError: 429 RESOURCE_EXHAUSTED. {'error': {'code': 429, 'message': 'You exceeded your current quota, please check your plan and billing details. For more information on this error, head to: https://ai.google.dev/gemini-api/docs/rate-limits. To monitor your current usage, head to: https://ai.dev/rate-limit. \\n* Quota exceeded for metric: generativelanguage.googleapis.com/generate_content_free_tier_input_token_count, limit: 0, model: gemini-3.1-flash-image\\n* Quota exceeded for metric: generativelanguage.googleapis.com/generate_content_free_tier_requests, limit: 0, model: gemini-3.1-flash-image\\n* Quota exceeded for metric: generativelanguage.googleapis.com/generate_content_free_tier_requests, limit: 0, model: gemini-3.1-flash-image\\nPlease retry in 41.314550653s.', 'status': 'RESOURCE_EXHAUSTED', 'details': [{'@type': 'type.googleapis.com/google.rpc.Help', 'links': [{'description': 'Learn more about Gemini API quotas', 'url': 'https://ai.google.dev/gemini-api/docs/rate-limits'}]}, {'@type': 'type.googleapis.com/google.rpc.QuotaFailure', 'violations': [{'quotaMetric': 'generativelanguage.googleapis.com/generate_content_free_tier_input_token_count', 'quotaId': 'GenerateContentInputTokensPerModelPerMinute-FreeTier', 'quotaDimensions': {'location': 'global', 'model': 'gemini-3.1-flash-image'}}, {'quotaMetric': 'generativelanguage.googleapis.com/generate_content_free_tier_requests', 'quotaId': 'GenerateRequestsPerMinutePerProjectPerModel-FreeTier', 'quotaDimensions': {'location': 'global', 'model': 'gemini-3.1-flash-image'}}, {'quotaMetric': 'generativelanguage.googleapis.com/generate_content_free_tier_requests', 'quotaId': 'GenerateRequestsPerDayPerProjectPerModel-FreeTier', 'quotaDimensions': {'location': 'global', 'model': 'gemini-3.1-flash-image'}}]}, {'@type': 'type.googleapis.com/google.rpc.RetryInfo', 'retryDelay': '41s'}]}}"}
{"timestamp": "2026-05-18T11:50:33.047536", "level": "INFO", "logger": "NameTag.Backend", "message": "👋 FastAPI backend shutting down..."}
{"timestamp": "2026-05-18T11:50:34.320162", "level": "INFO", "logger": "NameTag.Backend", "message": "🚀 Initializing FastAPI backend..."}
{"timestamp": "2026-05-18T11:50:34.328941", "level": "INFO", "logger": "NameTag.Backend", "message": "✅ FastAPI backend starting..."}
{"timestamp": "2026-05-18T11:52:29.470067", "level": "INFO", "logger": "NameTag.Backend", "message": "👋 FastAPI backend shutting down..."}
{"timestamp": "2026-05-18T11:52:31.640171", "level": "INFO", "logger": "NameTag.Backend", "message": "🚀 Initializing FastAPI backend..."}
{"timestamp": "2026-05-18T11:52:31.648279", "level": "INFO", "logger": "NameTag.Backend", "message": "✅ FastAPI backend starting..."}
{"timestamp": "2026-05-18T11:53:26.386708", "level": "INFO", "logger": "NameTag.BrandGenerator", "message": "🚀 Starting brand identity generation (session: 51ce3f47-6c9c-4fd0-a0f2-97aeb751386d)"}
{"timestamp": "2026-05-18T11:53:30.059368", "level": "INFO", "logger": "NameTag.BrandGenerator", "message": "🚀 Starting brand identity generation (session: 63651ea1-8935-470f-80a3-a975fbfcef8b)"}
{"timestamp": "2026-05-18T11:53:36.406970", "level": "INFO", "logger": "NameTag.BrandGenerator", "message": "🚀 Starting brand identity generation (session: c27913da-7535-422b-8db1-eb854d019737)"}
{"timestamp": "2026-05-18T11:53:43.941458", "level": "INFO", "logger": "NameTag.BrandGenerator", "message": "🚀 Starting brand identity generation (session: 04a64357-41f3-409f-a3ea-43bedad92900)"}
{"timestamp": "2026-05-18T11:53:58.191959", "level": "INFO", "logger": "NameTag.BrandGenerator", "message": "🚀 Starting brand identity generation (session: c897f641-e3ad-42d4-a098-ff968ddb15c7)"}
{"timestamp": "2026-05-18T11:54:00.406928", "level": "INFO", "logger": "NameTag.BrandGenerator", "message": "🚀 Starting brand identity generation (session: e1e6b0c5-f99f-4f7d-8aa2-874102de45a4)"}
{"timestamp": "2026-05-18T11:54:01.594346", "level": "INFO", "logger": "NameTag.BrandGenerator", "message": "🚀 Starting brand identity generation (session: a7e1636b-fc6e-43d8-ab89-99ce625979c4)"}
{"timestamp": "2026-05-18T11:54:02.725924", "level": "INFO", "logger": "NameTag.BrandGenerator", "message": "🚀 Starting brand identity generation (session: e26507fb-f8c1-4b58-8408-d3954e72a760)"}
{"timestamp": "2026-05-18T11:54:41.478534", "level": "INFO", "logger": "NameTag.BrandGenerator", "message": "🚀 Starting brand identity generation (session: 56818194-4fa6-46bd-bd87-4969b881d399)"}
{"timestamp": "2026-05-18T11:55:01.854206", "level": "INFO", "logger": "NameTag.BrandGenerator", "message": "🚀 Starting brand identity generation (session: c0e9da7a-8b92-4f7a-ad59-f21af5fb789d)"}
{"timestamp": "2026-05-18T12:00:04.460726", "level": "INFO", "logger": "NameTag.BrandGenerator", "message": "🚀 Starting brand identity generation (session: 4e82e803-c600-4de6-a332-73051f3645ac)"}
{"timestamp": "2026-05-18T12:00:22.691421", "level": "INFO", "logger": "NameTag.BrandGenerator", "message": "✅ Response saved:"}
{"timestamp": "2026-05-18T12:00:22.691633", "level": "INFO", "logger": "NameTag.BrandGenerator", "message": "   📄 TXT: /logs/ai_responses/brand_identity_20260518_120022_4e82e803.txt"}
{"timestamp": "2026-05-18T12:00:22.691810", "level": "INFO", "logger": "NameTag.BrandGenerator", "message": "   📋 JSON: /logs/ai_responses/brand_identity_20260518_120022_4e82e803.json"}
{"timestamp": "2026-05-18T12:00:22.692017", "level": "INFO", "logger": "NameTag.BrandGenerator", "message": "===================================================================================================="}
{"timestamp": "2026-05-18T12:00:22.692188", "level": "INFO", "logger": "NameTag.BrandGenerator", "message": "📨 AI FULL RESPONSE (AI 전체 응답)"}
{"timestamp": "2026-05-18T12:00:22.692370", "level": "INFO", "logger": "NameTag.BrandGenerator", "message": "===================================================================================================="}
{"timestamp": "2026-05-18T12:00:22.692694", "level": "INFO", "logger": "NameTag.BrandGenerator", "message": "{"}
{"timestamp": "2026-05-18T12:00:22.692863", "level": "INFO", "logger": "NameTag.BrandGenerator", "message": "  \"brands\": ["}
{"timestamp": "2026-05-18T12:00:22.693058", "level": "INFO", "logger": "NameTag.BrandGenerator", "message": "    {"}
{"timestamp": "2026-05-18T12:00:22.693250", "level": "INFO", "logger": "NameTag.BrandGenerator", "message": "      \"name\": \"온기담(ONGIDAM)\","}
{"timestamp": "2026-05-18T12:00:22.693417", "level": "INFO", "logger": "NameTag.BrandGenerator", "message": "      \"meaning\": \"따뜻한 기운(온기)을 정성스럽게 담아낸다는 뜻으로, 일상에 온기를 더하는 소품을 큐레이션합니다.\","}
{"timestamp": "2026-05-18T12:00:22.693589", "level": "INFO", "logger": "NameTag.BrandGenerator", "message": "      \"story\": \"바쁜 업무를 마치고 돌아온 당신의 방이 차갑지 않기를 바랍니다. 손길이 닿는 곳마다 은은한 온기를 남기는 소품들을 통해 당신의 지친 하루를 다정하게 안아주고 싶습니다.\","}
{"timestamp": "2026-05-18T12:00:22.693752", "level": "INFO", "logger": "NameTag.BrandGenerator", "message": "      \"slogan\": \"당신의 빈 공간에 온기를 채우는 시간\","}
{"timestamp": "2026-05-18T12:00:22.693933", "level": "INFO", "logger": "NameTag.BrandGenerator", "message": "      \"typography\": {"}
{"timestamp": "2026-05-18T12:00:22.694122", "level": "INFO", "logger": "NameTag.BrandGenerator", "message": "        \"korean\": \"나눔명조\","}
{"timestamp": "2026-05-18T12:00:22.694287", "level": "INFO", "logger": "NameTag.BrandGenerator", "message": "        \"english\": \"Playfair Display\","}
{"timestamp": "2026-05-18T12:00:22.694449", "level": "INFO", "logger": "NameTag.BrandGenerator", "message": "        \"reason\": \"명조 계열의 우아함이 브랜드의 따뜻하고 차분한 무드를 전달하며, 클래식한 영문 폰트가 세련된 이미지를 강조합니다.\""}
{"timestamp": "2026-05-18T12:00:22.694692", "level": "INFO", "logger": "NameTag.BrandGenerator", "message": "      },"}
{"timestamp": "2026-05-18T12:00:22.694910", "level": "INFO", "logger": "NameTag.BrandGenerator", "message": "      \"character\": {"}
{"timestamp": "2026-05-18T12:00:22.695144", "level": "INFO", "logger": "NameTag.BrandGenerator", "message": "        \"name\": \"다미\","}
{"timestamp": "2026-05-18T12:00:22.695369", "level": "INFO", "logger": "NameTag.BrandGenerator", "message": "        \"concept\": \"따뜻한 차가 담긴 찻잔을 닮은 요정\","}
{"timestamp": "2026-05-18T12:00:22.695644", "level": "INFO", "logger": "NameTag.BrandGenerator", "message": "        \"personality\": \"다정한, 침착한, 사색을 즐기는\","}
{"timestamp": "2026-05-18T12:00:22.695910", "level": "INFO", "logger": "NameTag.BrandGenerator", "message": "        \"visual\": \"둥근 머리 위에 작은 김이 모락모락 피어오르며, 포근한 베이지색 가디건을 입고 있는 동글동글한 실루엣입니다.\""}
{"timestamp": "2026-05-18T12:00:22.696157", "level": "INFO", "logger": "NameTag.BrandGenerator", "message": "      },"}
{"timestamp": "2026-05-18T12:00:22.696365", "level": "INFO", "logger": "NameTag.BrandGenerator", "message": "      \"logo_design\": {"}
{"timestamp": "2026-05-18T12:00:22.696559", "level": "INFO", "logger": "NameTag.BrandGenerator", "message": "        \"brand_name\": \"온기담\","}
{"timestamp": "2026-05-18T12:00:22.696775", "level": "INFO", "logger": "NameTag.BrandGenerator", "message": "        \"brand_topic\": \"감성 소품 셀렉샵\","}
{"timestamp": "2026-05-18T12:00:22.696976", "level": "INFO", "logger": "NameTag.BrandGenerator", "message": "        \"core_value\": \"따뜻함, 안식\","}
{"timestamp": "2026-05-18T12:00:22.697145", "level": "INFO", "logger": "NameTag.BrandGenerator", "message": "        \"target_mood\": \"포근하고 정갈한 분위기\","}
{"timestamp": "2026-05-18T12:00:22.697348", "level": "INFO", "logger": "NameTag.BrandGenerator", "message": "        \"symbol_type\": \"미니멀한 찻잔과 김 모락 심볼\","}
{"timestamp": "2026-05-18T12:00:22.697510", "level": "INFO", "logger": "NameTag.BrandGenerator", "message": "        \"font_style\": \"부드러운 세리프체\","}
{"timestamp": "2026-05-18T12:00:22.697689", "level": "INFO", "logger": "NameTag.BrandGenerator", "message": "        \"font_reference\": \"바탕체 스타일의 명조\","}
{"timestamp": "2026-05-18T12:00:22.697861", "level": "INFO", "logger": "NameTag.BrandGenerator", "message": "        \"font_weight\": \"Medium\","}
{"timestamp": "2026-05-18T12:00:22.698038", "level": "INFO", "logger": "NameTag.BrandGenerator", "message": "        \"brand_color\": \"웜 베이지, 테라코타 브라운\","}
{"timestamp": "2026-05-18T12:00:22.698224", "level": "INFO", "logger": "NameTag.BrandGenerator", "message": "        \"logo_type\": \"심볼 결합형 로고\","}
{"timestamp": "2026-05-18T12:00:22.698425", "level": "INFO", "logger": "NameTag.BrandGenerator", "message": "        \"background\": \"아이보리\""}
{"timestamp": "2026-05-18T12:00:22.698592", "level": "INFO", "logger": "NameTag.BrandGenerator", "message": "      }"}
{"timestamp": "2026-05-18T12:00:22.698772", "level": "INFO", "logger": "NameTag.BrandGenerator", "message": "    },"}
{"timestamp": "2026-05-18T12:00:22.698950", "level": "INFO", "logger": "NameTag.BrandGenerator", "message": "    {"}
{"timestamp": "2026-05-18T12:00:22.699128", "level": "INFO", "logger": "NameTag.BrandGenerator", "message": "      \"name\": \"소소히(SOSOHI)\","}
{"timestamp": "2026-05-18T12:00:22.699297", "level": "INFO", "logger": "NameTag.BrandGenerator", "message": "      \"meaning\": \"소소한 즐거움을 천천히(Slowly) 발견하는 공간이라는 의미를 담고 있습니다.\","}
{"timestamp": "2026-05-18T12:00:22.699459", "level": "INFO", "logger": "NameTag.BrandGenerator", "message": "      \"story\": \"특별한 날이 아니어도 괜찮아요. 책상 위 작은 오브제 하나가 주는 미소가 우리 삶을 더 풍요롭게 만드니까요. 발견하는 즐거움이 있는 당신만의 비밀 정원을 꿈꿉니다.\","}
{"timestamp": "2026-05-18T12:00:22.699665", "level": "INFO", "logger": "NameTag.BrandGenerator", "message": "      \"slogan\": \"일상의 작은 틈에서 발견하는 커다란 행복\","}
{"timestamp": "2026-05-18T12:00:22.699840", "level": "INFO", "logger": "NameTag.BrandGenerator", "message": "      \"typography\": {"}
{"timestamp": "2026-05-18T12:00:22.700022", "level": "INFO", "logger": "NameTag.BrandGenerator", "message": "        \"korean\": \"고도마음체\","}
{"timestamp": "2026-05-18T12:00:22.700194", "level": "INFO", "logger": "NameTag.BrandGenerator", "message": "        \"english\": \"DM Sans\","}
{"timestamp": "2026-05-18T12:00:22.700628", "level": "INFO", "logger": "NameTag.BrandGenerator", "message": "        \"reason\": \"손글씨 느낌의 한글 폰트로 휴머니즘과 유머를 담았으며, 깔끔한 산세리프 영문 폰트로 트렌디함을 더했습니다.\""}
{"timestamp": "2026-05-18T12:00:22.700795", "level": "INFO", "logger": "NameTag.BrandGenerator", "message": "      },"}
{"timestamp": "2026-05-18T12:00:22.700971", "level": "INFO", "logger": "NameTag.BrandGenerator", "message": "      \"character\": {"}
{"timestamp": "2026-05-18T12:00:22.701169", "level": "INFO", "logger": "NameTag.BrandGenerator", "message": "        \"name\": \"히히(Hihi)\","}
{"timestamp": "2026-05-18T12:00:22.701363", "level": "INFO", "logger": "NameTag.BrandGenerator", "message": "        \"concept\": \"발견의 기쁨을 아는 호기심 많은 새싹\","}
{"timestamp": "2026-05-18T12:00:22.701539", "level": "INFO", "logger": "NameTag.BrandGenerator", "message": "        \"personality\": \"발랄한, 긍정적인, 위트 있는\","}
{"timestamp": "2026-05-18T12:00:22.701716", "level": "INFO", "logger": "NameTag.BrandGenerator", "message": "        \"visual\": \"머리 위에 돋보기를 달고 있으며, 초록색 잎사귀 망토를 두른 채 소품들 사이를 탐험하는 장난스러운 표정의 캐릭터입니다.\""}
{"timestamp": "2026-05-18T12:00:22.701937", "level": "INFO", "logger": "NameTag.BrandGenerator", "message": "      },"}
{"timestamp": "2026-05-18T12:00:22.702155", "level": "INFO", "logger": "NameTag.BrandGenerator", "message": "      \"logo_design\": {"}
{"timestamp": "2026-05-18T12:00:22.702392", "level": "INFO", "logger": "NameTag.BrandGenerator", "message": "        \"brand_name\": \"소소히\","}
{"timestamp": "2026-05-18T12:00:22.702616", "level": "INFO", "logger": "NameTag.BrandGenerator", "message": "        \"brand_topic\": \"라이프스타일 편집샵\","}
{"timestamp": "2026-05-18T12:00:22.702840", "level": "INFO", "logger": "NameTag.BrandGenerator", "message": "        \"core_value\": \"발견, 일상의 즐거움\","}
{"timestamp": "2026-05-18T12:00:22.703028", "level": "INFO", "logger": "NameTag.BrandGenerator", "message": "        \"target_mood\": \"경쾌하고 자연친화적인 감성\","}
{"timestamp": "2026-05-18T12:00:22.703223", "level": "INFO", "logger": "NameTag.BrandGenerator", "message": "        \"symbol_type\": \"돋보기와 나뭇잎 결합형 심볼\","}
{"timestamp": "2026-05-18T12:00:22.703403", "level": "INFO", "logger": "NameTag.BrandGenerator", "message": "        \"font_style\": \"자유로운 핸드라이팅 스타일\","}
{"timestamp": "2026-05-18T12:00:22.703589", "level": "INFO", "logger": "NameTag.BrandGenerator", "message": "        \"font_reference\": \"마루부리 혹은 손글씨체\","}
{"timestamp": "2026-05-18T12:00:22.703790", "level": "INFO", "logger": "NameTag.BrandGenerator", "message": "        \"font_weight\": \"Regular\","}
{"timestamp": "2026-05-18T12:00:22.703964", "level": "INFO", "logger": "NameTag.BrandGenerator", "message": "        \"brand_color\": \"세이지 그린, 머스타드 옐로우\","}
{"timestamp": "2026-05-18T12:00:22.704147", "level": "INFO", "logger": "NameTag.BrandGenerator", "message": "        \"logo_type\": \"워드마크 강조형\","}
{"timestamp": "2026-05-18T12:00:22.704401", "level": "INFO", "logger": "NameTag.BrandGenerator", "message": "        \"background\": \"라이트 그레이\""}
{"timestamp": "2026-05-18T12:00:22.704557", "level": "INFO", "logger": "NameTag.BrandGenerator", "message": "      }"}
{"timestamp": "2026-05-18T12:00:22.704727", "level": "INFO", "logger": "NameTag.BrandGenerator", "message": "    },"}
{"timestamp": "2026-05-18T12:00:22.704899", "level": "INFO", "logger": "NameTag.BrandGenerator", "message": "    {"}
{"timestamp": "2026-05-18T12:00:22.705076", "level": "INFO", "logger": "NameTag.BrandGenerator", "message": "      \"name\": \"오브제숲(Objet Foret)\","}
{"timestamp": "2026-05-18T12:00:22.705269", "level": "INFO", "logger": "NameTag.BrandGenerator", "message": "      \"meaning\": \"공간을 채우는 사물(Objet)들이 모여 편안한 숲(Foret)을 이룬다는 프랑스어 합성어입니다.\","}
{"timestamp": "2026-05-18T12:00:22.705526", "level": "INFO", "logger": "NameTag.BrandGenerator", "message": "      \"story\": \"도심 속 오피스에서 벗어나 나만의 숲으로 퇴근하세요. 자연의 결을 닮은 소품들이 당신의 방을 가장 편안한 휴식처로 바꾸어 줄 것입니다.\","}
{"timestamp": "2026-05-18T12:00:22.705696", "level": "INFO", "logger": "NameTag.BrandGenerator", "message": "      \"slogan\": \"나의 방에 들여놓은 작은 숲\","}
{"timestamp": "2026-05-18T12:00:22.705879", "level": "INFO", "logger": "NameTag.BrandGenerator", "message": "      \"typography\": {"}
{"timestamp": "2026-05-18T12:00:22.706060", "level": "INFO", "logger": "NameTag.BrandGenerator", "message": "        \"korean\": \"프리텐다드\","}
{"timestamp": "2026-05-18T12:00:22.706240", "level": "INFO", "logger": "NameTag.BrandGenerator", "message": "        \"english\": \"Montserrat\","}
{"timestamp": "2026-05-18T12:00:22.706394", "level": "INFO", "logger": "NameTag.BrandGenerator", "message": "        \"reason\": \"가독성이 높고 모던한 폰트를 사용하여 30대 여성들이 선호하는 깔끔하고 감각적인 브랜드 이미지를 구축합니다.\""}
{"timestamp": "2026-05-18T12:00:22.706555", "level": "INFO", "logger": "NameTag.BrandGenerator", "message": "      },"}
{"timestamp": "2026-05-18T12:00:22.706730", "level": "INFO", "logger": "NameTag.BrandGenerator", "message": "      \"character\": {"}
{"timestamp": "2026-05-18T12:00:22.706908", "level": "INFO", "logger": "NameTag.BrandGenerator", "message": "        \"name\": \"포포(Fofo)\","}
{"timestamp": "2026-05-18T12:00:22.707083", "level": "INFO", "logger": "NameTag.BrandGenerator", "message": "        \"concept\": \"숲속의 조각을 수집하는 작은 다람쥐\","}
{"timestamp": "2026-05-18T12:00:22.707247", "level": "INFO", "logger": "NameTag.BrandGenerator", "message": "        \"personality\": \"꼼꼼한, 세련된, 자연을 사랑하는\","}
{"timestamp": "2026-05-18T12:00:22.707414", "level": "INFO", "logger": "NameTag.BrandGenerator", "message": "        \"visual\": \"꼬리가 나뭇잎 모양이며, 도토리 대신 예쁜 소품을 소중하게 들고 있는 모던한 일러스트 스타일의 다람쥐입니다.\""}
{"timestamp": "2026-05-18T12:00:22.707581", "level": "INFO", "logger": "NameTag.BrandGenerator", "message": "      },"}
{"timestamp": "2026-05-18T12:00:22.707747", "level": "INFO", "logger": "NameTag.BrandGenerator", "message": "      \"logo_design\": {"}
{"timestamp": "2026-05-18T12:00:22.707913", "level": "INFO", "logger": "NameTag.BrandGenerator", "message": "        \"brand_name\": \"오브제숲\","}
{"timestamp": "2026-05-18T12:00:22.708089", "level": "INFO", "logger": "NameTag.BrandGenerator", "message": "        \"brand_topic\": \"인테리어 소품샵\","}
{"timestamp": "2026-05-18T12:00:22.708253", "level": "INFO", "logger": "NameTag.BrandGenerator", "message": "        \"core_value\": \"자연주의, 트렌디\","}
{"timestamp": "2026-05-18T12:00:22.708419", "level": "INFO", "logger": "NameTag.BrandGenerator", "message": "        \"target_mood\": \"내추럴하고 세련된 분위기\","}
{"timestamp": "2026-05-18T12:00:22.708587", "level": "INFO", "logger": "NameTag.BrandGenerator", "message": "        \"symbol_type\": \"기하학적 나뭇잎 모티브\","}
{"timestamp": "2026-05-18T12:00:22.708747", "level": "INFO", "logger": "NameTag.BrandGenerator", "message": "        \"font_style\": \"세련된 산세리프체\","}
{"timestamp": "2026-05-18T12:00:22.708933", "level": "INFO", "logger": "NameTag.BrandGenerator", "message": "        \"font_reference\": \"애플고딕 스타일의 깔끔함\","}
{"timestamp": "2026-05-18T12:00:22.709142", "level": "INFO", "logger": "NameTag.BrandGenerator", "message": "        \"font_weight\": \"Bold\","}
{"timestamp": "2026-05-18T12:00:22.709359", "level": "INFO", "logger": "NameTag.BrandGenerator", "message": "        \"brand_color\": \"딥 포레스트 그린, 소프트 샌드\","}
{"timestamp": "2026-05-18T12:00:22.709612", "level": "INFO", "logger": "NameTag.BrandGenerator", "message": "        \"logo_type\": \"심볼 상단형 로고\","}
{"timestamp": "2026-05-18T12:00:22.709805", "level": "INFO", "logger": "NameTag.BrandGenerator", "message": "        \"background\": \"퓨어 화이트\""}
{"timestamp": "2026-05-18T12:00:22.710014", "level": "INFO", "logger": "NameTag.BrandGenerator", "message": "      }"}
{"timestamp": "2026-05-18T12:00:22.710205", "level": "INFO", "logger": "NameTag.BrandGenerator", "message": "    }"}
{"timestamp": "2026-05-18T12:00:22.710389", "level": "INFO", "logger": "NameTag.BrandGenerator", "message": "  ]"}
{"timestamp": "2026-05-18T12:00:22.710599", "level": "INFO", "logger": "NameTag.BrandGenerator", "message": "}"}
{"timestamp": "2026-05-18T12:00:22.710782", "level": "INFO", "logger": "NameTag.BrandGenerator", "message": "===================================================================================================="}
{"timestamp": "2026-05-18T12:00:22.712247", "level": "DEBUG", "logger": "NameTag.Tracker", "message": "Variable set: BRAND_1_NAME", "variables": {"BRAND_1_NAME": "온기담(ONGIDAM)"}, "session_id": "4e82e803-c600-4de6-a332-73051f3645ac"}
{"timestamp": "2026-05-18T12:00:22.713378", "level": "DEBUG", "logger": "NameTag.Tracker", "message": "Variable set: BRAND_1_MEANING", "variables": {"BRAND_1_MEANING": "따뜻한 기운(온기)을 정성스럽게 담아낸다는 뜻으로, 일상에 온기를 더하는 소품을 큐레이션합니다."}, "session_id": "4e82e803-c600-4de6-a332-73051f3645ac"}
{"timestamp": "2026-05-18T12:00:22.714454", "level": "DEBUG", "logger": "NameTag.Tracker", "message": "Variable set: BRAND_1_STORY", "variables": {"BRAND_1_STORY": "바쁜 업무를 마치고 돌아온 당신의 방이 차갑지 않기를 바랍니다. 손길이 닿는 곳마다 은은한 온기를 남기는 소품들을 통해 당신의 지친 하루를 다정하게 안아주고 싶습니다."}, "session_id": "4e82e803-c600-4de6-a332-73051f3645ac"}
{"timestamp": "2026-05-18T12:00:22.715668", "level": "DEBUG", "logger": "NameTag.Tracker", "message": "Variable set: BRAND_1_SLOGAN", "variables": {"BRAND_1_SLOGAN": "당신의 빈 공간에 온기를 채우는 시간"}, "session_id": "4e82e803-c600-4de6-a332-73051f3645ac"}
{"timestamp": "2026-05-18T12:00:22.717105", "level": "DEBUG", "logger": "NameTag.Tracker", "message": "Variable set: BRAND_1_TYPOGRAPHY_KOREAN", "variables": {"BRAND_1_TYPOGRAPHY_KOREAN": "나눔명조"}, "session_id": "4e82e803-c600-4de6-a332-73051f3645ac"}
{"timestamp": "2026-05-18T12:00:22.718262", "level": "DEBUG", "logger": "NameTag.Tracker", "message": "Variable set: BRAND_1_TYPOGRAPHY_ENGLISH", "variables": {"BRAND_1_TYPOGRAPHY_ENGLISH": "Playfair Display"}, "session_id": "4e82e803-c600-4de6-a332-73051f3645ac"}
{"timestamp": "2026-05-18T12:00:22.719350", "level": "DEBUG", "logger": "NameTag.Tracker", "message": "Variable set: BRAND_1_TYPOGRAPHY_REASON", "variables": {"BRAND_1_TYPOGRAPHY_REASON": "명조 계열의 우아함이 브랜드의 따뜻하고 차분한 무드를 전달하며, 클래식한 영문 폰트가 세련된 이미지를 강조합니다."}, "session_id": "4e82e803-c600-4de6-a332-73051f3645ac"}
{"timestamp": "2026-05-18T12:00:22.720436", "level": "DEBUG", "logger": "NameTag.Tracker", "message": "Variable set: BRAND_1_CHARACTER_NAME", "variables": {"BRAND_1_CHARACTER_NAME": "다미"}, "session_id": "4e82e803-c600-4de6-a332-73051f3645ac"}
{"timestamp": "2026-05-18T12:00:22.721550", "level": "DEBUG", "logger": "NameTag.Tracker", "message": "Variable set: BRAND_1_CHARACTER_CONCEPT", "variables": {"BRAND_1_CHARACTER_CONCEPT": "따뜻한 차가 담긴 찻잔을 닮은 요정"}, "session_id": "4e82e803-c600-4de6-a332-73051f3645ac"}
{"timestamp": "2026-05-18T12:00:22.722780", "level": "DEBUG", "logger": "NameTag.Tracker", "message": "Variable set: BRAND_1_CHARACTER_PERSONALITY", "variables": {"BRAND_1_CHARACTER_PERSONALITY": "다정한, 침착한, 사색을 즐기는"}, "session_id": "4e82e803-c600-4de6-a332-73051f3645ac"}
{"timestamp": "2026-05-18T12:00:22.724200", "level": "DEBUG", "logger": "NameTag.Tracker", "message": "Variable set: BRAND_1_CHARACTER_VISUAL", "variables": {"BRAND_1_CHARACTER_VISUAL": "둥근 머리 위에 작은 김이 모락모락 피어오르며, 포근한 베이지색 가디건을 입고 있는 동글동글한 실루엣입니다."}, "session_id": "4e82e803-c600-4de6-a332-73051f3645ac"}
{"timestamp": "2026-05-18T12:00:22.725388", "level": "DEBUG", "logger": "NameTag.Tracker", "message": "Variable set: BRAND_1_LOGO_DESIGN_BRAND_NAME", "variables": {"BRAND_1_LOGO_DESIGN_BRAND_NAME": "온기담"}, "session_id": "4e82e803-c600-4de6-a332-73051f3645ac"}
{"timestamp": "2026-05-18T12:00:22.726481", "level": "DEBUG", "logger": "NameTag.Tracker", "message": "Variable set: BRAND_1_LOGO_DESIGN_BRAND_TOPIC", "variables": {"BRAND_1_LOGO_DESIGN_BRAND_TOPIC": "감성 소품 셀렉샵"}, "session_id": "4e82e803-c600-4de6-a332-73051f3645ac"}
{"timestamp": "2026-05-18T12:00:22.727578", "level": "DEBUG", "logger": "NameTag.Tracker", "message": "Variable set: BRAND_1_LOGO_DESIGN_CORE_VALUE", "variables": {"BRAND_1_LOGO_DESIGN_CORE_VALUE": "따뜻함, 안식"}, "session_id": "4e82e803-c600-4de6-a332-73051f3645ac"}
{"timestamp": "2026-05-18T12:00:22.728595", "level": "DEBUG", "logger": "NameTag.Tracker", "message": "Variable set: BRAND_1_LOGO_DESIGN_TARGET_MOOD", "variables": {"BRAND_1_LOGO_DESIGN_TARGET_MOOD": "포근하고 정갈한 분위기"}, "session_id": "4e82e803-c600-4de6-a332-73051f3645ac"}
{"timestamp": "2026-05-18T12:00:22.729789", "level": "DEBUG", "logger": "NameTag.Tracker", "message": "Variable set: BRAND_1_LOGO_DESIGN_SYMBOL_TYPE", "variables": {"BRAND_1_LOGO_DESIGN_SYMBOL_TYPE": "미니멀한 찻잔과 김 모락 심볼"}, "session_id": "4e82e803-c600-4de6-a332-73051f3645ac"}
{"timestamp": "2026-05-18T12:00:22.731392", "level": "DEBUG", "logger": "NameTag.Tracker", "message": "Variable set: BRAND_1_LOGO_DESIGN_FONT_STYLE", "variables": {"BRAND_1_LOGO_DESIGN_FONT_STYLE": "부드러운 세리프체"}, "session_id": "4e82e803-c600-4de6-a332-73051f3645ac"}
{"timestamp": "2026-05-18T12:00:22.732597", "level": "DEBUG", "logger": "NameTag.Tracker", "message": "Variable set: BRAND_1_LOGO_DESIGN_FONT_REFERENCE", "variables": {"BRAND_1_LOGO_DESIGN_FONT_REFERENCE": "바탕체 스타일의 명조"}, "session_id": "4e82e803-c600-4de6-a332-73051f3645ac"}
{"timestamp": "2026-05-18T12:00:22.733740", "level": "DEBUG", "logger": "NameTag.Tracker", "message": "Variable set: BRAND_1_LOGO_DESIGN_FONT_WEIGHT", "variables": {"BRAND_1_LOGO_DESIGN_FONT_WEIGHT": "Medium"}, "session_id": "4e82e803-c600-4de6-a332-73051f3645ac"}
{"timestamp": "2026-05-18T12:00:22.734906", "level": "DEBUG", "logger": "NameTag.Tracker", "message": "Variable set: BRAND_1_LOGO_DESIGN_BRAND_COLOR", "variables": {"BRAND_1_LOGO_DESIGN_BRAND_COLOR": "웜 베이지, 테라코타 브라운"}, "session_id": "4e82e803-c600-4de6-a332-73051f3645ac"}
{"timestamp": "2026-05-18T12:00:22.736127", "level": "DEBUG", "logger": "NameTag.Tracker", "message": "Variable set: BRAND_1_LOGO_DESIGN_LOGO_TYPE", "variables": {"BRAND_1_LOGO_DESIGN_LOGO_TYPE": "심볼 결합형 로고"}, "session_id": "4e82e803-c600-4de6-a332-73051f3645ac"}
{"timestamp": "2026-05-18T12:00:22.737734", "level": "DEBUG", "logger": "NameTag.Tracker", "message": "Variable set: BRAND_1_LOGO_DESIGN_BACKGROUND", "variables": {"BRAND_1_LOGO_DESIGN_BACKGROUND": "아이보리"}, "session_id": "4e82e803-c600-4de6-a332-73051f3645ac"}
{"timestamp": "2026-05-18T12:00:22.739002", "level": "DEBUG", "logger": "NameTag.Tracker", "message": "Variable set: BRAND_2_NAME", "variables": {"BRAND_2_NAME": "소소히(SOSOHI)"}, "session_id": "4e82e803-c600-4de6-a332-73051f3645ac"}
{"timestamp": "2026-05-18T12:00:22.740127", "level": "DEBUG", "logger": "NameTag.Tracker", "message": "Variable set: BRAND_2_MEANING", "variables": {"BRAND_2_MEANING": "소소한 즐거움을 천천히(Slowly) 발견하는 공간이라는 의미를 담고 있습니다."}, "session_id": "4e82e803-c600-4de6-a332-73051f3645ac"}
{"timestamp": "2026-05-18T12:00:22.741263", "level": "DEBUG", "logger": "NameTag.Tracker", "message": "Variable set: BRAND_2_STORY", "variables": {"BRAND_2_STORY": "특별한 날이 아니어도 괜찮아요. 책상 위 작은 오브제 하나가 주는 미소가 우리 삶을 더 풍요롭게 만드니까요. 발견하는 즐거움이 있는 당신만의 비밀 정원을 꿈꿉니다."}, "session_id": "4e82e803-c600-4de6-a332-73051f3645ac"}
{"timestamp": "2026-05-18T12:00:22.742346", "level": "DEBUG", "logger": "NameTag.Tracker", "message": "Variable set: BRAND_2_SLOGAN", "variables": {"BRAND_2_SLOGAN": "일상의 작은 틈에서 발견하는 커다란 행복"}, "session_id": "4e82e803-c600-4de6-a332-73051f3645ac"}
{"timestamp": "2026-05-18T12:00:22.743552", "level": "DEBUG", "logger": "NameTag.Tracker", "message": "Variable set: BRAND_2_TYPOGRAPHY_KOREAN", "variables": {"BRAND_2_TYPOGRAPHY_KOREAN": "고도마음체"}, "session_id": "4e82e803-c600-4de6-a332-73051f3645ac"}
{"timestamp": "2026-05-18T12:00:22.744973", "level": "DEBUG", "logger": "NameTag.Tracker", "message": "Variable set: BRAND_2_TYPOGRAPHY_ENGLISH", "variables": {"BRAND_2_TYPOGRAPHY_ENGLISH": "DM Sans"}, "session_id": "4e82e803-c600-4de6-a332-73051f3645ac"}
{"timestamp": "2026-05-18T12:00:22.746227", "level": "DEBUG", "logger": "NameTag.Tracker", "message": "Variable set: BRAND_2_TYPOGRAPHY_REASON", "variables": {"BRAND_2_TYPOGRAPHY_REASON": "손글씨 느낌의 한글 폰트로 휴머니즘과 유머를 담았으며, 깔끔한 산세리프 영문 폰트로 트렌디함을 더했습니다."}, "session_id": "4e82e803-c600-4de6-a332-73051f3645ac"}
{"timestamp": "2026-05-18T12:00:22.747349", "level": "DEBUG", "logger": "NameTag.Tracker", "message": "Variable set: BRAND_2_CHARACTER_NAME", "variables": {"BRAND_2_CHARACTER_NAME": "히히(Hihi)"}, "session_id": "4e82e803-c600-4de6-a332-73051f3645ac"}
{"timestamp": "2026-05-18T12:00:22.748444", "level": "DEBUG", "logger": "NameTag.Tracker", "message": "Variable set: BRAND_2_CHARACTER_CONCEPT", "variables": {"BRAND_2_CHARACTER_CONCEPT": "발견의 기쁨을 아는 호기심 많은 새싹"}, "session_id": "4e82e803-c600-4de6-a332-73051f3645ac"}
{"timestamp": "2026-05-18T12:00:22.749517", "level": "DEBUG", "logger": "NameTag.Tracker", "message": "Variable set: BRAND_2_CHARACTER_PERSONALITY", "variables": {"BRAND_2_CHARACTER_PERSONALITY": "발랄한, 긍정적인, 위트 있는"}, "session_id": "4e82e803-c600-4de6-a332-73051f3645ac"}
{"timestamp": "2026-05-18T12:00:22.750781", "level": "DEBUG", "logger": "NameTag.Tracker", "message": "Variable set: BRAND_2_CHARACTER_VISUAL", "variables": {"BRAND_2_CHARACTER_VISUAL": "머리 위에 돋보기를 달고 있으며, 초록색 잎사귀 망토를 두른 채 소품들 사이를 탐험하는 장난스러운 표정의 캐릭터입니다."}, "session_id": "4e82e803-c600-4de6-a332-73051f3645ac"}
{"timestamp": "2026-05-18T12:00:22.752105", "level": "DEBUG", "logger": "NameTag.Tracker", "message": "Variable set: BRAND_2_LOGO_DESIGN_BRAND_NAME", "variables": {"BRAND_2_LOGO_DESIGN_BRAND_NAME": "소소히"}, "session_id": "4e82e803-c600-4de6-a332-73051f3645ac"}
{"timestamp": "2026-05-18T12:00:22.753231", "level": "DEBUG", "logger": "NameTag.Tracker", "message": "Variable set: BRAND_2_LOGO_DESIGN_BRAND_TOPIC", "variables": {"BRAND_2_LOGO_DESIGN_BRAND_TOPIC": "라이프스타일 편집샵"}, "session_id": "4e82e803-c600-4de6-a332-73051f3645ac"}
{"timestamp": "2026-05-18T12:00:22.754340", "level": "DEBUG", "logger": "NameTag.Tracker", "message": "Variable set: BRAND_2_LOGO_DESIGN_CORE_VALUE", "variables": {"BRAND_2_LOGO_DESIGN_CORE_VALUE": "발견, 일상의 즐거움"}, "session_id": "4e82e803-c600-4de6-a332-73051f3645ac"}
{"timestamp": "2026-05-18T12:00:22.755578", "level": "DEBUG", "logger": "NameTag.Tracker", "message": "Variable set: BRAND_2_LOGO_DESIGN_TARGET_MOOD", "variables": {"BRAND_2_LOGO_DESIGN_TARGET_MOOD": "경쾌하고 자연친화적인 감성"}, "session_id": "4e82e803-c600-4de6-a332-73051f3645ac"}
{"timestamp": "2026-05-18T12:00:22.756703", "level": "DEBUG", "logger": "NameTag.Tracker", "message": "Variable set: BRAND_2_LOGO_DESIGN_SYMBOL_TYPE", "variables": {"BRAND_2_LOGO_DESIGN_SYMBOL_TYPE": "돋보기와 나뭇잎 결합형 심볼"}, "session_id": "4e82e803-c600-4de6-a332-73051f3645ac"}
{"timestamp": "2026-05-18T12:00:22.757948", "level": "DEBUG", "logger": "NameTag.Tracker", "message": "Variable set: BRAND_2_LOGO_DESIGN_FONT_STYLE", "variables": {"BRAND_2_LOGO_DESIGN_FONT_STYLE": "자유로운 핸드라이팅 스타일"}, "session_id": "4e82e803-c600-4de6-a332-73051f3645ac"}
{"timestamp": "2026-05-18T12:00:22.759280", "level": "DEBUG", "logger": "NameTag.Tracker", "message": "Variable set: BRAND_2_LOGO_DESIGN_FONT_REFERENCE", "variables": {"BRAND_2_LOGO_DESIGN_FONT_REFERENCE": "마루부리 혹은 손글씨체"}, "session_id": "4e82e803-c600-4de6-a332-73051f3645ac"}
{"timestamp": "2026-05-18T12:00:22.760413", "level": "DEBUG", "logger": "NameTag.Tracker", "message": "Variable set: BRAND_2_LOGO_DESIGN_FONT_WEIGHT", "variables": {"BRAND_2_LOGO_DESIGN_FONT_WEIGHT": "Regular"}, "session_id": "4e82e803-c600-4de6-a332-73051f3645ac"}
{"timestamp": "2026-05-18T12:00:22.761537", "level": "DEBUG", "logger": "NameTag.Tracker", "message": "Variable set: BRAND_2_LOGO_DESIGN_BRAND_COLOR", "variables": {"BRAND_2_LOGO_DESIGN_BRAND_COLOR": "세이지 그린, 머스타드 옐로우"}, "session_id": "4e82e803-c600-4de6-a332-73051f3645ac"}
{"timestamp": "2026-05-18T12:00:22.762651", "level": "DEBUG", "logger": "NameTag.Tracker", "message": "Variable set: BRAND_2_LOGO_DESIGN_LOGO_TYPE", "variables": {"BRAND_2_LOGO_DESIGN_LOGO_TYPE": "워드마크 강조형"}, "session_id": "4e82e803-c600-4de6-a332-73051f3645ac"}
{"timestamp": "2026-05-18T12:00:22.763921", "level": "DEBUG", "logger": "NameTag.Tracker", "message": "Variable set: BRAND_2_LOGO_DESIGN_BACKGROUND", "variables": {"BRAND_2_LOGO_DESIGN_BACKGROUND": "라이트 그레이"}, "session_id": "4e82e803-c600-4de6-a332-73051f3645ac"}
{"timestamp": "2026-05-18T12:00:22.765271", "level": "DEBUG", "logger": "NameTag.Tracker", "message": "Variable set: BRAND_3_NAME", "variables": {"BRAND_3_NAME": "오브제숲(Objet Foret)"}, "session_id": "4e82e803-c600-4de6-a332-73051f3645ac"}
{"timestamp": "2026-05-18T12:00:22.766592", "level": "DEBUG", "logger": "NameTag.Tracker", "message": "Variable set: BRAND_3_MEANING", "variables": {"BRAND_3_MEANING": "공간을 채우는 사물(Objet)들이 모여 편안한 숲(Foret)을 이룬다는 프랑스어 합성어입니다."}, "session_id": "4e82e803-c600-4de6-a332-73051f3645ac"}
{"timestamp": "2026-05-18T12:00:22.767705", "level": "DEBUG", "logger": "NameTag.Tracker", "message": "Variable set: BRAND_3_STORY", "variables": {"BRAND_3_STORY": "도심 속 오피스에서 벗어나 나만의 숲으로 퇴근하세요. 자연의 결을 닮은 소품들이 당신의 방을 가장 편안한 휴식처로 바꾸어 줄 것입니다."}, "session_id": "4e82e803-c600-4de6-a332-73051f3645ac"}
{"timestamp": "2026-05-18T12:00:22.768835", "level": "DEBUG", "logger": "NameTag.Tracker", "message": "Variable set: BRAND_3_SLOGAN", "variables": {"BRAND_3_SLOGAN": "나의 방에 들여놓은 작은 숲"}, "session_id": "4e82e803-c600-4de6-a332-73051f3645ac"}
{"timestamp": "2026-05-18T12:00:22.769996", "level": "DEBUG", "logger": "NameTag.Tracker", "message": "Variable set: BRAND_3_TYPOGRAPHY_KOREAN", "variables": {"BRAND_3_TYPOGRAPHY_KOREAN": "프리텐다드"}, "session_id": "4e82e803-c600-4de6-a332-73051f3645ac"}
{"timestamp": "2026-05-18T12:00:22.771288", "level": "DEBUG", "logger": "NameTag.Tracker", "message": "Variable set: BRAND_3_TYPOGRAPHY_ENGLISH", "variables": {"BRAND_3_TYPOGRAPHY_ENGLISH": "Montserrat"}, "session_id": "4e82e803-c600-4de6-a332-73051f3645ac"}
{"timestamp": "2026-05-18T12:00:22.772675", "level": "DEBUG", "logger": "NameTag.Tracker", "message": "Variable set: BRAND_3_TYPOGRAPHY_REASON", "variables": {"BRAND_3_TYPOGRAPHY_REASON": "가독성이 높고 모던한 폰트를 사용하여 30대 여성들이 선호하는 깔끔하고 감각적인 브랜드 이미지를 구축합니다."}, "session_id": "4e82e803-c600-4de6-a332-73051f3645ac"}
{"timestamp": "2026-05-18T12:00:22.773902", "level": "DEBUG", "logger": "NameTag.Tracker", "message": "Variable set: BRAND_3_CHARACTER_NAME", "variables": {"BRAND_3_CHARACTER_NAME": "포포(Fofo)"}, "session_id": "4e82e803-c600-4de6-a332-73051f3645ac"}
{"timestamp": "2026-05-18T12:00:22.775029", "level": "DEBUG", "logger": "NameTag.Tracker", "message": "Variable set: BRAND_3_CHARACTER_CONCEPT", "variables": {"BRAND_3_CHARACTER_CONCEPT": "숲속의 조각을 수집하는 작은 다람쥐"}, "session_id": "4e82e803-c600-4de6-a332-73051f3645ac"}
{"timestamp": "2026-05-18T12:00:22.776177", "level": "DEBUG", "logger": "NameTag.Tracker", "message": "Variable set: BRAND_3_CHARACTER_PERSONALITY", "variables": {"BRAND_3_CHARACTER_PERSONALITY": "꼼꼼한, 세련된, 자연을 사랑하는"}, "session_id": "4e82e803-c600-4de6-a332-73051f3645ac"}
{"timestamp": "2026-05-18T12:00:22.777305", "level": "DEBUG", "logger": "NameTag.Tracker", "message": "Variable set: BRAND_3_CHARACTER_VISUAL", "variables": {"BRAND_3_CHARACTER_VISUAL": "꼬리가 나뭇잎 모양이며, 도토리 대신 예쁜 소품을 소중하게 들고 있는 모던한 일러스트 스타일의 다람쥐입니다."}, "session_id": "4e82e803-c600-4de6-a332-73051f3645ac"}
{"timestamp": "2026-05-18T12:00:22.778679", "level": "DEBUG", "logger": "NameTag.Tracker", "message": "Variable set: BRAND_3_LOGO_DESIGN_BRAND_NAME", "variables": {"BRAND_3_LOGO_DESIGN_BRAND_NAME": "오브제숲"}, "session_id": "4e82e803-c600-4de6-a332-73051f3645ac"}
{"timestamp": "2026-05-18T12:00:22.780108", "level": "DEBUG", "logger": "NameTag.Tracker", "message": "Variable set: BRAND_3_LOGO_DESIGN_BRAND_TOPIC", "variables": {"BRAND_3_LOGO_DESIGN_BRAND_TOPIC": "인테리어 소품샵"}, "session_id": "4e82e803-c600-4de6-a332-73051f3645ac"}
{"timestamp": "2026-05-18T12:00:22.781310", "level": "DEBUG", "logger": "NameTag.Tracker", "message": "Variable set: BRAND_3_LOGO_DESIGN_CORE_VALUE", "variables": {"BRAND_3_LOGO_DESIGN_CORE_VALUE": "자연주의, 트렌디"}, "session_id": "4e82e803-c600-4de6-a332-73051f3645ac"}
{"timestamp": "2026-05-18T12:00:22.782494", "level": "DEBUG", "logger": "NameTag.Tracker", "message": "Variable set: BRAND_3_LOGO_DESIGN_TARGET_MOOD", "variables": {"BRAND_3_LOGO_DESIGN_TARGET_MOOD": "내추럴하고 세련된 분위기"}, "session_id": "4e82e803-c600-4de6-a332-73051f3645ac"}
{"timestamp": "2026-05-18T12:00:22.783641", "level": "DEBUG", "logger": "NameTag.Tracker", "message": "Variable set: BRAND_3_LOGO_DESIGN_SYMBOL_TYPE", "variables": {"BRAND_3_LOGO_DESIGN_SYMBOL_TYPE": "기하학적 나뭇잎 모티브"}, "session_id": "4e82e803-c600-4de6-a332-73051f3645ac"}
{"timestamp": "2026-05-18T12:00:22.784762", "level": "DEBUG", "logger": "NameTag.Tracker", "message": "Variable set: BRAND_3_LOGO_DESIGN_FONT_STYLE", "variables": {"BRAND_3_LOGO_DESIGN_FONT_STYLE": "세련된 산세리프체"}, "session_id": "4e82e803-c600-4de6-a332-73051f3645ac"}
{"timestamp": "2026-05-18T12:00:22.786086", "level": "DEBUG", "logger": "NameTag.Tracker", "message": "Variable set: BRAND_3_LOGO_DESIGN_FONT_REFERENCE", "variables": {"BRAND_3_LOGO_DESIGN_FONT_REFERENCE": "애플고딕 스타일의 깔끔함"}, "session_id": "4e82e803-c600-4de6-a332-73051f3645ac"}
{"timestamp": "2026-05-18T12:00:22.787304", "level": "DEBUG", "logger": "NameTag.Tracker", "message": "Variable set: BRAND_3_LOGO_DESIGN_FONT_WEIGHT", "variables": {"BRAND_3_LOGO_DESIGN_FONT_WEIGHT": "Bold"}, "session_id": "4e82e803-c600-4de6-a332-73051f3645ac"}
{"timestamp": "2026-05-18T12:00:22.788609", "level": "DEBUG", "logger": "NameTag.Tracker", "message": "Variable set: BRAND_3_LOGO_DESIGN_BRAND_COLOR", "variables": {"BRAND_3_LOGO_DESIGN_BRAND_COLOR": "딥 포레스트 그린, 소프트 샌드"}, "session_id": "4e82e803-c600-4de6-a332-73051f3645ac"}
{"timestamp": "2026-05-18T12:00:22.789806", "level": "DEBUG", "logger": "NameTag.Tracker", "message": "Variable set: BRAND_3_LOGO_DESIGN_LOGO_TYPE", "variables": {"BRAND_3_LOGO_DESIGN_LOGO_TYPE": "심볼 상단형 로고"}, "session_id": "4e82e803-c600-4de6-a332-73051f3645ac"}
{"timestamp": "2026-05-18T12:00:22.790906", "level": "DEBUG", "logger": "NameTag.Tracker", "message": "Variable set: BRAND_3_LOGO_DESIGN_BACKGROUND", "variables": {"BRAND_3_LOGO_DESIGN_BACKGROUND": "퓨어 화이트"}, "session_id": "4e82e803-c600-4de6-a332-73051f3645ac"}
{"timestamp": "2026-05-18T12:00:22.791078", "level": "INFO", "logger": "NameTag.BrandGenerator", "message": "================================================================================"}
{"timestamp": "2026-05-18T12:00:22.791262", "level": "INFO", "logger": "NameTag.BrandGenerator", "message": "✅ PARSED RESULT (파싱된 결과)"}
{"timestamp": "2026-05-18T12:00:22.791468", "level": "INFO", "logger": "NameTag.BrandGenerator", "message": "================================================================================"}
{"timestamp": "2026-05-18T12:00:22.791680", "level": "INFO", "logger": "NameTag.BrandGenerator", "message": "\n📝 BRAND 1: 온기담(ONGIDAM)"}
{"timestamp": "2026-05-18T12:00:22.791884", "level": "INFO", "logger": "NameTag.BrandGenerator", "message": "  Meaning: 따뜻한 기운(온기)을 정성스럽게 담아낸다는 뜻으로, 일상에 온기를 더하는 소품을 큐레이션합니다."}
{"timestamp": "2026-05-18T12:00:22.792081", "level": "INFO", "logger": "NameTag.BrandGenerator", "message": "  Story: 바쁜 업무를 마치고 돌아온 당신의 방이 차갑지 않기를 바랍니다. 손길이 닿는 곳마다 은은한 온기를 남기는 소품들을 통해 당신의 지친 하루를 다정하게 안아주고 싶습니다."}
{"timestamp": "2026-05-18T12:00:22.792297", "level": "INFO", "logger": "NameTag.BrandGenerator", "message": "  Slogan: 당신의 빈 공간에 온기를 채우는 시간"}
{"timestamp": "2026-05-18T12:00:22.792496", "level": "INFO", "logger": "NameTag.BrandGenerator", "message": "  🔤 Typography:"}
{"timestamp": "2026-05-18T12:00:22.792824", "level": "INFO", "logger": "NameTag.BrandGenerator", "message": "     Korean: 나눔명조"}
{"timestamp": "2026-05-18T12:00:22.793034", "level": "INFO", "logger": "NameTag.BrandGenerator", "message": "     English: Playfair Display"}
{"timestamp": "2026-05-18T12:00:22.793254", "level": "INFO", "logger": "NameTag.BrandGenerator", "message": "     Reason: 명조 계열의 우아함이 브랜드의 따뜻하고 차분한 무드를 전달하며, 클래식한 영문 폰트가 세련된 이미지를 강조합니다."}
{"timestamp": "2026-05-18T12:00:22.793470", "level": "INFO", "logger": "NameTag.BrandGenerator", "message": "  🎭 Character:"}
{"timestamp": "2026-05-18T12:00:22.793673", "level": "INFO", "logger": "NameTag.BrandGenerator", "message": "     Name: 다미"}
{"timestamp": "2026-05-18T12:00:22.793873", "level": "INFO", "logger": "NameTag.BrandGenerator", "message": "     Concept: 따뜻한 차가 담긴 찻잔을 닮은 요정"}
{"timestamp": "2026-05-18T12:00:22.794056", "level": "INFO", "logger": "NameTag.BrandGenerator", "message": "     Personality: 다정한, 침착한, 사색을 즐기는"}
{"timestamp": "2026-05-18T12:00:22.794229", "level": "INFO", "logger": "NameTag.BrandGenerator", "message": "     Visual: 둥근 머리 위에 작은 김이 모락모락 피어오르며, 포근한 베이지색 가디건을 입고 있는 동글동글한 실루엣입니다."}
{"timestamp": "2026-05-18T12:00:22.794406", "level": "INFO", "logger": "NameTag.BrandGenerator", "message": "  🎨 Logo Design:"}
{"timestamp": "2026-05-18T12:00:22.794583", "level": "INFO", "logger": "NameTag.BrandGenerator", "message": "     brand_name: 온기담"}
{"timestamp": "2026-05-18T12:00:22.794772", "level": "INFO", "logger": "NameTag.BrandGenerator", "message": "     brand_topic: 감성 소품 셀렉샵"}
{"timestamp": "2026-05-18T12:00:22.794944", "level": "INFO", "logger": "NameTag.BrandGenerator", "message": "     core_value: 따뜻함, 안식"}
{"timestamp": "2026-05-18T12:00:22.795118", "level": "INFO", "logger": "NameTag.BrandGenerator", "message": "     target_mood: 포근하고 정갈한 분위기"}
{"timestamp": "2026-05-18T12:00:22.795328", "level": "INFO", "logger": "NameTag.BrandGenerator", "message": "     symbol_type: 미니멀한 찻잔과 김 모락 심볼"}
{"timestamp": "2026-05-18T12:00:22.795504", "level": "INFO", "logger": "NameTag.BrandGenerator", "message": "     font_style: 부드러운 세리프체"}
{"timestamp": "2026-05-18T12:00:22.795702", "level": "INFO", "logger": "NameTag.BrandGenerator", "message": "     font_reference: 바탕체 스타일의 명조"}
{"timestamp": "2026-05-18T12:00:22.795878", "level": "INFO", "logger": "NameTag.BrandGenerator", "message": "     font_weight: Medium"}
{"timestamp": "2026-05-18T12:00:22.796068", "level": "INFO", "logger": "NameTag.BrandGenerator", "message": "     brand_color: 웜 베이지, 테라코타 브라운"}
{"timestamp": "2026-05-18T12:00:22.796248", "level": "INFO", "logger": "NameTag.BrandGenerator", "message": "     logo_type: 심볼 결합형 로고"}
{"timestamp": "2026-05-18T12:00:22.796405", "level": "INFO", "logger": "NameTag.BrandGenerator", "message": "     background: 아이보리"}
{"timestamp": "2026-05-18T12:00:22.796586", "level": "INFO", "logger": "NameTag.BrandGenerator", "message": "\n📝 BRAND 2: 소소히(SOSOHI)"}
{"timestamp": "2026-05-18T12:00:22.796784", "level": "INFO", "logger": "NameTag.BrandGenerator", "message": "  Meaning: 소소한 즐거움을 천천히(Slowly) 발견하는 공간이라는 의미를 담고 있습니다."}
{"timestamp": "2026-05-18T12:00:22.796966", "level": "INFO", "logger": "NameTag.BrandGenerator", "message": "  Story: 특별한 날이 아니어도 괜찮아요. 책상 위 작은 오브제 하나가 주는 미소가 우리 삶을 더 풍요롭게 만드니까요. 발견하는 즐거움이 있는 당신만의 비밀 정원을 꿈꿉니다."}
{"timestamp": "2026-05-18T12:00:22.797177", "level": "INFO", "logger": "NameTag.BrandGenerator", "message": "  Slogan: 일상의 작은 틈에서 발견하는 커다란 행복"}
{"timestamp": "2026-05-18T12:00:22.797378", "level": "INFO", "logger": "NameTag.BrandGenerator", "message": "  🔤 Typography:"}
{"timestamp": "2026-05-18T12:00:22.797567", "level": "INFO", "logger": "NameTag.BrandGenerator", "message": "     Korean: 고도마음체"}
{"timestamp": "2026-05-18T12:00:22.797783", "level": "INFO", "logger": "NameTag.BrandGenerator", "message": "     English: DM Sans"}
{"timestamp": "2026-05-18T12:00:22.797967", "level": "INFO", "logger": "NameTag.BrandGenerator", "message": "     Reason: 손글씨 느낌의 한글 폰트로 휴머니즘과 유머를 담았으며, 깔끔한 산세리프 영문 폰트로 트렌디함을 더했습니다."}
{"timestamp": "2026-05-18T12:00:22.798172", "level": "INFO", "logger": "NameTag.BrandGenerator", "message": "  🎭 Character:"}
{"timestamp": "2026-05-18T12:00:22.798346", "level": "INFO", "logger": "NameTag.BrandGenerator", "message": "     Name: 히히(Hihi)"}
{"timestamp": "2026-05-18T12:00:22.798532", "level": "INFO", "logger": "NameTag.BrandGenerator", "message": "     Concept: 발견의 기쁨을 아는 호기심 많은 새싹"}
{"timestamp": "2026-05-18T12:00:22.798741", "level": "INFO", "logger": "NameTag.BrandGenerator", "message": "     Personality: 발랄한, 긍정적인, 위트 있는"}
{"timestamp": "2026-05-18T12:00:22.798950", "level": "INFO", "logger": "NameTag.BrandGenerator", "message": "     Visual: 머리 위에 돋보기를 달고 있으며, 초록색 잎사귀 망토를 두른 채 소품들 사이를 탐험하는 장난스러운 표정의 캐릭터입니다."}
{"timestamp": "2026-05-18T12:00:22.799176", "level": "INFO", "logger": "NameTag.BrandGenerator", "message": "  🎨 Logo Design:"}
{"timestamp": "2026-05-18T12:00:22.799398", "level": "INFO", "logger": "NameTag.BrandGenerator", "message": "     brand_name: 소소히"}
{"timestamp": "2026-05-18T12:00:22.799612", "level": "INFO", "logger": "NameTag.BrandGenerator", "message": "     brand_topic: 라이프스타일 편집샵"}
{"timestamp": "2026-05-18T12:00:22.799828", "level": "INFO", "logger": "NameTag.BrandGenerator", "message": "     core_value: 발견, 일상의 즐거움"}
{"timestamp": "2026-05-18T12:00:22.800041", "level": "INFO", "logger": "NameTag.BrandGenerator", "message": "     target_mood: 경쾌하고 자연친화적인 감성"}
{"timestamp": "2026-05-18T12:00:22.800253", "level": "INFO", "logger": "NameTag.BrandGenerator", "message": "     symbol_type: 돋보기와 나뭇잎 결합형 심볼"}
{"timestamp": "2026-05-18T12:00:22.800468", "level": "INFO", "logger": "NameTag.BrandGenerator", "message": "     font_style: 자유로운 핸드라이팅 스타일"}
{"timestamp": "2026-05-18T12:00:22.800699", "level": "INFO", "logger": "NameTag.BrandGenerator", "message": "     font_reference: 마루부리 혹은 손글씨체"}
{"timestamp": "2026-05-18T12:00:22.800891", "level": "INFO", "logger": "NameTag.BrandGenerator", "message": "     font_weight: Regular"}
{"timestamp": "2026-05-18T12:00:22.801073", "level": "INFO", "logger": "NameTag.BrandGenerator", "message": "     brand_color: 세이지 그린, 머스타드 옐로우"}
{"timestamp": "2026-05-18T12:00:22.801297", "level": "INFO", "logger": "NameTag.BrandGenerator", "message": "     logo_type: 워드마크 강조형"}
{"timestamp": "2026-05-18T12:00:22.801492", "level": "INFO", "logger": "NameTag.BrandGenerator", "message": "     background: 라이트 그레이"}
{"timestamp": "2026-05-18T12:00:22.801664", "level": "INFO", "logger": "NameTag.BrandGenerator", "message": "\n📝 BRAND 3: 오브제숲(Objet Foret)"}
{"timestamp": "2026-05-18T12:00:22.801855", "level": "INFO", "logger": "NameTag.BrandGenerator", "message": "  Meaning: 공간을 채우는 사물(Objet)들이 모여 편안한 숲(Foret)을 이룬다는 프랑스어 합성어입니다."}
{"timestamp": "2026-05-18T12:00:22.802060", "level": "INFO", "logger": "NameTag.BrandGenerator", "message": "  Story: 도심 속 오피스에서 벗어나 나만의 숲으로 퇴근하세요. 자연의 결을 닮은 소품들이 당신의 방을 가장 편안한 휴식처로 바꾸어 줄 것입니다."}
{"timestamp": "2026-05-18T12:00:22.802265", "level": "INFO", "logger": "NameTag.BrandGenerator", "message": "  Slogan: 나의 방에 들여놓은 작은 숲"}
{"timestamp": "2026-05-18T12:00:22.802476", "level": "INFO", "logger": "NameTag.BrandGenerator", "message": "  🔤 Typography:"}
{"timestamp": "2026-05-18T12:00:22.802705", "level": "INFO", "logger": "NameTag.BrandGenerator", "message": "     Korean: 프리텐다드"}
{"timestamp": "2026-05-18T12:00:22.802907", "level": "INFO", "logger": "NameTag.BrandGenerator", "message": "     English: Montserrat"}
{"timestamp": "2026-05-18T12:00:22.803128", "level": "INFO", "logger": "NameTag.BrandGenerator", "message": "     Reason: 가독성이 높고 모던한 폰트를 사용하여 30대 여성들이 선호하는 깔끔하고 감각적인 브랜드 이미지를 구축합니다."}
{"timestamp": "2026-05-18T12:00:22.803298", "level": "INFO", "logger": "NameTag.BrandGenerator", "message": "  🎭 Character:"}
{"timestamp": "2026-05-18T12:00:22.803474", "level": "INFO", "logger": "NameTag.BrandGenerator", "message": "     Name: 포포(Fofo)"}
{"timestamp": "2026-05-18T12:00:22.803668", "level": "INFO", "logger": "NameTag.BrandGenerator", "message": "     Concept: 숲속의 조각을 수집하는 작은 다람쥐"}
{"timestamp": "2026-05-18T12:00:22.803849", "level": "INFO", "logger": "NameTag.BrandGenerator", "message": "     Personality: 꼼꼼한, 세련된, 자연을 사랑하는"}
{"timestamp": "2026-05-18T12:00:22.804018", "level": "INFO", "logger": "NameTag.BrandGenerator", "message": "     Visual: 꼬리가 나뭇잎 모양이며, 도토리 대신 예쁜 소품을 소중하게 들고 있는 모던한 일러스트 스타일의 다람쥐입니다."}
{"timestamp": "2026-05-18T12:00:22.804197", "level": "INFO", "logger": "NameTag.BrandGenerator", "message": "  🎨 Logo Design:"}
{"timestamp": "2026-05-18T12:00:22.804692", "level": "INFO", "logger": "NameTag.BrandGenerator", "message": "     brand_name: 오브제숲"}
{"timestamp": "2026-05-18T12:00:22.804876", "level": "INFO", "logger": "NameTag.BrandGenerator", "message": "     brand_topic: 인테리어 소품샵"}
{"timestamp": "2026-05-18T12:00:22.805071", "level": "INFO", "logger": "NameTag.BrandGenerator", "message": "     core_value: 자연주의, 트렌디"}
{"timestamp": "2026-05-18T12:00:22.805258", "level": "INFO", "logger": "NameTag.BrandGenerator", "message": "     target_mood: 내추럴하고 세련된 분위기"}
{"timestamp": "2026-05-18T12:00:22.805448", "level": "INFO", "logger": "NameTag.BrandGenerator", "message": "     symbol_type: 기하학적 나뭇잎 모티브"}
{"timestamp": "2026-05-18T12:00:22.805659", "level": "INFO", "logger": "NameTag.BrandGenerator", "message": "     font_style: 세련된 산세리프체"}
{"timestamp": "2026-05-18T12:00:22.805815", "level": "INFO", "logger": "NameTag.BrandGenerator", "message": "     font_reference: 애플고딕 스타일의 깔끔함"}
{"timestamp": "2026-05-18T12:00:22.806016", "level": "INFO", "logger": "NameTag.BrandGenerator", "message": "     font_weight: Bold"}
{"timestamp": "2026-05-18T12:00:22.806228", "level": "INFO", "logger": "NameTag.BrandGenerator", "message": "     brand_color: 딥 포레스트 그린, 소프트 샌드"}
{"timestamp": "2026-05-18T12:00:22.806417", "level": "INFO", "logger": "NameTag.BrandGenerator", "message": "     logo_type: 심볼 상단형 로고"}
{"timestamp": "2026-05-18T12:00:22.806604", "level": "INFO", "logger": "NameTag.BrandGenerator", "message": "     background: 퓨어 화이트"}
{"timestamp": "2026-05-18T12:00:22.806817", "level": "INFO", "logger": "NameTag.BrandGenerator", "message": "================================================================================"}
{"timestamp": "2026-05-18T12:00:22.807013", "level": "INFO", "logger": "NameTag.BrandGenerator", "message": "✅ Brand identity generated successfully"}
{"timestamp": "2026-05-18T13:52:02.242829", "level": "INFO", "logger": "NameTag.Backend", "message": "👋 FastAPI backend shutting down..."}
